track_id,track_name,album_id,album_name,artist_id,artist_name,duration_ms,popularity,acousticness,danceability,energy,instrumentalness,key,liveness,loudness,mode,speechiness,tempo,valence,scale,non_naturales_notes
3776fce6-3ac4-4ada-bdb5-4b91f30e6e63,Stay,f3692696-b759-4c4a-816a-7ef375aef76a,Obscured by Clouds,47087583-bca6-47d9-9c40-bc2f9dd28cb7,Pink Floyd,247746,39,0.823,0.439,0.265,0.000833,7.0,0.103,-12.889,1.0,0.0308,114.651,0.247,G Mayor,1.0
8f6fa760-48a4-4316-98aa-d4e20de2962c,The Gold It's in the...,f3692696-b759-4c4a-816a-7ef375aef76a,Obscured by Clouds,47087583-bca6-47d9-9c40-bc2f9dd28cb7,Pink Floyd,187826,39,3.77e-05,0.506,0.506,0.000695,11.0,0.105,-11.746,0.0,0.0414,117.47,0.388,B Menor,2.0
88e3387d-cab6-4ee1-a155-4d509faada5f,When You're In,f3692696-b759-4c4a-816a-7ef375aef76a,Obscured by Clouds,47087583-bca6-47d9-9c40-bc2f9dd28cb7,Pink Floyd,151213,38,0.0261,0.537,0.632,0.893,2.0,0.135,-12.507,1.0,0.0649,164.095,0.189,D Mayor,2.0
71d20f03-7894-408f-8a5d-6b1e5bc2129c,Obscured by Clouds,f3692696-b759-4c4a-816a-7ef375aef76a,Obscured by Clouds,47087583-bca6-47d9-9c40-bc2f9dd28cb7,Pink Floyd,184040,43,0.0129,0.303,0.341,0.682,2.0,0.106,-14.551,1.0,0.0271,164.369,0.038,D Mayor,2.0
ac0590ce-ac38-4e7e-8ae2-0b02a561a042,Childhood's End,f3692696-b759-4c4a-816a-7ef375aef76a,Obscured by Clouds,47087583-bca6-47d9-9c40-bc2f9dd28cb7,Pink Floyd,273386,47,0.242,0.673,0.386,0.000165,9.0,0.0872,-13.486,1.0,0.0411,125.08,0.194,A Mayor,3.0
779d258a-acaa-4217-a347-0923d9329a18,Free Four,f3692696-b759-4c4a-816a-7ef375aef76a,Obscured by Clouds,47087583-bca6-47d9-9c40-bc2f9dd28cb7,Pink Floyd,256786,40,0.0105,0.695,0.388,0.00213,7.0,0.0583,-12.85,1.0,0.0326,124.412,0.639,G Mayor,1.0
267702ca-e239-4e94-ad45-b598ff925c51,Mudmen,f3692696-b759-4c4a-816a-7ef375aef76a,Obscured by Clouds,47087583-bca6-47d9-9c40-bc2f9dd28cb7,Pink Floyd,257906,38,0.502,0.396,0.25,0.554,8.0,0.124,-12.947,1.0,0.0285,108.347,0.115,Ab Mayor,4.0
78feb710-35da-449e-a937-4462c24d1d29,Absolutely Curtains,f3692696-b759-4c4a-816a-7ef375aef76a,Obscured by Clouds,47087583-bca6-47d9-9c40-bc2f9dd28cb7,Pink Floyd,350467,34,0.095,0.126,0.23,0.612,7.0,0.0939,-19.231,0.0,0.0382,85.271,0.0371,G Menor,2.0
44a040af-be06-4733-82c9-bb1d23b2af7d,Wot's...Uh the Deal,f3692696-b759-4c4a-816a-7ef375aef76a,Obscured by Clouds,47087583-bca6-47d9-9c40-bc2f9dd28cb7,Pink Floyd,309106,48,0.204,0.479,0.324,0.0,7.0,0.0675,-16.001,1.0,0.0255,86.75,0.57,G Mayor,1.0
dd0a7452-a12a-48bd-b062-8c80ffd978a8,Burning Bridges,f3692696-b759-4c4a-816a-7ef375aef76a,Obscured by Clouds,47087583-bca6-47d9-9c40-bc2f9dd28cb7,Pink Floyd,210333,40,0.226,0.429,0.224,0.000359,8.0,0.116,-14.926,1.0,0.029,118.458,0.139,Ab Mayor,4.0
a69a9541-b44c-42fa-9047-f46761c67649,The Show Must Go On,9b46a3a8-3088-40e3-adae-bd4145f4eaf2,The Wall,47087583-bca6-47d9-9c40-bc2f9dd28cb7,Pink Floyd,96560,52,0.435,0.571,0.198,0.125,7.0,0.262,-16.919,1.0,0.0294,129.024,0.326,G Mayor,1.0
25085d8e-5cf7-47b4-adf7-86299a0d596c,Run Like Hell,9b46a3a8-3088-40e3-adae-bd4145f4eaf2,The Wall,47087583-bca6-47d9-9c40-bc2f9dd28cb7,Pink Floyd,263573,57,0.0233,0.717,0.499,0.445,9.0,0.86,-15.449,1.0,0.0354,116.974,0.419,A Mayor,3.0
95448e5c-9da0-4aea-9778-142e77a398f2,Goodbye Blue Sky,9b46a3a8-3088-40e3-adae-bd4145f4eaf2,The Wall,47087583-bca6-47d9-9c40-bc2f9dd28cb7,Pink Floyd,167239,61,0.879,0.638,0.0811,0.00313,7.0,0.314,-22.646,1.0,0.0335,109.154,0.0503,G Mayor,1.0
d3388fbd-07a4-491a-af90-7ed8b0261798,Goodbye Cruel World,9b46a3a8-3088-40e3-adae-bd4145f4eaf2,The Wall,47087583-bca6-47d9-9c40-bc2f9dd28cb7,Pink Floyd,73429,51,0.783,0.472,0.0118,0.799,2.0,0.247,-31.734,1.0,0.0397,102.949,0.0698,D Mayor,2.0
f443155a-0534-4223-8929-d7c2c9247e98,Mother,9b46a3a8-3088-40e3-adae-bd4145f4eaf2,The Wall,47087583-bca6-47d9-9c40-bc2f9dd28cb7,Pink Floyd,334893,61,0.243,0.578,0.15,0.00707,7.0,0.0825,-17.335,1.0,0.0334,135.22,0.12,G Mayor,1.0
76d7f981-b580-465f-844e-3e90054dd081,Outside the Wall,9b46a3a8-3088-40e3-adae-bd4145f4eaf2,The Wall,47087583-bca6-47d9-9c40-bc2f9dd28cb7,Pink Floyd,104113,48,0.674,0.186,0.0775,0.506,0.0,0.0939,-35.898,1.0,0.0534,133.137,0.455,C Mayor,0.0
92a2af96-cdf6-4850-933d-abbf087b06e5,The Trial,9b46a3a8-3088-40e3-adae-bd4145f4eaf2,The Wall,47087583-bca6-47d9-9c40-bc2f9dd28cb7,Pink Floyd,318846,50,0.696,0.414,0.37,0.000129,4.0,0.211,-15.748,0.0,0.0573,76.846,0.33,E Menor,1.0
a00911cb-1044-4695-b7ce-06861edf450f,Stop,9b46a3a8-3088-40e3-adae-bd4145f4eaf2,The Wall,47087583-bca6-47d9-9c40-bc2f9dd28cb7,Pink Floyd,30622,48,0.917,0.555,0.0193,0.00136,9.0,0.0658,-29.867,0.0,0.0432,76.113,0.31,A Menor,0.0
b151f415-0806-430f-b983-5e32cbfc8abf,In the Flesh?,9b46a3a8-3088-40e3-adae-bd4145f4eaf2,The Wall,47087583-bca6-47d9-9c40-bc2f9dd28cb7,Pink Floyd,198221,56,0.416,0.316,0.49,0.367,9.0,0.0537,-14.578,1.0,0.0391,152.1,0.267,A Mayor,3.0
37bc10e9-e21e-4fd4-bd49-1498839ecd7a,Waiting for the Worms,9b46a3a8-3088-40e3-adae-bd4145f4eaf2,The Wall,47087583-bca6-47d9-9c40-bc2f9dd28cb7,Pink Floyd,237097,51,0.582,0.568,0.413,0.00541,7.0,0.535,-13.594,1.0,0.0339,75.866,0.634,G Mayor,1.0
062fbf85-d09d-45f4-9b63-aaee75027bdc,Nobody Home,9b46a3a8-3088-40e3-adae-bd4145f4eaf2,The Wall,47087583-bca6-47d9-9c40-bc2f9dd28cb7,Pink Floyd,203360,53,0.713,0.251,0.148,0.432,0.0,0.106,-21.056,1.0,0.0432,206.542,0.0569,C Mayor,0.0
32f12aff-e757-46e2-a31d-747026a9075c,The Happiest Days of Our Lives,9b46a3a8-3088-40e3-adae-bd4145f4eaf2,The Wall,47087583-bca6-47d9-9c40-bc2f9dd28cb7,Pink Floyd,110826,57,0.551,0.74,0.231,0.747,9.0,0.249,-18.91,0.0,0.0415,103.994,0.546,A Menor,0.0
a070f4e3-ccf4-4368-b691-f303743cf3e7,Don't Leave Me Now,9b46a3a8-3088-40e3-adae-bd4145f4eaf2,The Wall,47087583-bca6-47d9-9c40-bc2f9dd28cb7,Pink Floyd,255934,52,0.0847,0.324,0.11,0.777,9.0,0.621,-19.78,0.0,0.0351,123.534,0.0393,A Menor,0.0
4eb5b97a-7a12-44d5-85b0-d30a09c07c29,Young Lust,9b46a3a8-3088-40e3-adae-bd4145f4eaf2,The Wall,47087583-bca6-47d9-9c40-bc2f9dd28cb7,Pink Floyd,209956,63,0.0546,0.615,0.55,0.19,11.0,0.747,-13.858,0.0,0.0349,95.488,0.549,B Menor,2.0
ac646692-59fe-45fd-b4da-a99adee6776b,"Another Brick in the Wall, Pt. 2",9b46a3a8-3088-40e3-adae-bd4145f4eaf2,The Wall,47087583-bca6-47d9-9c40-bc2f9dd28cb7,Pink Floyd,238746,78,0.0782,0.693,0.394,0.000694,0.0,0.247,-15.882,1.0,0.0428,104.114,0.721,C Mayor,0.0
31a7fd15-eda8-4983-903c-da6b397a3246,Bring the Boys Back Home,9b46a3a8-3088-40e3-adae-bd4145f4eaf2,The Wall,47087583-bca6-47d9-9c40-bc2f9dd28cb7,Pink Floyd,87207,50,0.575,0.33,0.283,0.0947,0.0,0.235,-15.971,1.0,0.061,157.963,0.287,C Mayor,0.0
d12a8099-692c-414a-a32d-4f7287f2d2f9,"Another Brick in the Wall, Pt. 3",9b46a3a8-3088-40e3-adae-bd4145f4eaf2,The Wall,47087583-bca6-47d9-9c40-bc2f9dd28cb7,Pink Floyd,74411,55,0.0554,0.653,0.472,7.69e-05,2.0,0.397,-14.797,1.0,0.0353,102.558,0.448,D Mayor,2.0
76091950-a3c8-4dc6-acc8-e427b1cf1a0d,Is There Anybody Out There?,9b46a3a8-3088-40e3-adae-bd4145f4eaf2,The Wall,47087583-bca6-47d9-9c40-bc2f9dd28cb7,Pink Floyd,161595,54,0.72,0.307,0.0742,0.315,9.0,0.11,-27.159,0.0,0.0359,118.682,0.0394,A Menor,0.0
1dfcbd59-f6a4-4cd9-a1cd-5ecef259f646,Comfortably Numb,9b46a3a8-3088-40e3-adae-bd4145f4eaf2,The Wall,47087583-bca6-47d9-9c40-bc2f9dd28cb7,Pink Floyd,382296,76,0.15,0.472,0.366,0.312,11.0,0.0837,-12.595,0.0,0.0286,127.163,0.171,B Menor,2.0
92d194ef-e4cf-4d07-b5f8-b874d6e2f7b4,In the Flesh,9b46a3a8-3088-40e3-adae-bd4145f4eaf2,The Wall,47087583-bca6-47d9-9c40-bc2f9dd28cb7,Pink Floyd,255546,52,0.371,0.292,0.454,0.509,9.0,0.719,-14.89,1.0,0.0316,150.916,0.105,A Mayor,3.0
cf87bf50-e5ec-4478-8d22-00eec782aa76,Empty Spaces,9b46a3a8-3088-40e3-adae-bd4145f4eaf2,The Wall,47087583-bca6-47d9-9c40-bc2f9dd28cb7,Pink Floyd,127830,53,0.187,0.501,0.338,0.868,11.0,0.514,-19.12,1.0,0.0395,95.942,0.106,B Mayor,5.0
6decdafd-0f7d-408b-98c8-be1c8267e1ac,The Thin Ice,9b46a3a8-3088-40e3-adae-bd4145f4eaf2,The Wall,47087583-bca6-47d9-9c40-bc2f9dd28cb7,Pink Floyd,146321,55,0.359,0.406,0.128,0.0019,9.0,0.656,-16.983,0.0,0.0349,110.272,0.191,A Menor,0.0
c2853575-2162-424c-a5ce-a2073a69c183,One of My Turns,9b46a3a8-3088-40e3-adae-bd4145f4eaf2,The Wall,47087583-bca6-47d9-9c40-bc2f9dd28cb7,Pink Floyd,216800,53,0.305,0.315,0.218,0.0012,0.0,0.226,-15.215,1.0,0.0728,175.868,0.156,C Mayor,0.0
868fdbce-581b-4a5a-820c-0e1ea9b84233,Hey You,9b46a3a8-3088-40e3-adae-bd4145f4eaf2,The Wall,47087583-bca6-47d9-9c40-bc2f9dd28cb7,Pink Floyd,278440,67,0.223,0.587,0.302,0.00216,0.0,0.128,-14.976,1.0,0.0293,112.46,0.19,C Mayor,0.0
9c8d9c67-c48b-4e34-9f31-b97050529c22,Vera,9b46a3a8-3088-40e3-adae-bd4145f4eaf2,The Wall,47087583-bca6-47d9-9c40-bc2f9dd28cb7,Pink Floyd,93356,51,0.678,0.179,0.162,0.022,4.0,0.119,-22.191,0.0,0.162,34.821,0.0869,E Menor,1.0
f5cbad9f-e825-4f21-a595-237915fff4fb,"Another Brick in the Wall, Pt. 1",9b46a3a8-3088-40e3-adae-bd4145f4eaf2,The Wall,47087583-bca6-47d9-9c40-bc2f9dd28cb7,Pink Floyd,192145,63,0.937,0.613,0.0457,0.642,0.0,0.0991,-26.398,1.0,0.0337,99.524,0.093,C Mayor,0.0
ba32c195-4a5d-44db-b12d-ff644a86d6e4,Chapter 24,93ef07c2-721a-4f5a-bbd6-1d8e917193c1,The Piper at the Gates of Dawn,47087583-bca6-47d9-9c40-bc2f9dd28cb7,Pink Floyd,222426,34,0.704,0.231,0.376,0.000572,2.0,0.0606,-10.898,1.0,0.0335,128.746,0.344,D Mayor,2.0
3e7fc485-0e8c-4cff-8ef3-f0c556ed27eb,Lucifer Sam,93ef07c2-721a-4f5a-bbd6-1d8e917193c1,The Piper at the Gates of Dawn,47087583-bca6-47d9-9c40-bc2f9dd28cb7,Pink Floyd,187400,43,0.504,0.349,0.743,0.000157,7.0,0.255,-11.551,1.0,0.0384,140.774,0.549,G Mayor,1.0
6d9d9b0a-7b66-4f4c-a74f-51739603d9a5,Pow R. Toc H.,93ef07c2-721a-4f5a-bbd6-1d8e917193c1,The Piper at the Gates of Dawn,47087583-bca6-47d9-9c40-bc2f9dd28cb7,Pink Floyd,266306,36,0.634,0.402,0.404,0.87,2.0,0.375,-14.283,0.0,0.0418,121.465,0.557,D Menor,1.0
19163ae7-5bf9-43ac-a545-a0163b833032,The Scarecrow,93ef07c2-721a-4f5a-bbd6-1d8e917193c1,The Piper at the Gates of Dawn,47087583-bca6-47d9-9c40-bc2f9dd28cb7,Pink Floyd,131266,34,0.385,0.558,0.339,0.784,2.0,0.0261,-13.581,1.0,0.0623,155.156,0.921,D Mayor,2.0
6b318330-6ccb-44db-bdba-f1de37c22c56,The Gnome,93ef07c2-721a-4f5a-bbd6-1d8e917193c1,The Piper at the Gates of Dawn,47087583-bca6-47d9-9c40-bc2f9dd28cb7,Pink Floyd,133910,37,0.655,0.533,0.353,0.0,2.0,0.0975,-12.261,1.0,0.03,115.978,0.372,D Mayor,2.0
f91896e1-2ea7-4c8a-93aa-0ac6f7e28791,Interstellar Overdrive,93ef07c2-721a-4f5a-bbd6-1d8e917193c1,The Piper at the Gates of Dawn,47087583-bca6-47d9-9c40-bc2f9dd28cb7,Pink Floyd,580715,43,0.767,0.23,0.704,0.869,9.0,0.112,-10.975,1.0,0.0566,94.227,0.308,A Mayor,3.0
55b6b8d1-921b-4c6f-aed9-902efe97885a,Astronomy Domine,93ef07c2-721a-4f5a-bbd6-1d8e917193c1,The Piper at the Gates of Dawn,47087583-bca6-47d9-9c40-bc2f9dd28cb7,Pink Floyd,251278,44,0.376,0.348,0.633,0.473,2.0,0.346,-11.527,1.0,0.048,124.096,0.0805,D Mayor,2.0
6a93c985-2d68-49bc-a688-356680a3e963,Bike,93ef07c2-721a-4f5a-bbd6-1d8e917193c1,The Piper at the Gates of Dawn,47087583-bca6-47d9-9c40-bc2f9dd28cb7,Pink Floyd,201024,38,0.834,0.418,0.785,1.08e-05,7.0,0.764,-10.587,1.0,0.185,114.518,0.233,G Mayor,1.0
5d2013ce-2b18-4e65-b17f-7d199c309806,Flaming,93ef07c2-721a-4f5a-bbd6-1d8e917193c1,The Piper at the Gates of Dawn,47087583-bca6-47d9-9c40-bc2f9dd28cb7,Pink Floyd,166040,37,0.318,0.403,0.533,4.36e-05,9.0,0.123,-10.347,1.0,0.0339,130.544,0.334,A Mayor,3.0
a059fd71-1e85-4ff6-836b-5c124a42dc59,Take Up Thy Stethoscope and Walk,93ef07c2-721a-4f5a-bbd6-1d8e917193c1,The Piper at the Gates of Dawn,47087583-bca6-47d9-9c40-bc2f9dd28cb7,Pink Floyd,186053,36,0.0442,0.331,0.775,0.0607,9.0,0.0699,-10.71,1.0,0.117,151.201,0.661,A Mayor,3.0
08aece6f-acc7-41cf-bb77-b4e4f16cd89d,Matilda Mother,93ef07c2-721a-4f5a-bbd6-1d8e917193c1,The Piper at the Gates of Dawn,47087583-bca6-47d9-9c40-bc2f9dd28cb7,Pink Floyd,188493,40,0.541,0.251,0.408,0.000377,4.0,0.162,-10.62,1.0,0.0349,119.582,0.292,E Mayor,4.0
c565b6e5-cd78-4599-b28a-62e70dec62b6,Pigs (Three Different Ones),442e70c7-487a-4cfc-912e-f108d9a9337c,Animals,47087583-bca6-47d9-9c40-bc2f9dd28cb7,Pink Floyd,685880,57,0.103,0.419,0.575,0.459,4.0,0.895,-12.22,0.0,0.0897,129.267,0.354,E Menor,1.0
79c04234-5f2b-4a0c-9af0-610f86809cec,Pigs on the Wing 1,442e70c7-487a-4cfc-912e-f108d9a9337c,Animals,47087583-bca6-47d9-9c40-bc2f9dd28cb7,Pink Floyd,84280,56,0.3,0.664,0.171,0.001,7.0,0.264,-20.731,1.0,0.0452,128.631,0.378,G Mayor,1.0
74235b1a-d13e-46e1-95a3-7d5355854ce8,Pigs on the Wing 2,442e70c7-487a-4cfc-912e-f108d9a9337c,Animals,47087583-bca6-47d9-9c40-bc2f9dd28cb7,Pink Floyd,86696,48,0.256,0.596,0.17,4.39e-05,7.0,0.0772,-19.58,1.0,0.043,128.585,0.486,G Mayor,1.0
f73f4c2f-d6ed-4508-890b-8b68f0f2c089,Dogs,442e70c7-487a-4cfc-912e-f108d9a9337c,Animals,47087583-bca6-47d9-9c40-bc2f9dd28cb7,Pink Floyd,1025280,58,0.076,0.321,0.479,0.00475,2.0,0.151,-11.395,0.0,0.05,109.289,0.14,D Menor,1.0
0651eee5-b383-4e00-a651-ff186501aa4d,Sheep,442e70c7-487a-4cfc-912e-f108d9a9337c,Animals,47087583-bca6-47d9-9c40-bc2f9dd28cb7,Pink Floyd,619079,55,0.0652,0.28,0.716,0.52,9.0,0.512,-12.095,0.0,0.0983,135.378,0.0618,A Menor,0.0
a4e44d4a-c830-481f-ad56-56f2a83c90dd,Time - Live,6716b20d-35d8-4c89-9d73-50bab20ddf2c,Delicate Sound Of Thunder,47087583-bca6-47d9-9c40-bc2f9dd28cb7,Pink Floyd,316506,37,0.0477,0.368,0.759,0.0119,9.0,0.872,-14.947,1.0,0.0963,129.326,0.351,A Mayor,3.0
8e7fb28d-9576-4ecf-8a52-399578d892ea,On the Turning Away - Live,6716b20d-35d8-4c89-9d73-50bab20ddf2c,Delicate Sound Of Thunder,47087583-bca6-47d9-9c40-bc2f9dd28cb7,Pink Floyd,477266,38,0.00743,0.303,0.403,0.0154,7.0,0.965,-15.363,1.0,0.0345,101.489,0.119,G Mayor,1.0
b960ae9c-7c17-4094-b87c-cde895c4952e,Run Like Hell - Live,6716b20d-35d8-4c89-9d73-50bab20ddf2c,Delicate Sound Of Thunder,47087583-bca6-47d9-9c40-bc2f9dd28cb7,Pink Floyd,432360,33,0.0331,0.517,0.757,0.42,9.0,0.977,-14.878,1.0,0.048,122.457,0.283,A Mayor,3.0
24e064bb-0cc7-45c8-af88-e66429bb7dc2,One of These Days - Live,6716b20d-35d8-4c89-9d73-50bab20ddf2c,Delicate Sound Of Thunder,47087583-bca6-47d9-9c40-bc2f9dd28cb7,Pink Floyd,376693,38,0.00883,0.303,0.78,0.745,4.0,0.594,-15.47,1.0,0.211,128.914,0.114,E Mayor,4.0
68ffece4-6dd1-4bf0-992d-052518357e8b,Comfortably Numb - Live,6716b20d-35d8-4c89-9d73-50bab20ddf2c,Delicate Sound Of Thunder,47087583-bca6-47d9-9c40-bc2f9dd28cb7,Pink Floyd,536506,39,0.00186,0.251,0.605,0.00616,11.0,0.99,-12.804,0.0,0.0366,62.959,0.332,B Menor,2.0
e3dc4bd7-f3ca-429b-b148-67bc67596663,Us and Them - Live,6716b20d-35d8-4c89-9d73-50bab20ddf2c,Delicate Sound Of Thunder,47087583-bca6-47d9-9c40-bc2f9dd28cb7,Pink Floyd,442040,34,0.115,0.41,0.232,0.00693,2.0,0.794,-15.33,1.0,0.029,75.49,0.152,D Mayor,2.0
b3fd15d7-f6db-40a7-a0c1-d304c801d080,The Dogs of War - Live,6716b20d-35d8-4c89-9d73-50bab20ddf2c,Delicate Sound Of Thunder,47087583-bca6-47d9-9c40-bc2f9dd28cb7,Pink Floyd,439400,34,0.157,0.274,0.555,0.0062,0.0,0.953,-13.48,1.0,0.106,86.046,0.106,C Mayor,0.0
15b297ca-0d9e-492c-9235-df7d7fac1d56,Learning to Fly - Live,6716b20d-35d8-4c89-9d73-50bab20ddf2c,Delicate Sound Of Thunder,47087583-bca6-47d9-9c40-bc2f9dd28cb7,Pink Floyd,327026,39,0.0485,0.473,0.673,0.00104,0.0,0.988,-14.156,1.0,0.0411,84.913,0.474,C Mayor,0.0
3dc44af3-0cdf-40be-98c4-9da47024a342,Yet Another Movie - Live,6716b20d-35d8-4c89-9d73-50bab20ddf2c,Delicate Sound Of Thunder,47087583-bca6-47d9-9c40-bc2f9dd28cb7,Pink Floyd,381173,38,0.0125,0.166,0.469,0.00533,7.0,0.476,-16.164,1.0,0.037,94.175,0.272,G Mayor,1.0
21dd3bf1-11b1-46e0-9f3d-840ad9fda753,Round and Around - Live,6716b20d-35d8-4c89-9d73-50bab20ddf2c,Delicate Sound Of Thunder,47087583-bca6-47d9-9c40-bc2f9dd28cb7,Pink Floyd,33600,36,0.0782,0.385,0.399,0.871,11.0,0.606,-22.848,0.0,0.0504,159.693,0.203,B Menor,2.0
bb55de98-15b8-431b-b378-629950a430be,Wish You Were Here - Live,6716b20d-35d8-4c89-9d73-50bab20ddf2c,Delicate Sound Of Thunder,47087583-bca6-47d9-9c40-bc2f9dd28cb7,Pink Floyd,289093,39,0.58,0.454,0.264,1.39e-05,7.0,0.801,-16.479,1.0,0.0316,132.551,0.181,G Mayor,1.0
5ca0d78f-25a7-47f2-81fc-aca6f9ca79f2,"Another Brick in the Wall, Pt. 2 - Live",6716b20d-35d8-4c89-9d73-50bab20ddf2c,Delicate Sound Of Thunder,47087583-bca6-47d9-9c40-bc2f9dd28cb7,Pink Floyd,329000,32,0.0497,0.461,0.724,0.0363,0.0,0.81,-14.108,1.0,0.0551,105.827,0.648,C Mayor,0.0
752050dd-1094-49ae-aa0d-433865dccd09,Money - Live,6716b20d-35d8-4c89-9d73-50bab20ddf2c,Delicate Sound Of Thunder,47087583-bca6-47d9-9c40-bc2f9dd28cb7,Pink Floyd,592160,33,0.283,0.368,0.58,0.163,11.0,0.716,-13.852,0.0,0.0615,135.129,0.513,B Menor,2.0
b4050367-b5e2-4cba-8fb1-c5540038c808,Sorrow - Live,6716b20d-35d8-4c89-9d73-50bab20ddf2c,Delicate Sound Of Thunder,47087583-bca6-47d9-9c40-bc2f9dd28cb7,Pink Floyd,568626,38,0.0108,0.249,0.622,0.193,9.0,0.18,-13.69,1.0,0.0476,94.916,0.104,A Mayor,3.0
a841f8a6-004c-49c7-af90-265d733f9a1a,Shine On You Crazy Diamond - Live,6716b20d-35d8-4c89-9d73-50bab20ddf2c,Delicate Sound Of Thunder,47087583-bca6-47d9-9c40-bc2f9dd28cb7,Pink Floyd,714133,38,0.237,0.274,0.41,0.00137,7.0,0.97,-15.906,0.0,0.0441,144.682,0.0694,G Menor,2.0
bb9f15f3-d94b-4ad7-9e84-66e4a38cf88f,"Side 2, Pt. 2: Skins",ce584d8d-59bc-4647-a083-43ba5fd0762d,The Endless River,47087583-bca6-47d9-9c40-bc2f9dd28cb7,Pink Floyd,157013,35,0.0345,0.31,0.68,0.875,9.0,0.525,-16.726,1.0,0.0506,124.798,0.274,A Mayor,3.0
eb5b63b7-6b7e-4997-a7ce-92284e03bb56,"Side 1, Pt. 1: Things Left Unsaid",ce584d8d-59bc-4647-a083-43ba5fd0762d,The Endless River,47087583-bca6-47d9-9c40-bc2f9dd28cb7,Pink Floyd,266733,38,0.957,0.241,0.118,0.891,3.0,0.19,-23.409,1.0,0.0365,65.898,0.0325,Eb Mayor,3.0
9c91159f-5086-4cf3-a8e6-6ce9f3f09daa,"Side 3, Pt. 3: Night Light",ce584d8d-59bc-4647-a083-43ba5fd0762d,The Endless River,47087583-bca6-47d9-9c40-bc2f9dd28cb7,Pink Floyd,102200,34,0.99,0.225,0.0982,0.699,0.0,0.123,-24.995,0.0,0.0379,130.933,0.0599,C Menor,3.0
ea4158b7-755f-4c08-8183-1f044e48597c,"Side 4, Pt. 4: Louder Than Words",ce584d8d-59bc-4647-a083-43ba5fd0762d,The Endless River,47087583-bca6-47d9-9c40-bc2f9dd28cb7,Pink Floyd,396853,40,0.605,0.509,0.319,5.22e-05,9.0,0.349,-13.488,1.0,0.0297,112.98,0.0958,A Mayor,3.0
dc4870ce-ee7f-4328-b542-c8a37d03e10b,"Side 4, Pt. 1: Calling",ce584d8d-59bc-4647-a083-43ba5fd0762d,The Endless River,47087583-bca6-47d9-9c40-bc2f9dd28cb7,Pink Floyd,217933,33,0.564,0.17,0.2,0.942,0.0,0.132,-21.894,1.0,0.0358,114.21,0.0394,C Mayor,0.0
8a67c151-28c4-4719-8c14-7248fc67f364,TBS9,ce584d8d-59bc-4647-a083-43ba5fd0762d,The Endless River,47087583-bca6-47d9-9c40-bc2f9dd28cb7,Pink Floyd,147946,32,0.27,0.223,0.13,0.0289,0.0,0.053,-20.86,1.0,0.0346,131.061,0.063,C Mayor,0.0
e9df8386-4793-43c0-9f74-c3d557f1d69d,Nervana,ce584d8d-59bc-4647-a083-43ba5fd0762d,The Endless River,47087583-bca6-47d9-9c40-bc2f9dd28cb7,Pink Floyd,330733,33,0.00138,0.267,0.642,0.928,2.0,0.123,-12.806,1.0,0.0372,208.093,0.472,D Mayor,2.0
c5d74222-d00f-4e22-bb31-281c57d62f2f,"Side 4, Pt. 2: Eyes To Pearls",ce584d8d-59bc-4647-a083-43ba5fd0762d,The Endless River,47087583-bca6-47d9-9c40-bc2f9dd28cb7,Pink Floyd,111173,33,0.786,0.391,0.189,0.876,11.0,0.123,-20.601,0.0,0.0321,126.357,0.0727,B Menor,2.0
f9004f11-c700-43bf-beac-f26df736662c,"Side 1, Pt. 3: Ebb And Flow",ce584d8d-59bc-4647-a083-43ba5fd0762d,The Endless River,47087583-bca6-47d9-9c40-bc2f9dd28cb7,Pink Floyd,114560,37,0.992,0.156,0.0357,0.887,0.0,0.256,-26.315,1.0,0.0363,72.024,0.049,C Mayor,0.0
2c79d4eb-f129-4ad7-a069-600665e16cfb,"Side 2, Pt. 4: Anisina",ce584d8d-59bc-4647-a083-43ba5fd0762d,The Endless River,47087583-bca6-47d9-9c40-bc2f9dd28cb7,Pink Floyd,196800,36,0.55,0.381,0.404,0.638,0.0,0.127,-11.612,1.0,0.0278,143.901,0.312,C Mayor,0.0
19499f23-4b6a-4429-bd95-63ac45472059,"Side 3, Pt. 1: The Lost Art of Conversation",ce584d8d-59bc-4647-a083-43ba5fd0762d,The Endless River,47087583-bca6-47d9-9c40-bc2f9dd28cb7,Pink Floyd,102946,35,0.404,0.162,0.0419,0.392,1.0,0.185,-23.998,0.0,0.0347,87.436,0.0702,C# Menor,4.0
5b28d471-4b73-44ba-b14c-f2792c489928,"Side 3, Pt. 4: Allons-y (1)",ce584d8d-59bc-4647-a083-43ba5fd0762d,The Endless River,47087583-bca6-47d9-9c40-bc2f9dd28cb7,Pink Floyd,117280,36,0.17,0.529,0.56,0.761,4.0,0.359,-13.781,0.0,0.0343,113.142,0.312,E Menor,1.0
3d69dfb9-90c0-40b0-9603-d1d1f8295597,"Side 2, Pt. 1: Sum",ce584d8d-59bc-4647-a083-43ba5fd0762d,The Endless River,47087583-bca6-47d9-9c40-bc2f9dd28cb7,Pink Floyd,288360,36,0.0357,0.511,0.493,0.857,4.0,0.671,-16.054,0.0,0.0518,112.044,0.0952,E Menor,1.0
7d649d43-c225-4750-a32f-cb0739384376,"Side 4, Pt. 3: Surfacing",ce584d8d-59bc-4647-a083-43ba5fd0762d,The Endless River,47087583-bca6-47d9-9c40-bc2f9dd28cb7,Pink Floyd,166253,36,0.238,0.306,0.442,0.547,0.0,0.576,-14.63,1.0,0.0294,66.986,0.0751,C Mayor,0.0
7ee74a9e-ea16-4a72-90b5-a53bbffd7e12,"Side 3, Pt. 7: Talkin' Hawkin'",ce584d8d-59bc-4647-a083-43ba5fd0762d,The Endless River,47087583-bca6-47d9-9c40-bc2f9dd28cb7,Pink Floyd,209120,35,0.293,0.173,0.389,0.698,9.0,0.112,-14.244,1.0,0.0331,83.45,0.0656,A Mayor,3.0
df696abc-89f2-459c-80d1-655816c7d41c,"Side 3, Pt. 6: Allons-y (2)",ce584d8d-59bc-4647-a083-43ba5fd0762d,The Endless River,47087583-bca6-47d9-9c40-bc2f9dd28cb7,Pink Floyd,92413,34,0.136,0.39,0.538,0.932,9.0,0.109,-13.341,1.0,0.0384,113.045,0.0905,A Mayor,3.0
caef8221-fbb7-4c87-b5b3-eda5e107e146,"Side 3, Pt. 5: Autumn '68",ce584d8d-59bc-4647-a083-43ba5fd0762d,The Endless River,47087583-bca6-47d9-9c40-bc2f9dd28cb7,Pink Floyd,95213,22,0.451,0.163,0.192,0.901,4.0,0.114,-19.224,0.0,0.0398,87.859,0.0372,E Menor,1.0
43e19813-3fab-4755-8280-0a7774e6634a,"Side 1, Pt. 2: It's What We Do",ce584d8d-59bc-4647-a083-43ba5fd0762d,The Endless River,47087583-bca6-47d9-9c40-bc2f9dd28cb7,Pink Floyd,377306,39,0.516,0.294,0.334,0.756,4.0,0.627,-14.984,0.0,0.0312,144.525,0.0457,E Menor,1.0
a9e673e5-dbf1-41d7-8b71-82c7dd105746,"Side 2, Pt. 3: Unsung",ce584d8d-59bc-4647-a083-43ba5fd0762d,The Endless River,47087583-bca6-47d9-9c40-bc2f9dd28cb7,Pink Floyd,67120,35,0.978,0.507,0.131,0.908,0.0,0.116,-18.799,1.0,0.0468,129.844,0.0511,C Mayor,0.0
db4e4b91-38ba-44a2-8176-34e522f47839,"Side 3, Pt. 2: On Noodle Street",ce584d8d-59bc-4647-a083-43ba5fd0762d,The Endless River,47087583-bca6-47d9-9c40-bc2f9dd28cb7,Pink Floyd,102013,35,0.875,0.567,0.122,0.611,1.0,0.107,-21.507,0.0,0.0297,105.497,0.4,C# Menor,4.0
c7ca3051-b067-40ca-a9a1-628f892fbbff,TBS14,ce584d8d-59bc-4647-a083-43ba5fd0762d,The Endless River,47087583-bca6-47d9-9c40-bc2f9dd28cb7,Pink Floyd,251053,33,0.376,0.412,0.402,0.718,4.0,0.14,-13.82,0.0,0.0382,129.07,0.445,E Menor,1.0
10dca44d-c9ed-44a0-87a7-91587d9b2eab,Sorrow,90f96cb2-dee3-461e-919e-9d9ba1caef86,A Momentary Lapse of Reason,47087583-bca6-47d9-9c40-bc2f9dd28cb7,Pink Floyd,524753,49,0.174,0.464,0.65,0.377,9.0,0.0728,-12.541,1.0,0.0366,96.313,0.15,A Mayor,3.0
3574738b-3bf0-4eb0-a8d9-b180bdbcfd2b,"A New Machine, Pt. 2",90f96cb2-dee3-461e-919e-9d9ba1caef86,A Momentary Lapse of Reason,47087583-bca6-47d9-9c40-bc2f9dd28cb7,Pink Floyd,39008,37,0.641,0.289,0.0676,1.57e-05,1.0,0.101,-19.996,1.0,0.0436,55.4,0.0728,Db Mayor,5.0
e8b489d8-e24a-4249-b308-849e041e7c3f,One Slip,90f96cb2-dee3-461e-919e-9d9ba1caef86,A Momentary Lapse of Reason,47087583-bca6-47d9-9c40-bc2f9dd28cb7,Pink Floyd,308666,43,0.413,0.593,0.706,0.0129,3.0,0.0806,-12.811,1.0,0.0467,117.318,0.345,Eb Mayor,3.0
8640911e-d774-4f6f-a17c-f7c52f5b943c,Learning to Fly,90f96cb2-dee3-461e-919e-9d9ba1caef86,A Momentary Lapse of Reason,47087583-bca6-47d9-9c40-bc2f9dd28cb7,Pink Floyd,292080,63,0.252,0.442,0.56,0.0322,0.0,0.151,-13.681,1.0,0.0361,166.585,0.475,C Mayor,0.0
3e5cf871-2a8f-4afa-b895-04630ebf6d65,The Dogs of War,90f96cb2-dee3-461e-919e-9d9ba1caef86,A Momentary Lapse of Reason,47087583-bca6-47d9-9c40-bc2f9dd28cb7,Pink Floyd,363720,43,0.172,0.233,0.494,1.16e-05,5.0,0.866,-12.387,1.0,0.058,86.274,0.108,F Mayor,1.0
accf786b-e31f-44e9-be46-76b67c120530,Round and Around,90f96cb2-dee3-461e-919e-9d9ba1caef86,A Momentary Lapse of Reason,47087583-bca6-47d9-9c40-bc2f9dd28cb7,Pink Floyd,73305,37,0.666,0.429,0.215,0.778,9.0,0.0605,-18.415,1.0,0.0328,160.495,0.582,A Mayor,3.0
8b8c8751-a8ab-46ea-a0f6-2036502042f6,Terminal Frost,90f96cb2-dee3-461e-919e-9d9ba1caef86,A Momentary Lapse of Reason,47087583-bca6-47d9-9c40-bc2f9dd28cb7,Pink Floyd,375440,43,0.00769,0.353,0.413,0.392,5.0,0.13,-12.826,1.0,0.0275,172.771,0.0646,F Mayor,1.0
ad69fa59-2504-4ad9-8283-1a67074adae2,Signs of Life,90f96cb2-dee3-461e-919e-9d9ba1caef86,A Momentary Lapse of Reason,47087583-bca6-47d9-9c40-bc2f9dd28cb7,Pink Floyd,261858,41,0.109,0.249,0.297,0.222,11.0,0.0875,-20.57,1.0,0.0835,117.168,0.0551,B Mayor,5.0
7cfe485a-1325-4348-9b0d-4a4fd8a885dc,"A New Machine, Pt. 1",90f96cb2-dee3-461e-919e-9d9ba1caef86,A Momentary Lapse of Reason,47087583-bca6-47d9-9c40-bc2f9dd28cb7,Pink Floyd,105933,37,0.809,0.213,0.033,0.000233,10.0,0.107,-20.566,1.0,0.0406,94.45,0.112,Bb Mayor,2.0
f2ee2d00-04c6-4828-af47-fe4500b2d1c2,On the Turning Away,90f96cb2-dee3-461e-919e-9d9ba1caef86,A Momentary Lapse of Reason,47087583-bca6-47d9-9c40-bc2f9dd28cb7,Pink Floyd,341666,56,0.365,0.448,0.402,0.000746,7.0,0.076,-12.135,1.0,0.03,100.454,0.244,G Mayor,1.0
6a7f5ed6-8041-41f3-a20a-d2e99cdb1976,Yet Another Movie,90f96cb2-dee3-461e-919e-9d9ba1caef86,A Momentary Lapse of Reason,47087583-bca6-47d9-9c40-bc2f9dd28cb7,Pink Floyd,372907,40,0.0387,0.337,0.625,0.0122,7.0,0.142,-11.92,1.0,0.0482,94.081,0.19,G Mayor,1.0
dc5bd891-1641-46c2-9305-3f0ae4e26c5f,Us And Them - Ultra Rare Alternative Version,f8233f93-7ef8-4d6a-aa20-8275aa05b5e6,Alternative Tracks 1972,47087583-bca6-47d9-9c40-bc2f9dd28cb7,Pink Floyd,326706,0,0.829,0.25,0.219,0.831,2.0,0.137,-17.003,1.0,0.0323,146.671,0.0705,D Mayor,2.0
d6f4bbb3-633d-4c7e-a699-2c35e77ba917,Time / Breathe (In The Air) [Reprise] - Ultra Rare Alternative Version,f8233f93-7ef8-4d6a-aa20-8275aa05b5e6,Alternative Tracks 1972,47087583-bca6-47d9-9c40-bc2f9dd28cb7,Pink Floyd,363000,0,0.909,0.367,0.488,0.666,9.0,0.355,-15.203,1.0,0.0524,134.599,0.381,A Mayor,3.0
12ed4c91-8090-4c9f-bc93-75bd4cb5d4fa,Speak To Me / Breathe (In The Air) - Trance Remix Version,f8233f93-7ef8-4d6a-aa20-8275aa05b5e6,Alternative Tracks 1972,47087583-bca6-47d9-9c40-bc2f9dd28cb7,Pink Floyd,472053,0,0.000933,0.544,0.263,0.538,11.0,0.103,-23.187,0.0,0.0338,129.836,0.0759,B Menor,2.0
9c57aa12-1d67-4a67-b9e1-29ba873258ef,Any Colour You Like - Trance Remix Version,f8233f93-7ef8-4d6a-aa20-8275aa05b5e6,Alternative Tracks 1972,47087583-bca6-47d9-9c40-bc2f9dd28cb7,Pink Floyd,452466,0,0.000283,0.493,0.764,0.816,2.0,0.31,-16.195,1.0,0.0392,142.712,0.576,D Mayor,2.0
d0dd2447-b84a-4dac-9134-838d970825c6,On The Run - Demo Version,f8233f93-7ef8-4d6a-aa20-8275aa05b5e6,Alternative Tracks 1972,47087583-bca6-47d9-9c40-bc2f9dd28cb7,Pink Floyd,193253,0,0.861,0.256,0.138,0.477,10.0,0.119,-23.088,1.0,0.0647,173.165,0.0496,Bb Mayor,2.0
fb20822d-ce68-45f4-9608-18f0863fd544,Shine On You Crazy Diamond (Pts. 6-9),6dd4466c-898a-42fe-8481-797638ea0c5c,Wish You Were Here,47087583-bca6-47d9-9c40-bc2f9dd28cb7,Pink Floyd,747325,58,0.576,0.288,0.485,0.9,7.0,0.322,-13.162,0.0,0.0491,135.87,0.124,G Menor,2.0
3b21c2d5-4040-4466-87c8-911f2bc0e642,Have a Cigar,6dd4466c-898a-42fe-8481-797638ea0c5c,Wish You Were Here,47087583-bca6-47d9-9c40-bc2f9dd28cb7,Pink Floyd,307733,65,0.407,0.454,0.65,0.0488,4.0,0.589,-10.191,0.0,0.0437,120.155,0.72,E Menor,1.0
cc645efa-f3a5-4ab4-92d9-ce8ae6991ffe,Welcome to the Machine,6dd4466c-898a-42fe-8481-797638ea0c5c,Wish You Were Here,47087583-bca6-47d9-9c40-bc2f9dd28cb7,Pink Floyd,451680,61,0.524,0.381,0.358,0.169,0.0,0.0747,-12.423,1.0,0.0365,133.271,0.036,C Mayor,0.0
2822f2e8-d9d4-4975-8aa7-d5b62cdfaeb6,Wish You Were Here,6dd4466c-898a-42fe-8481-797638ea0c5c,Wish You Were Here,47087583-bca6-47d9-9c40-bc2f9dd28cb7,Pink Floyd,334743,75,0.735,0.481,0.262,0.0114,7.0,0.832,-15.73,1.0,0.0414,122.861,0.375,G Mayor,1.0
0c85ec85-2eb9-4887-940e-8c62ea45e618,Shine On You Crazy Diamond (Pts. 1-5),6dd4466c-898a-42fe-8481-797638ea0c5c,Wish You Were Here,47087583-bca6-47d9-9c40-bc2f9dd28cb7,Pink Floyd,811077,67,0.772,0.264,0.294,0.686,7.0,0.107,-11.941,0.0,0.028,137.937,0.0402,G Menor,2.0
eb1153b4-e98d-4a55-80d5-77c6618fef5e,"The Narrow Way, Pt. 2",22cf06df-f3eb-414e-abf4-f81f4678ef75,Ummagumma,47087583-bca6-47d9-9c40-bc2f9dd28cb7,Pink Floyd,173252,29,0.933,0.216,0.899,0.789,6.0,0.688,-10.005,1.0,0.152,100.643,0.219,F# Mayor,5.0
1dc5c9f3-a368-4e6d-8fb7-85e49dfb323a,"Sysyphus, Pt. 4",22cf06df-f3eb-414e-abf4-f81f4678ef75,Ummagumma,47087583-bca6-47d9-9c40-bc2f9dd28cb7,Pink Floyd,419906,27,0.72,0.0842,0.325,0.588,11.0,0.136,-13.906,1.0,0.0666,84.297,0.0583,B Mayor,5.0
7fd4b25a-8170-4e31-94b7-8d67d2bbd906,"The Narrow Way, Pt. 1",22cf06df-f3eb-414e-abf4-f81f4678ef75,Ummagumma,47087583-bca6-47d9-9c40-bc2f9dd28cb7,Pink Floyd,208587,30,0.648,0.386,0.335,0.796,7.0,0.813,-12.996,1.0,0.0344,168.898,0.125,G Mayor,1.0
7027c0d5-53d2-40cb-9c9c-3355ee6b9c36,"The Grand Vizier's Garden Party, Pt. 1 (Entrance)",22cf06df-f3eb-414e-abf4-f81f4678ef75,Ummagumma,47087583-bca6-47d9-9c40-bc2f9dd28cb7,Pink Floyd,59573,28,0.989,0.234,0.227,0.802,7.0,0.12,-16.286,1.0,0.0515,81.726,0.362,G Mayor,1.0
87bd1627-1d46-44b1-9ece-d153ef537bc7,Astronomy Domine - Live,22cf06df-f3eb-414e-abf4-f81f4678ef75,Ummagumma,47087583-bca6-47d9-9c40-bc2f9dd28cb7,Pink Floyd,511623,33,0.108,0.334,0.581,0.248,9.0,0.876,-12.448,1.0,0.0657,130.023,0.0605,A Mayor,3.0
653a1a5b-c463-4f2d-a481-78264f428236,A Saucerful of Secrets - Live,22cf06df-f3eb-414e-abf4-f81f4678ef75,Ummagumma,47087583-bca6-47d9-9c40-bc2f9dd28cb7,Pink Floyd,768594,34,0.575,0.252,0.809,0.838,11.0,0.698,-10.278,0.0,0.207,128.777,0.22,B Menor,2.0
66919727-d947-4ff4-93f5-b80fdf891bc8,Grantchester Meadows,22cf06df-f3eb-414e-abf4-f81f4678ef75,Ummagumma,47087583-bca6-47d9-9c40-bc2f9dd28cb7,Pink Floyd,447546,34,0.445,0.452,0.137,0.113,4.0,0.448,-25.597,1.0,0.37,118.295,0.448,E Mayor,4.0
a601c69a-893a-4cd7-8386-3a3883f8e26d,"The Grand Vizier's Garden Party, Pt. 3 (Exit)",22cf06df-f3eb-414e-abf4-f81f4678ef75,Ummagumma,47087583-bca6-47d9-9c40-bc2f9dd28cb7,Pink Floyd,39780,28,0.995,0.202,0.139,0.313,7.0,0.168,-22.088,1.0,0.0556,89.045,0.14,G Mayor,1.0
6b4ceb10-1a71-4f1b-9e8b-d1161c0c0973,"Sysyphus, Pt. 3",22cf06df-f3eb-414e-abf4-f81f4678ef75,Ummagumma,47087583-bca6-47d9-9c40-bc2f9dd28cb7,Pink Floyd,109693,27,0.56,0.294,0.84,0.695,2.0,0.264,-11.633,0.0,0.045,81.931,0.13,D Menor,1.0
c379393a-8162-4597-90dd-0c6667efb5a9,"Sysyphus, Pt. 1",22cf06df-f3eb-414e-abf4-f81f4678ef75,Ummagumma,47087583-bca6-47d9-9c40-bc2f9dd28cb7,Pink Floyd,67682,30,0.0144,0.179,0.281,0.928,10.0,0.337,-9.137,1.0,0.0386,83.931,0.292,Bb Mayor,2.0
df203ef4-3604-4817-b99c-ef730c6bc6b9,"Careful with That Axe, Eugene - Live",22cf06df-f3eb-414e-abf4-f81f4678ef75,Ummagumma,47087583-bca6-47d9-9c40-bc2f9dd28cb7,Pink Floyd,529347,35,0.0965,0.2,0.404,0.729,9.0,0.681,-13.68,0.0,0.0283,81.9,0.124,A Menor,0.0
0962f5f4-5de2-4c89-83e9-647abbcd9947,Set the Controls for the Heart of the Sun - Live,22cf06df-f3eb-414e-abf4-f81f4678ef75,Ummagumma,47087583-bca6-47d9-9c40-bc2f9dd28cb7,Pink Floyd,567148,32,0.838,0.215,0.467,0.919,9.0,0.095,-15.012,1.0,0.0643,78.992,0.241,A Mayor,3.0
73ad912e-4cca-45f6-8845-21300a6f808f,Several Species of Small Furry Animals Gathered Together in a Cave and Grooving with a Pict,22cf06df-f3eb-414e-abf4-f81f4678ef75,Ummagumma,47087583-bca6-47d9-9c40-bc2f9dd28cb7,Pink Floyd,298640,30,0.705,0.433,0.662,0.00921,7.0,0.425,-18.181,1.0,0.892,82.386,0.198,G Mayor,1.0
c095c41d-e21b-47c7-805e-5eb2d97db85e,"The Grand Vizier's Garden Party, Pt. 2 (Entertainment)",22cf06df-f3eb-414e-abf4-f81f4678ef75,Ummagumma,47087583-bca6-47d9-9c40-bc2f9dd28cb7,Pink Floyd,425946,25,0.631,0.363,0.235,0.49,2.0,0.161,-18.394,1.0,0.184,75.178,0.154,D Mayor,2.0
c51ace41-68da-4d7e-9e89-2fbcf10d2f6e,"The Narrow Way, Pt. 3",22cf06df-f3eb-414e-abf4-f81f4678ef75,Ummagumma,47087583-bca6-47d9-9c40-bc2f9dd28cb7,Pink Floyd,357706,30,0.0254,0.328,0.447,0.0277,9.0,0.103,-10.648,1.0,0.0305,129.747,0.0425,A Mayor,3.0
017bec6a-9403-44d6-a41e-8ecf1eed14fd,"Sysyphus, Pt. 2",22cf06df-f3eb-414e-abf4-f81f4678ef75,Ummagumma,47087583-bca6-47d9-9c40-bc2f9dd28cb7,Pink Floyd,210026,28,0.971,0.174,0.633,0.917,9.0,0.155,-14.165,0.0,0.0414,82.729,0.156,A Menor,0.0
7d00bc16-535f-470f-9763-dfa93c5fb682,Alan's Psychedelic Breakfast,ef7a498b-9ae3-4c82-844e-4f7028e5ad0c,Atom Heart Mother,47087583-bca6-47d9-9c40-bc2f9dd28cb7,Pink Floyd,778988,39,0.439,0.374,0.272,0.336,6.0,0.0495,-19.413,0.0,0.0586,143.139,0.178,F# Menor,3.0
7e71dd99-5505-49d7-8ead-cea0aae60e69,Atom Heart Mother,ef7a498b-9ae3-4c82-844e-4f7028e5ad0c,Atom Heart Mother,47087583-bca6-47d9-9c40-bc2f9dd28cb7,Pink Floyd,1421454,44,0.785,0.267,0.217,0.882,9.0,0.0807,-16.002,0.0,0.0332,137.526,0.0886,A Menor,0.0
f5788928-e2c2-483a-8dc9-bc679c8e3937,Summer '68,ef7a498b-9ae3-4c82-844e-4f7028e5ad0c,Atom Heart Mother,47087583-bca6-47d9-9c40-bc2f9dd28cb7,Pink Floyd,328960,44,0.417,0.23,0.429,0.49,2.0,0.0911,-10.624,1.0,0.0278,165.179,0.324,D Mayor,2.0
c534a233-5652-479d-8106-3321bc6ab3d7,Fat Old Sun,ef7a498b-9ae3-4c82-844e-4f7028e5ad0c,Atom Heart Mother,47087583-bca6-47d9-9c40-bc2f9dd28cb7,Pink Floyd,323733,46,0.352,0.365,0.204,0.424,0.0,0.823,-15.778,1.0,0.0314,72.689,0.201,C Mayor,0.0
3dd2b2c7-67c1-4aab-837b-fa937fdea7f3,If,ef7a498b-9ae3-4c82-844e-4f7028e5ad0c,Atom Heart Mother,47087583-bca6-47d9-9c40-bc2f9dd28cb7,Pink Floyd,270773,46,0.918,0.508,0.103,0.618,6.0,0.108,-21.981,0.0,0.0293,102.977,0.196,F# Menor,3.0
45f6fbe3-a300-4aa2-af87-584bb16dc8f0,"Side 3, Pt. 5: Autumn '68",4d549ff4-9ad1-46a2-8c54-430220812696,The Endless River,47087583-bca6-47d9-9c40-bc2f9dd28cb7,Pink Floyd,95146,33,0.44,0.0679,0.198,0.878,4.0,0.111,-19.206,0.0,0.0459,71.813,0.0355,E Menor,1.0
66404cbc-8a4d-4623-8281-d822320bf4da,Dogs - 1992 Digital Remaster,52fd6f90-7881-4cbd-8502-ebee3ddd6453,Animals,47087583-bca6-47d9-9c40-bc2f9dd28cb7,Pink Floyd,1028173,0,0.0797,0.33,0.466,0.01,2.0,0.173,-11.785,0.0,0.0532,126.255,0.15,D Menor,1.0
d7487598-60bb-4144-8d83-f20dd61b305f,Free Four - 1996 Digital Remaster,4531dbb8-289f-4420-8eb9-e85c3ebc0512,Obscured By Clouds,47087583-bca6-47d9-9c40-bc2f9dd28cb7,Pink Floyd,256800,0,0.0212,0.707,0.489,0.00295,7.0,0.0602,-9.666,1.0,0.0315,124.105,0.654,G Mayor,1.0
cdea3360-b577-4149-b47d-229a5b75affd,Speak To Me/Breathe (Breathe In The Air),69bf335b-b358-4c84-94b2-941798f5d6e9,The Dark Side Of The Moon,47087583-bca6-47d9-9c40-bc2f9dd28cb7,Pink Floyd,237800,0,0.0786,0.348,0.312,0.0241,11.0,0.553,-16.436,0.0,0.0418,128.41,0.0777,B Menor,2.0
e30f72bf-5bc4-49b6-9631-dc659a9fc82f,Signs Of Life,d12c50be-25d9-480b-a1f9-b2c801a40795,A Momentary Lapse Of Reason,47087583-bca6-47d9-9c40-bc2f9dd28cb7,Pink Floyd,264400,0,0.127,0.137,0.299,0.192,11.0,0.113,-21.443,1.0,0.085,70.351,0.0542,B Mayor,5.0
641310dd-64a9-4ac4-aa52-5203cc27665d,A New Machine (Part 2),d12c50be-25d9-480b-a1f9-b2c801a40795,A Momentary Lapse Of Reason,47087583-bca6-47d9-9c40-bc2f9dd28cb7,Pink Floyd,38706,0,0.62,0.317,0.0611,0.000177,10.0,0.134,-21.15,1.0,0.0434,101.915,0.0741,Bb Mayor,2.0
fc5a2935-e21b-4154-9aca-0db37f6a4bf9,Yet Another Movie/Round And Around,d12c50be-25d9-480b-a1f9-b2c801a40795,A Momentary Lapse Of Reason,47087583-bca6-47d9-9c40-bc2f9dd28cb7,Pink Floyd,448000,0,0.0626,0.215,0.518,0.0129,7.0,0.0742,-14.86,1.0,0.053,92.852,0.124,G Mayor,1.0
e2f8c640-d1e0-437d-93a9-b153fdb91857,Run Like Hell - 1994 - Remaster,ae96d333-984d-4427-975a-49f851b7c62f,The Wall,47087583-bca6-47d9-9c40-bc2f9dd28cb7,Pink Floyd,264706,0,0.00971,0.717,0.51,0.41,9.0,0.922,-13.584,1.0,0.0362,116.458,0.317,A Mayor,3.0
11d048a9-ead8-4566-bc7e-0aa8937a4a8d,Stop - 1994 Digital Remaster,ae96d333-984d-4427-975a-49f851b7c62f,The Wall,47087583-bca6-47d9-9c40-bc2f9dd28cb7,Pink Floyd,30466,0,0.912,0.457,0.0264,0.000667,0.0,0.0553,-27.902,1.0,0.0447,149.465,0.323,C Mayor,0.0
a0664386-0907-4d31-a180-0205e58c7038,Another Brick In The Wall (Part 1) - 1994 Digital Remaster,ae96d333-984d-4427-975a-49f851b7c62f,The Wall,47087583-bca6-47d9-9c40-bc2f9dd28cb7,Pink Floyd,189960,0,0.938,0.641,0.0695,0.368,0.0,0.0972,-24.245,1.0,0.0377,99.028,0.0393,C Mayor,0.0
dfc52f8e-f945-4e64-b079-45ca8a838cda,The Trial - 1994 Digital Remaster,ae96d333-984d-4427-975a-49f851b7c62f,The Wall,47087583-bca6-47d9-9c40-bc2f9dd28cb7,Pink Floyd,320160,0,0.696,0.422,0.374,0.000106,4.0,0.192,-16.105,0.0,0.056,76.496,0.372,E Menor,1.0
3340889d-53fb-4c5f-a676-307011e4222f,Goodbye Cruel World - 1994 Digital Remaster,ae96d333-984d-4427-975a-49f851b7c62f,The Wall,47087583-bca6-47d9-9c40-bc2f9dd28cb7,Pink Floyd,77133,0,0.771,0.49,0.0115,0.801,2.0,0.288,-31.924,1.0,0.039,102.482,0.0594,D Mayor,2.0
3506a10b-9e8c-4c93-8099-7bd4f39cce4b,Bring The Boys Back Home - 1994 Digital Remaster,ae96d333-984d-4427-975a-49f851b7c62f,The Wall,47087583-bca6-47d9-9c40-bc2f9dd28cb7,Pink Floyd,87066,0,0.514,0.281,0.286,0.159,0.0,0.352,-15.148,1.0,0.0711,157.762,0.261,C Mayor,0.0
3cac27e6-8a81-4a6d-8a4a-87304b29d2a4,Us And Them - Darkside,11693f98-41cd-4287-b8f7-72f50a219d8e,"Darkside, Tom Stoppard incorporating The Dark Side of The Moon by Pink Floyd",47087583-bca6-47d9-9c40-bc2f9dd28cb7,Pink Floyd,362356,0,0.771,0.361,0.403,0.00548,2.0,0.597,-12.498,1.0,0.0469,72.55,0.264,D Mayor,2.0
81e709e6-de2e-4983-9315-01c2bfef00c4,On The Run - Darkside,11693f98-41cd-4287-b8f7-72f50a219d8e,"Darkside, Tom Stoppard incorporating The Dark Side of The Moon by Pink Floyd",47087583-bca6-47d9-9c40-bc2f9dd28cb7,Pink Floyd,294316,0,0.648,0.532,0.65,0.0,2.0,0.481,-13.164,1.0,0.841,85.366,0.351,D Mayor,2.0
d63097c7-ced0-4442-9bda-b6e9fbaf0f8c,Eclipse - Darkside,11693f98-41cd-4287-b8f7-72f50a219d8e,"Darkside, Tom Stoppard incorporating The Dark Side of The Moon by Pink Floyd",47087583-bca6-47d9-9c40-bc2f9dd28cb7,Pink Floyd,155309,0,0.124,0.446,0.373,0.0172,10.0,0.138,-10.503,1.0,0.218,136.654,0.446,Bb Mayor,2.0
ae998518-e033-49b6-837e-1f66ca00ee20,Money - Darkside,11693f98-41cd-4287-b8f7-72f50a219d8e,"Darkside, Tom Stoppard incorporating The Dark Side of The Moon by Pink Floyd",47087583-bca6-47d9-9c40-bc2f9dd28cb7,Pink Floyd,677143,0,0.643,0.607,0.548,0.0,9.0,0.428,-11.705,1.0,0.862,123.558,0.517,A Mayor,3.0
85555766-d45b-4de4-8583-e96b9a4f252a,Speak To Me / Breathe (In The Air) - Darkside,11693f98-41cd-4287-b8f7-72f50a219d8e,"Darkside, Tom Stoppard incorporating The Dark Side of The Moon by Pink Floyd",47087583-bca6-47d9-9c40-bc2f9dd28cb7,Pink Floyd,296903,0,0.446,0.451,0.518,2.83e-05,11.0,0.163,-12.978,0.0,0.384,129.884,0.277,B Menor,2.0
6190a550-3afa-449e-9f0c-c0acb91d91fb,Time - Darkside,11693f98-41cd-4287-b8f7-72f50a219d8e,"Darkside, Tom Stoppard incorporating The Dark Side of The Moon by Pink Floyd",47087583-bca6-47d9-9c40-bc2f9dd28cb7,Pink Floyd,537689,0,0.571,0.529,0.492,3.64e-06,9.0,0.814,-12.53,1.0,0.621,121.006,0.392,A Mayor,3.0
f987b9ef-4691-4ac9-a567-b249dd24f567,Any Colour You Like - Darkside,11693f98-41cd-4287-b8f7-72f50a219d8e,"Darkside, Tom Stoppard incorporating The Dark Side of The Moon by Pink Floyd",47087583-bca6-47d9-9c40-bc2f9dd28cb7,Pink Floyd,205809,0,0.381,0.485,0.494,0.00168,0.0,0.443,-14.936,1.0,0.678,70.539,0.599,C Mayor,0.0
8ae0acb9-23cc-41c5-9225-3ad5e8141c85,The Great Gig In The Sky - Darkside,11693f98-41cd-4287-b8f7-72f50a219d8e,"Darkside, Tom Stoppard incorporating The Dark Side of The Moon by Pink Floyd",47087583-bca6-47d9-9c40-bc2f9dd28cb7,Pink Floyd,535609,0,0.67,0.58,0.534,2.44e-06,5.0,0.392,-12.531,1.0,0.893,59.69,0.27,F Mayor,1.0
a79715e9-007c-4a5f-ba6e-63fe87fd2f53,Brain Damage - Darkside,11693f98-41cd-4287-b8f7-72f50a219d8e,"Darkside, Tom Stoppard incorporating The Dark Side of The Moon by Pink Floyd",47087583-bca6-47d9-9c40-bc2f9dd28cb7,Pink Floyd,230543,0,0.102,0.361,0.395,0.0411,2.0,0.528,-10.104,1.0,0.0342,133.015,0.302,D Mayor,2.0
cce14933-34af-4fd5-a99b-930edda8b732,Embryo,822b996c-b600-4612-8a0d-96ed830254d5,Works,47087583-bca6-47d9-9c40-bc2f9dd28cb7,Pink Floyd,281666,0,0.659,0.172,0.127,0.856,11.0,0.112,-21.645,0.0,0.0374,55.979,0.265,B Menor,2.0
e0d6cb07-e0ed-4d22-ac00-b58236c5932d,Several Species Of Small Furry Animals Gathered Together In A Cave And Grooving With A Pict,822b996c-b600-4612-8a0d-96ed830254d5,Works,47087583-bca6-47d9-9c40-bc2f9dd28cb7,Pink Floyd,279640,0,0.706,0.373,0.562,0.00385,7.0,0.395,-22.085,1.0,0.926,173.082,0.191,G Mayor,1.0
9cdf773b-e6df-47c7-915b-04a97853b444,Fearless,822b996c-b600-4612-8a0d-96ed830254d5,Works,47087583-bca6-47d9-9c40-bc2f9dd28cb7,Pink Floyd,338066,0,0.298,0.397,0.343,0.00392,7.0,0.885,-13.6,1.0,0.0324,143.185,0.208,G Mayor,1.0
142d4fed-1247-4567-b4b3-70f50e062456,Arnold Layne,822b996c-b600-4612-8a0d-96ed830254d5,Works,47087583-bca6-47d9-9c40-bc2f9dd28cb7,Pink Floyd,173240,0,0.327,0.273,0.381,1.22e-06,9.0,0.126,-14.534,1.0,0.0318,133.928,0.303,A Mayor,3.0
dd893140-7fdc-48e8-9e1a-b93f10805960,One Of These Days,822b996c-b600-4612-8a0d-96ed830254d5,Works,47087583-bca6-47d9-9c40-bc2f9dd28cb7,Pink Floyd,360626,0,0.0114,0.379,0.623,0.848,4.0,0.388,-12.899,1.0,0.0562,138.273,0.427,E Mayor,4.0
5d2fa37c-93b1-4c9b-aa5e-5adb1df577cf,See Emily Play,822b996c-b600-4612-8a0d-96ed830254d5,Works,47087583-bca6-47d9-9c40-bc2f9dd28cb7,Pink Floyd,166533,0,0.308,0.359,0.407,7.56e-06,7.0,0.229,-14.718,1.0,0.0406,124.706,0.353,G Mayor,1.0
cca9d6d6-305c-4117-83e3-d7f7a2a91e75,willow,aac655c5-0413-4eee-b784-d4bdf386cb56,evermore,c7b330b5-a62e-420c-bf02-943ca6bb8746,Taylor Swift,214706,73,0.833,0.392,0.574,0.00179,7.0,0.145,-9.195,1.0,0.17,81.112,0.529,G Mayor,1.0
5bd9a305-bc24-4c70-ab32-ced853bb59aa,tolerate it,aac655c5-0413-4eee-b784-d4bdf386cb56,evermore,c7b330b5-a62e-420c-bf02-943ca6bb8746,Taylor Swift,245440,70,0.878,0.316,0.361,2.67e-05,9.0,0.0797,-10.381,1.0,0.0488,74.952,0.221,A Mayor,3.0
b67d9745-01ae-4962-8d8d-192f6e52b928,champagne problems,aac655c5-0413-4eee-b784-d4bdf386cb56,evermore,c7b330b5-a62e-420c-bf02-943ca6bb8746,Taylor Swift,244000,74,0.92,0.462,0.24,0.0,0.0,0.113,-12.077,1.0,0.0377,171.319,0.32,C Mayor,0.0
b4d91b9a-a9f3-48e2-b659-deca56f052a6,marjorie,aac655c5-0413-4eee-b784-d4bdf386cb56,evermore,c7b330b5-a62e-420c-bf02-943ca6bb8746,Taylor Swift,257773,64,0.876,0.535,0.561,0.000136,5.0,0.115,-11.609,1.0,0.0484,96.103,0.287,F Mayor,1.0
2689d16f-1416-4210-be8e-467489222542,ivy,aac655c5-0413-4eee-b784-d4bdf386cb56,evermore,c7b330b5-a62e-420c-bf02-943ca6bb8746,Taylor Swift,260440,64,0.855,0.515,0.545,1.97e-05,2.0,0.0921,-9.277,1.0,0.0353,88.856,0.535,D Mayor,2.0
c06f7663-8115-4c1c-b720-45439bab3d38,cowboy like me,aac655c5-0413-4eee-b784-d4bdf386cb56,evermore,c7b330b5-a62e-420c-bf02-943ca6bb8746,Taylor Swift,275040,64,0.768,0.604,0.517,0.000155,0.0,0.123,-9.014,1.0,0.0347,127.967,0.511,C Mayor,0.0
29925788-dcec-4075-ac84-7e1b68c521fe,long story short,aac655c5-0413-4eee-b784-d4bdf386cb56,evermore,c7b330b5-a62e-420c-bf02-943ca6bb8746,Taylor Swift,215920,60,0.66,0.546,0.73,0.179,0.0,0.0972,-7.704,1.0,0.0417,157.895,0.573,C Mayor,0.0
d5299f78-4c34-4b87-b95b-c4bf4b462183,closure,aac655c5-0413-4eee-b784-d4bdf386cb56,evermore,c7b330b5-a62e-420c-bf02-943ca6bb8746,Taylor Swift,180653,57,0.835,0.689,0.704,4.83e-06,9.0,0.134,-10.813,1.0,0.245,151.884,0.92,A Mayor,3.0
8a5e0e92-b378-4529-b85b-5bf7b46fe1be,coney island (feat. The National),aac655c5-0413-4eee-b784-d4bdf386cb56,evermore,c7b330b5-a62e-420c-bf02-943ca6bb8746,Taylor Swift,275320,59,0.819,0.537,0.537,0.000904,8.0,0.142,-11.266,1.0,0.0617,107.895,0.292,Ab Mayor,4.0
d09489ab-d23b-41a8-a2a8-37231db648ff,evermore (feat. Bon Iver),aac655c5-0413-4eee-b784-d4bdf386cb56,evermore,c7b330b5-a62e-420c-bf02-943ca6bb8746,Taylor Swift,304106,61,0.937,0.39,0.27,0.00227,1.0,0.111,-10.673,1.0,0.0308,125.177,0.32,Db Mayor,5.0
12fff101-3a3f-4a3c-a527-e17d72352e2e,"no body, no crime (feat. HAIM)",aac655c5-0413-4eee-b784-d4bdf386cb56,evermore,c7b330b5-a62e-420c-bf02-943ca6bb8746,Taylor Swift,215626,63,0.418,0.546,0.613,0.0,7.0,0.103,-7.589,0.0,0.0264,79.015,0.535,G Menor,2.0
b52cacfe-cd6f-4401-a5a3-cc50dde2412f,gold rush,aac655c5-0413-4eee-b784-d4bdf386cb56,evermore,c7b330b5-a62e-420c-bf02-943ca6bb8746,Taylor Swift,185320,65,0.83,0.512,0.462,0.166,9.0,0.121,-10.491,1.0,0.0408,112.05,0.353,A Mayor,3.0
45852259-e2f6-484d-9ca9-dfc170a7fb73,dorothea,aac655c5-0413-4eee-b784-d4bdf386cb56,evermore,c7b330b5-a62e-420c-bf02-943ca6bb8746,Taylor Swift,225880,60,0.696,0.605,0.488,0.0,4.0,0.129,-8.322,1.0,0.0264,119.966,0.354,E Mayor,4.0
6a64d3ee-9c63-4fbd-af00-f5c67b64d365,happiness,aac655c5-0413-4eee-b784-d4bdf386cb56,evermore,c7b330b5-a62e-420c-bf02-943ca6bb8746,Taylor Swift,315146,63,0.87,0.559,0.334,0.0,11.0,0.114,-10.733,1.0,0.0376,122.079,0.211,B Mayor,5.0
6d6cbdca-e4b0-4445-9c29-e9f7ce9f91eb,‘tis the damn season,aac655c5-0413-4eee-b784-d4bdf386cb56,evermore,c7b330b5-a62e-420c-bf02-943ca6bb8746,Taylor Swift,229840,64,0.735,0.575,0.434,6.59e-05,5.0,0.105,-8.193,1.0,0.0312,145.916,0.348,F Mayor,1.0
06ecf614-bab9-4cc9-93d9-5a6a2e2d4f9c,Better Than Revenge (Taylor's Version),cf9eef55-4d09-45e5-ae1c-89bf6e493a66,Speak Now (Taylor's Version),c7b330b5-a62e-420c-bf02-943ca6bb8746,Taylor Swift,220306,68,0.000795,0.505,0.893,0.0,11.0,0.178,-3.013,0.0,0.0771,145.913,0.659,B Menor,2.0
8cf27eb5-5dfc-445f-81b8-17694315d5aa,When Emma Falls in Love (Taylor’s Version) (From The Vault),cf9eef55-4d09-45e5-ae1c-89bf6e493a66,Speak Now (Taylor's Version),c7b330b5-a62e-420c-bf02-943ca6bb8746,Taylor Swift,252385,63,0.168,0.524,0.759,0.0,2.0,0.104,-4.714,1.0,0.0471,77.879,0.234,D Mayor,2.0
319fd2f9-7c57-45a7-8ac9-d8ad465320d8,Innocent (Taylor's Version),cf9eef55-4d09-45e5-ae1c-89bf6e493a66,Speak Now (Taylor's Version),c7b330b5-a62e-420c-bf02-943ca6bb8746,Taylor Swift,301221,60,0.0972,0.524,0.611,0.0,1.0,0.127,-5.298,0.0,0.0297,133.583,0.126,C# Menor,4.0
59001efa-456e-408e-abda-8a5be0f9b88a,Timeless (Taylor’s Version) (From The Vault),cf9eef55-4d09-45e5-ae1c-89bf6e493a66,Speak Now (Taylor's Version),c7b330b5-a62e-420c-bf02-943ca6bb8746,Taylor Swift,321396,65,0.332,0.629,0.578,0.0,3.0,0.0868,-5.806,1.0,0.0319,142.887,0.651,Eb Mayor,3.0
b7c98f96-cbf5-4861-9eec-33129844708f,Dear John (Taylor's Version),cf9eef55-4d09-45e5-ae1c-89bf6e493a66,Speak Now (Taylor's Version),c7b330b5-a62e-420c-bf02-943ca6bb8746,Taylor Swift,405906,66,0.0327,0.379,0.468,0.0,4.0,0.158,-5.07,1.0,0.0298,119.447,0.115,E Mayor,4.0
112f59d8-cae1-493f-853a-bfee311c28d4,Never Grow Up (Taylor's Version),cf9eef55-4d09-45e5-ae1c-89bf6e493a66,Speak Now (Taylor's Version),c7b330b5-a62e-420c-bf02-943ca6bb8746,Taylor Swift,292920,63,0.867,0.684,0.339,0.0,2.0,0.194,-7.259,1.0,0.029,125.054,0.572,D Mayor,2.0
10cde4aa-f4fa-4489-8204-5acf0e3e5a3e,Mean (Taylor's Version),cf9eef55-4d09-45e5-ae1c-89bf6e493a66,Speak Now (Taylor's Version),c7b330b5-a62e-420c-bf02-943ca6bb8746,Taylor Swift,238693,65,0.321,0.526,0.7,0.0,4.0,0.213,-3.95,1.0,0.0392,163.949,0.596,E Mayor,4.0
148ceb2d-0205-45b2-95dc-e7cd674f12ff,Sparks Fly (Taylor’s Version),cf9eef55-4d09-45e5-ae1c-89bf6e493a66,Speak Now (Taylor's Version),c7b330b5-a62e-420c-bf02-943ca6bb8746,Taylor Swift,261230,68,0.0241,0.605,0.769,0.0,5.0,0.0936,-2.413,1.0,0.032,114.921,0.366,F Mayor,1.0
ab18d7bd-2e43-4a30-9cd9-7a465ae282fc,Enchanted (Taylor's Version),cf9eef55-4d09-45e5-ae1c-89bf6e493a66,Speak Now (Taylor's Version),c7b330b5-a62e-420c-bf02-943ca6bb8746,Taylor Swift,353253,76,0.016,0.52,0.553,0.0,8.0,0.165,-3.546,1.0,0.0269,81.949,0.227,Ab Mayor,4.0
b8af40e0-2278-452c-93c9-5354ccdf8a6e,Ours (Taylor’s Version),cf9eef55-4d09-45e5-ae1c-89bf6e493a66,Speak Now (Taylor's Version),c7b330b5-a62e-420c-bf02-943ca6bb8746,Taylor Swift,235803,62,0.42,0.539,0.475,0.0,0.0,0.109,-8.411,1.0,0.0287,159.824,0.293,C Mayor,0.0
f3949caf-4f26-4ee3-b47d-028ec988ad25,Castles Crumbling (feat. Hayley Williams) (Taylor’s Version) (From The Vault),cf9eef55-4d09-45e5-ae1c-89bf6e493a66,Speak Now (Taylor's Version),c7b330b5-a62e-420c-bf02-943ca6bb8746,Taylor Swift,306062,64,0.342,0.578,0.565,0.0,7.0,0.0662,-8.064,1.0,0.0441,147.781,0.351,G Mayor,1.0
cabb016b-e598-4c7c-ad16-bd16b729bdde,Electric Touch (feat. Fall Out Boy) (Taylor’s Version) (From The Vault),cf9eef55-4d09-45e5-ae1c-89bf6e493a66,Speak Now (Taylor's Version),c7b330b5-a62e-420c-bf02-943ca6bb8746,Taylor Swift,266466,64,0.018,0.547,0.854,0.0,7.0,0.156,-4.753,1.0,0.0526,131.068,0.26,G Mayor,1.0
a7b636e7-7d90-4310-9dd2-ccc31a72b4ec,Superman (Taylor’s Version),cf9eef55-4d09-45e5-ae1c-89bf6e493a66,Speak Now (Taylor's Version),c7b330b5-a62e-420c-bf02-943ca6bb8746,Taylor Swift,274945,59,0.00207,0.537,0.733,0.0,7.0,0.11,-3.506,1.0,0.0302,131.898,0.347,G Mayor,1.0
055b7b4d-7eba-44a5-86d1-6cd3d0c0cee4,Long Live (Taylor's Version),cf9eef55-4d09-45e5-ae1c-89bf6e493a66,Speak Now (Taylor's Version),c7b330b5-a62e-420c-bf02-943ca6bb8746,Taylor Swift,317960,70,0.0162,0.38,0.628,0.0,0.0,0.227,-4.054,1.0,0.038,203.826,0.0984,C Mayor,0.0
1f1a07d4-19f4-4592-a003-9a13603efdf3,Foolish One (Taylor’s Version) (From The Vault),cf9eef55-4d09-45e5-ae1c-89bf6e493a66,Speak Now (Taylor's Version),c7b330b5-a62e-420c-bf02-943ca6bb8746,Taylor Swift,311765,65,0.599,0.672,0.613,0.0,7.0,0.112,-4.709,1.0,0.0298,97.041,0.557,G Mayor,1.0
cf63f3f7-879c-4c03-85bb-2c9bda9a8afa,Haunted (Taylor's Version),cf9eef55-4d09-45e5-ae1c-89bf6e493a66,Speak Now (Taylor's Version),c7b330b5-a62e-420c-bf02-943ca6bb8746,Taylor Swift,245413,66,0.00552,0.44,0.916,0.0,5.0,0.252,-1.927,1.0,0.0629,162.025,0.371,F Mayor,1.0
26952d11-3c8e-4483-a4be-742f0b0338ba,Last Kiss (Taylor's Version),cf9eef55-4d09-45e5-ae1c-89bf6e493a66,Speak Now (Taylor's Version),c7b330b5-a62e-420c-bf02-943ca6bb8746,Taylor Swift,369120,67,0.443,0.557,0.362,3.57e-06,10.0,0.1,-8.641,1.0,0.0263,79.573,0.187,Bb Mayor,2.0
3ac8d183-2faf-45ec-b5a2-e8e4cdcbe882,I Can See You (Taylor’s Version) (From The Vault),cf9eef55-4d09-45e5-ae1c-89bf6e493a66,Speak Now (Taylor's Version),c7b330b5-a62e-420c-bf02-943ca6bb8746,Taylor Swift,273186,70,0.0577,0.695,0.768,0.0,6.0,0.0426,-4.883,1.0,0.0344,123.054,0.813,F# Mayor,5.0
ba10154b-8adf-4144-945b-896caea27201,Speak Now (Taylor's Version),cf9eef55-4d09-45e5-ae1c-89bf6e493a66,Speak Now (Taylor's Version),c7b330b5-a62e-420c-bf02-943ca6bb8746,Taylor Swift,242473,65,0.225,0.734,0.686,0.0,7.0,0.136,-2.926,1.0,0.0349,119.002,0.598,G Mayor,1.0
eb00320a-cc9c-4c4a-b164-60b6e6e4fdfd,The Story Of Us (Taylor's Version),cf9eef55-4d09-45e5-ae1c-89bf6e493a66,Speak Now (Taylor's Version),c7b330b5-a62e-420c-bf02-943ca6bb8746,Taylor Swift,267653,66,0.00136,0.516,0.784,0.0,4.0,0.0499,-2.636,1.0,0.0563,139.787,0.552,E Mayor,4.0
9e448721-d750-4145-9894-2709981275d1,Back To December (Taylor's Version),cf9eef55-4d09-45e5-ae1c-89bf6e493a66,Speak Now (Taylor's Version),c7b330b5-a62e-420c-bf02-943ca6bb8746,Taylor Swift,294189,71,0.00705,0.486,0.635,0.0,2.0,0.119,-3.994,1.0,0.0278,141.868,0.235,D Mayor,2.0
e26a67aa-ad39-498b-bb34-f84046d5c7fa,Mine (Taylor's Version),cf9eef55-4d09-45e5-ae1c-89bf6e493a66,Speak Now (Taylor's Version),c7b330b5-a62e-420c-bf02-943ca6bb8746,Taylor Swift,231706,71,0.00314,0.647,0.793,1.93e-06,7.0,0.174,-2.903,1.0,0.0363,121.101,0.5,G Mayor,1.0
54501d40-cbd5-45bb-ac1b-8982db6ddf5d,Cornelia Street,eea6a165-10cd-401f-b725-b1010a64a90e,Lover,c7b330b5-a62e-420c-bf02-943ca6bb8746,Taylor Swift,287266,71,0.781,0.824,0.624,0.000189,0.0,0.1,-9.728,1.0,0.0827,102.012,0.248,C Mayor,0.0
b5bf26a6-fdb8-4dab-9bd1-a26bd3c86995,Cruel Summer,eea6a165-10cd-401f-b725-b1010a64a90e,Lover,c7b330b5-a62e-420c-bf02-943ca6bb8746,Taylor Swift,178426,88,0.117,0.552,0.702,2.06e-05,9.0,0.105,-5.707,1.0,0.157,169.994,0.564,A Mayor,3.0
9f8d3d1d-27d4-4f91-bebb-24e0f8546903,Lover,eea6a165-10cd-401f-b725-b1010a64a90e,Lover,c7b330b5-a62e-420c-bf02-943ca6bb8746,Taylor Swift,221306,83,0.492,0.359,0.543,1.58e-05,7.0,0.118,-7.582,1.0,0.0919,68.534,0.453,G Mayor,1.0
a05772e1-bcd6-48f1-bba9-011b8f9dafa6,Daylight,eea6a165-10cd-401f-b725-b1010a64a90e,Lover,c7b330b5-a62e-420c-bf02-943ca6bb8746,Taylor Swift,293453,76,0.808,0.557,0.496,0.000173,0.0,0.0772,-9.602,1.0,0.0563,149.983,0.265,C Mayor,0.0
4b05b7e6-ca49-46d0-9050-d5c4c04c85dd,London Boy,eea6a165-10cd-401f-b725-b1010a64a90e,Lover,c7b330b5-a62e-420c-bf02-943ca6bb8746,Taylor Swift,190240,70,0.0246,0.695,0.71,0.000104,1.0,0.133,-6.639,1.0,0.05,157.925,0.557,Db Mayor,5.0
b8dd70a1-7b33-4a40-965e-df91182044fc,It’s Nice To Have A Friend,eea6a165-10cd-401f-b725-b1010a64a90e,Lover,c7b330b5-a62e-420c-bf02-943ca6bb8746,Taylor Swift,150440,63,0.971,0.737,0.175,0.000337,10.0,0.171,-9.912,1.0,0.0401,70.008,0.545,Bb Mayor,2.0
4d208081-e36c-44dd-80a0-e67c865b46b8,Afterglow,eea6a165-10cd-401f-b725-b1010a64a90e,Lover,c7b330b5-a62e-420c-bf02-943ca6bb8746,Taylor Swift,223293,72,0.13,0.756,0.449,0.0,9.0,0.114,-8.746,1.0,0.0344,111.011,0.399,A Mayor,3.0
56d36ec2-905d-4004-9d55-df3964247975,Miss Americana & The Heartbreak Prince,eea6a165-10cd-401f-b725-b1010a64a90e,Lover,c7b330b5-a62e-420c-bf02-943ca6bb8746,Taylor Swift,234146,74,0.028,0.662,0.747,0.00615,11.0,0.138,-6.926,0.0,0.0736,150.088,0.487,B Menor,2.0
3deaef33-e8e3-44c0-ac35-e88f64c4ec5b,Death By A Thousand Cuts,eea6a165-10cd-401f-b725-b1010a64a90e,Lover,c7b330b5-a62e-420c-bf02-943ca6bb8746,Taylor Swift,198533,69,0.454,0.712,0.732,0.0,4.0,0.319,-6.754,1.0,0.0629,94.071,0.313,E Mayor,4.0
270cec95-4b44-4cdd-b020-832568bb6840,ME! (feat. Brendon Urie of Panic! At The Disco),eea6a165-10cd-401f-b725-b1010a64a90e,Lover,c7b330b5-a62e-420c-bf02-943ca6bb8746,Taylor Swift,193000,72,0.033,0.61,0.83,0.0,0.0,0.118,-4.105,1.0,0.0571,182.162,0.728,C Mayor,0.0
3c9c21d7-4707-426e-8092-23bd64159a8c,I Think He Knows,eea6a165-10cd-401f-b725-b1010a64a90e,Lover,c7b330b5-a62e-420c-bf02-943ca6bb8746,Taylor Swift,173386,68,0.00889,0.897,0.366,0.000353,0.0,0.0715,-8.029,1.0,0.0569,100.003,0.416,C Mayor,0.0
deda63fd-9860-483a-8e58-48f1721d47ef,The Archer,eea6a165-10cd-401f-b725-b1010a64a90e,Lover,c7b330b5-a62e-420c-bf02-943ca6bb8746,Taylor Swift,211240,73,0.12,0.292,0.574,0.00569,0.0,0.0663,-9.375,1.0,0.0401,124.344,0.166,C Mayor,0.0
5cc0fcd1-4d66-4723-a901-77149b9441aa,The Man,eea6a165-10cd-401f-b725-b1010a64a90e,Lover,c7b330b5-a62e-420c-bf02-943ca6bb8746,Taylor Swift,190360,77,0.0767,0.777,0.658,0.0,0.0,0.0901,-5.191,1.0,0.054,110.048,0.633,C Mayor,0.0
494e6bf1-070d-4c38-a526-842b27a2e084,I Forgot That You Existed,eea6a165-10cd-401f-b725-b1010a64a90e,Lover,c7b330b5-a62e-420c-bf02-943ca6bb8746,Taylor Swift,170640,68,0.298,0.664,0.316,2.03e-06,5.0,0.0812,-10.345,1.0,0.519,92.875,0.541,F Mayor,1.0
4259e270-6dbe-43a3-955e-99bdba058492,Soon You’ll Get Better (feat. The Chicks),eea6a165-10cd-401f-b725-b1010a64a90e,Lover,c7b330b5-a62e-420c-bf02-943ca6bb8746,Taylor Swift,201586,63,0.907,0.433,0.182,0.0,0.0,0.123,-12.566,1.0,0.0641,207.476,0.421,C Mayor,0.0
f0dfd35c-71f6-4b85-9b9e-4c1926b60ecf,Paper Rings,eea6a165-10cd-401f-b725-b1010a64a90e,Lover,c7b330b5-a62e-420c-bf02-943ca6bb8746,Taylor Swift,222400,75,0.0129,0.811,0.719,1.36e-05,9.0,0.0742,-6.553,1.0,0.0497,103.979,0.865,A Mayor,3.0
d23a9b82-5432-4c1c-b547-05d4c8aef4d7,False God,eea6a165-10cd-401f-b725-b1010a64a90e,Lover,c7b330b5-a62e-420c-bf02-943ca6bb8746,Taylor Swift,200306,71,0.736,0.739,0.32,0.000147,11.0,0.111,-10.862,0.0,0.239,79.97,0.351,B Menor,2.0
3b720dac-67de-460f-8e05-89b023e4ebf0,You Need To Calm Down,eea6a165-10cd-401f-b725-b1010a64a90e,Lover,c7b330b5-a62e-420c-bf02-943ca6bb8746,Taylor Swift,171360,75,0.00929,0.771,0.671,0.0,2.0,0.0637,-5.617,1.0,0.0553,85.026,0.714,D Mayor,2.0
197cb4e2-b95b-451f-a101-77ee8c5ca661,This Is Why We Can't Have Nice Things,a437181c-e108-4419-a214-725b960d88e4,reputation,c7b330b5-a62e-420c-bf02-943ca6bb8746,Taylor Swift,207133,67,0.0156,0.567,0.789,0.0,5.0,0.382,-5.986,1.0,0.115,163.96,0.438,F Mayor,1.0
4e09ae17-5af0-4484-9d96-abe5583b9efe,Getaway Car,a437181c-e108-4419-a214-725b960d88e4,reputation,c7b330b5-a62e-420c-bf02-943ca6bb8746,Taylor Swift,233626,76,0.00465,0.562,0.689,2.23e-06,2.0,0.0888,-6.745,1.0,0.127,172.054,0.351,D Mayor,2.0
dc7ac9bb-7ba6-4c13-9eef-8fb0e17a321a,Call It What You Want,a437181c-e108-4419-a214-725b960d88e4,reputation,c7b330b5-a62e-420c-bf02-943ca6bb8746,Taylor Swift,203506,74,0.186,0.598,0.504,0.000221,9.0,0.34,-9.874,1.0,0.0731,163.954,0.252,A Mayor,3.0
dd1712d4-39ec-4737-af32-a853c96b1703,Look What You Made Me Do,a437181c-e108-4419-a214-725b960d88e4,reputation,c7b330b5-a62e-420c-bf02-943ca6bb8746,Taylor Swift,211853,78,0.204,0.766,0.709,1.41e-05,9.0,0.126,-6.471,0.0,0.123,128.07,0.506,A Menor,0.0
8daf9b61-589a-4e56-aaf3-bfa73c367ae5,Don’t Blame Me,a437181c-e108-4419-a214-725b960d88e4,reputation,c7b330b5-a62e-420c-bf02-943ca6bb8746,Taylor Swift,236413,81,0.106,0.615,0.534,1.76e-05,9.0,0.0607,-6.719,0.0,0.0386,135.917,0.193,A Menor,0.0
8a7d8aa9-2248-46ce-9663-a02603b3f028,Gorgeous,a437181c-e108-4419-a214-725b960d88e4,reputation,c7b330b5-a62e-420c-bf02-943ca6bb8746,Taylor Swift,209680,73,0.0713,0.8,0.535,9.48e-06,7.0,0.213,-6.684,1.0,0.135,92.027,0.451,G Mayor,1.0
8a83506f-d2c2-40f2-991b-136fa2f25c36,End Game,a437181c-e108-4419-a214-725b960d88e4,reputation,c7b330b5-a62e-420c-bf02-943ca6bb8746,Taylor Swift,244826,72,0.00845,0.649,0.589,0.0,2.0,0.108,-6.237,1.0,0.0558,159.073,0.151,D Mayor,2.0
ca15323d-0385-41aa-8fd0-cf209ceeca80,...Ready For It?,a437181c-e108-4419-a214-725b960d88e4,reputation,c7b330b5-a62e-420c-bf02-943ca6bb8746,Taylor Swift,208186,78,0.0527,0.613,0.764,0.0,2.0,0.197,-6.509,1.0,0.136,160.015,0.417,D Mayor,2.0
c319d18c-04b0-4047-8b22-3d6731d2ffe9,I Did Something Bad,a437181c-e108-4419-a214-725b960d88e4,reputation,c7b330b5-a62e-420c-bf02-943ca6bb8746,Taylor Swift,238253,73,0.0679,0.696,0.602,2.11e-05,0.0,0.0696,-6.156,0.0,0.159,82.989,0.305,C Menor,3.0
26fc39ea-a8e7-48bb-93bf-3b6b8b520e4f,So It Goes...,a437181c-e108-4419-a214-725b960d88e4,reputation,c7b330b5-a62e-420c-bf02-943ca6bb8746,Taylor Swift,227906,67,0.122,0.574,0.61,1.1e-06,2.0,0.13,-7.283,1.0,0.0732,74.957,0.374,D Mayor,2.0
172e38de-f0f1-433f-84ca-943da3d4ca18,Delicate,a437181c-e108-4419-a214-725b960d88e4,reputation,c7b330b5-a62e-420c-bf02-943ca6bb8746,Taylor Swift,232253,78,0.216,0.75,0.404,0.000357,9.0,0.0911,-10.178,0.0,0.0682,95.045,0.0499,A Menor,0.0
89030286-3140-4d35-bdbc-72656591024b,Dress,a437181c-e108-4419-a214-725b960d88e4,reputation,c7b330b5-a62e-420c-bf02-943ca6bb8746,Taylor Swift,230373,73,0.0329,0.719,0.469,0.0,0.0,0.169,-8.792,1.0,0.0533,120.085,0.0851,C Mayor,0.0
8ad499fa-d0e1-40c5-a5a5-ceffe890ea57,New Year’s Day,a437181c-e108-4419-a214-725b960d88e4,reputation,c7b330b5-a62e-420c-bf02-943ca6bb8746,Taylor Swift,235466,71,0.921,0.661,0.151,0.0,0.0,0.13,-12.864,1.0,0.0354,94.922,0.23,C Mayor,0.0
a845e3b1-7a12-4892-a201-2e8b6d9f7705,King Of My Heart,a437181c-e108-4419-a214-725b960d88e4,reputation,c7b330b5-a62e-420c-bf02-943ca6bb8746,Taylor Swift,214320,70,0.00882,0.675,0.703,2.21e-06,0.0,0.0391,-7.902,1.0,0.0382,110.01,0.314,C Mayor,0.0
b03d45e2-8f3f-4acf-9f3b-706df6efe229,Dancing With Our Hands Tied,a437181c-e108-4419-a214-725b960d88e4,reputation,c7b330b5-a62e-420c-bf02-943ca6bb8746,Taylor Swift,211506,69,0.0604,0.624,0.691,1.1e-05,0.0,0.138,-6.686,0.0,0.196,160.024,0.284,C Menor,3.0
150a1e5b-6963-4b58-bcea-0f93a60c303c,Picture To Burn,cde31535-d1f5-4e74-a6e7-23978b97bc15,Taylor Swift,c7b330b5-a62e-420c-bf02-943ca6bb8746,Taylor Swift,175280,55,0.202,0.662,0.864,0.0,7.0,0.0997,-2.08,1.0,0.0322,105.607,0.791,G Mayor,1.0
486c4ea6-b18a-4ad4-8d91-95ae3aa0864d,A Place in this World,cde31535-d1f5-4e74-a6e7-23978b97bc15,Taylor Swift,c7b330b5-a62e-420c-bf02-943ca6bb8746,Taylor Swift,199200,52,0.051,0.576,0.777,0.0,9.0,0.32,-2.881,1.0,0.0324,115.028,0.428,A Mayor,3.0
968d3f1e-714a-4115-b99f-6e61d3169c72,Teardrops on my Guitar,cde31535-d1f5-4e74-a6e7-23978b97bc15,Taylor Swift,c7b330b5-a62e-420c-bf02-943ca6bb8746,Taylor Swift,215666,0,0.498,0.62,0.438,0.0,10.0,0.298,-7.498,1.0,0.0232,99.966,0.268,Bb Mayor,2.0
28a5df66-c4df-4a7b-887e-6f9d9aaa1803,Mary's Song (Oh My My My),cde31535-d1f5-4e74-a6e7-23978b97bc15,Taylor Swift,c7b330b5-a62e-420c-bf02-943ca6bb8746,Taylor Swift,213080,53,0.0177,0.403,0.627,0.0,2.0,0.182,-5.28,1.0,0.0292,74.9,0.374,D Mayor,2.0
6941ab80-5550-41f8-acb4-b07f9dfb87f7,Tied Together with a Smile,cde31535-d1f5-4e74-a6e7-23978b97bc15,Taylor Swift,c7b330b5-a62e-420c-bf02-943ca6bb8746,Taylor Swift,248106,50,0.525,0.479,0.578,0.0,2.0,0.0841,-4.963,1.0,0.0294,146.165,0.192,D Mayor,2.0
f0b657e7-e44e-40f9-874f-fb9f0169bc38,Stay Beautiful,cde31535-d1f5-4e74-a6e7-23978b97bc15,Taylor Swift,c7b330b5-a62e-420c-bf02-943ca6bb8746,Taylor Swift,236053,50,0.0868,0.594,0.629,0.0,8.0,0.137,-4.919,1.0,0.0246,131.597,0.504,Ab Mayor,4.0
f12bd7c1-7210-4f3f-8fa3-ab5641c4fee7,Our Song,cde31535-d1f5-4e74-a6e7-23978b97bc15,Taylor Swift,c7b330b5-a62e-420c-bf02-943ca6bb8746,Taylor Swift,203440,60,0.113,0.667,0.659,0.0,2.0,0.325,-4.932,1.0,0.0298,89.128,0.575,D Mayor,2.0
75196564-0940-480b-80d5-94c75e446610,Cold As You,cde31535-d1f5-4e74-a6e7-23978b97bc15,Taylor Swift,c7b330b5-a62e-420c-bf02-943ca6bb8746,Taylor Swift,239013,52,0.217,0.418,0.482,0.0,5.0,0.123,-5.769,1.0,0.0266,175.558,0.261,F Mayor,1.0
02304322-fce5-478b-be5f-32acfea3095e,The Outside,cde31535-d1f5-4e74-a6e7-23978b97bc15,Taylor Swift,c7b330b5-a62e-420c-bf02-943ca6bb8746,Taylor Swift,207106,50,0.00491,0.589,0.805,0.0,5.0,0.24,-4.055,1.0,0.0293,112.982,0.591,F Mayor,1.0
fc3a18ea-9f5f-42d2-8a84-c2bec1862326,Should've Said No,cde31535-d1f5-4e74-a6e7-23978b97bc15,Taylor Swift,c7b330b5-a62e-420c-bf02-943ca6bb8746,Taylor Swift,242200,57,0.0103,0.476,0.777,0.0,4.0,0.196,-3.771,0.0,0.0289,167.964,0.472,E Menor,1.0
4c5f635c-aeb5-4368-b37a-58c80950ee24,Tim McGraw,cde31535-d1f5-4e74-a6e7-23978b97bc15,Taylor Swift,c7b330b5-a62e-420c-bf02-943ca6bb8746,Taylor Swift,234546,52,0.601,0.574,0.499,0.0,0.0,0.123,-6.462,1.0,0.0254,76.0,0.447,C Mayor,0.0
1b64e49f-df69-4e65-9ecb-17bccdbfe38a,epiphany,534bcd2d-f856-40c7-a990-4e7073fd737e,folklore,c7b330b5-a62e-420c-bf02-943ca6bb8746,Taylor Swift,289749,62,0.731,0.175,0.267,0.000402,1.0,0.0858,-13.69,1.0,0.0302,94.203,0.106,Db Mayor,5.0
b0cb812c-08fd-47de-be94-4ee113864fb1,the 1,534bcd2d-f856-40c7-a990-4e7073fd737e,folklore,c7b330b5-a62e-420c-bf02-943ca6bb8746,Taylor Swift,210251,73,0.757,0.777,0.357,7.28e-06,0.0,0.108,-6.942,1.0,0.0522,139.884,0.172,C Mayor,0.0
8dc51bcd-6593-423a-9c5e-b59ecdffade1,mirrorball,534bcd2d-f856-40c7-a990-4e7073fd737e,folklore,c7b330b5-a62e-420c-bf02-943ca6bb8746,Taylor Swift,208977,71,0.687,0.553,0.413,2.33e-06,2.0,0.0594,-10.037,1.0,0.0334,110.107,0.379,D Mayor,2.0
963fb482-8dac-4c15-ac3a-4ef6fe769f42,my tears ricochet,534bcd2d-f856-40c7-a990-4e7073fd737e,folklore,c7b330b5-a62e-420c-bf02-943ca6bb8746,Taylor Swift,255893,78,0.806,0.469,0.263,0.0,0.0,0.0749,-10.63,1.0,0.0329,129.86,0.112,C Mayor,0.0
b4654b23-344e-4de1-8126-1948ee0507d6,the last great american dynasty,534bcd2d-f856-40c7-a990-4e7073fd737e,folklore,c7b330b5-a62e-420c-bf02-943ca6bb8746,Taylor Swift,230999,67,0.467,0.686,0.662,0.0023,7.0,0.109,-8.505,1.0,0.0413,147.922,0.706,G Mayor,1.0
06710027-966a-4f8f-ba5b-f2146d3dac9a,illicit affairs,534bcd2d-f856-40c7-a990-4e7073fd737e,folklore,c7b330b5-a62e-420c-bf02-943ca6bb8746,Taylor Swift,190898,74,0.881,0.559,0.31,0.0,10.0,0.106,-10.445,1.0,0.0338,119.845,0.46,Bb Mayor,2.0
95dc0c83-2928-484e-9155-6372ccb76f72,mad woman,534bcd2d-f856-40c7-a990-4e7073fd737e,folklore,c7b330b5-a62e-420c-bf02-943ca6bb8746,Taylor Swift,237258,63,0.655,0.592,0.699,1.68e-05,3.0,0.114,-8.995,1.0,0.0471,141.916,0.506,Eb Mayor,3.0
b83bc2cb-2e57-43f6-9b4b-ade7d78a71e5,august,534bcd2d-f856-40c7-a990-4e7073fd737e,folklore,c7b330b5-a62e-420c-bf02-943ca6bb8746,Taylor Swift,261922,82,0.538,0.532,0.623,7.28e-05,5.0,0.0925,-9.208,1.0,0.0331,89.937,0.403,F Mayor,1.0
cf3a98ef-8dec-46c7-ae7d-77064823b741,exile (feat. Bon Iver),534bcd2d-f856-40c7-a990-4e7073fd737e,folklore,c7b330b5-a62e-420c-bf02-943ca6bb8746,Taylor Swift,285634,76,0.778,0.298,0.38,5.62e-05,6.0,0.11,-8.426,1.0,0.0287,75.602,0.152,F# Mayor,5.0
cb48775c-7083-4b26-8a4e-d330cfda894a,cardigan,534bcd2d-f856-40c7-a990-4e7073fd737e,folklore,c7b330b5-a62e-420c-bf02-943ca6bb8746,Taylor Swift,239560,82,0.537,0.613,0.581,0.000345,0.0,0.25,-8.588,0.0,0.0424,130.033,0.551,C Menor,3.0
495b268d-8a93-4e15-ae23-4f3ca9b320b3,betty,534bcd2d-f856-40c7-a990-4e7073fd737e,folklore,c7b330b5-a62e-420c-bf02-943ca6bb8746,Taylor Swift,294521,68,0.6,0.593,0.377,0.0,0.0,0.0976,-8.761,1.0,0.0253,95.939,0.502,C Mayor,0.0
60de3ab0-c69a-4bf8-9b4b-51d21fc8d6a3,seven,534bcd2d-f856-40c7-a990-4e7073fd737e,folklore,c7b330b5-a62e-420c-bf02-943ca6bb8746,Taylor Swift,208906,67,0.9,0.596,0.488,2.7e-05,4.0,0.091,-10.769,1.0,0.0274,94.922,0.415,E Mayor,4.0
27e93cd6-a543-4676-87c2-0e686dbfe5d8,hoax,534bcd2d-f856-40c7-a990-4e7073fd737e,folklore,c7b330b5-a62e-420c-bf02-943ca6bb8746,Taylor Swift,220042,63,0.966,0.662,0.181,3.86e-06,8.0,0.133,-15.065,1.0,0.0415,118.819,0.429,Ab Mayor,4.0
3403f1ac-2a36-4bd1-b22e-fa6113c3e743,invisible string,534bcd2d-f856-40c7-a990-4e7073fd737e,folklore,c7b330b5-a62e-420c-bf02-943ca6bb8746,Taylor Swift,252880,71,0.838,0.653,0.452,7.73e-05,4.0,0.108,-11.143,0.0,0.055,83.433,0.45,E Menor,1.0
b2e4a278-fd48-4218-a6ab-2249f77558f6,this is me trying,534bcd2d-f856-40c7-a990-4e7073fd737e,folklore,c7b330b5-a62e-420c-bf02-943ca6bb8746,Taylor Swift,195097,73,0.314,0.515,0.476,4.74e-05,9.0,0.171,-9.843,1.0,0.0328,135.886,0.412,A Mayor,3.0
59b0ec01-b4e0-47e8-b783-9ace98d9721c,peace,534bcd2d-f856-40c7-a990-4e7073fd737e,folklore,c7b330b5-a62e-420c-bf02-943ca6bb8746,Taylor Swift,234000,63,0.918,0.647,0.272,1.73e-05,5.0,0.0918,-12.906,1.0,0.0916,150.044,0.339,F Mayor,1.0
0d1b5693-c0cf-4cd4-b95f-8189e895682c,Labyrinth,0419dc75-77a5-48b2-a556-227400de4c42,Midnights,c7b330b5-a62e-420c-bf02-943ca6bb8746,Taylor Swift,247962,68,0.797,0.48,0.295,0.333,0.0,0.12,-15.512,1.0,0.0384,110.018,0.132,C Mayor,0.0
a6f585c7-7f46-4d82-ba01-63a89b6f7b50,Question...?,0419dc75-77a5-48b2-a556-227400de4c42,Midnights,c7b330b5-a62e-420c-bf02-943ca6bb8746,Taylor Swift,210556,64,0.206,0.654,0.51,0.0,7.0,0.249,-8.767,1.0,0.242,108.874,0.105,G Mayor,1.0
92df90e3-1fd7-4e18-98d4-a1edd89854d5,Anti-Hero,0419dc75-77a5-48b2-a556-227400de4c42,Midnights,c7b330b5-a62e-420c-bf02-943ca6bb8746,Taylor Swift,200690,80,0.121,0.633,0.648,2.62e-06,4.0,0.161,-6.645,1.0,0.062,96.888,0.49,E Mayor,4.0
e712f7e3-83e6-4bf6-8a72-eedb1047a0a8,Sweet Nothing,0419dc75-77a5-48b2-a556-227400de4c42,Midnights,c7b330b5-a62e-420c-bf02-943ca6bb8746,Taylor Swift,188496,67,0.968,0.336,0.161,0.00011,0.0,0.115,-14.973,1.0,0.0456,176.48,0.407,C Mayor,0.0
41a5ede5-1853-4502-9822-36b085056d5a,Snow On The Beach (feat. Lana Del Rey),0419dc75-77a5-48b2-a556-227400de4c42,Midnights,c7b330b5-a62e-420c-bf02-943ca6bb8746,Taylor Swift,256124,66,0.701,0.663,0.321,0.000598,9.0,0.107,-13.527,1.0,0.0409,110.021,0.153,A Mayor,3.0
05579d2b-a97a-459a-8dbf-d9f8d1be66fb,Vigilante Shit,0419dc75-77a5-48b2-a556-227400de4c42,Midnights,c7b330b5-a62e-420c-bf02-943ca6bb8746,Taylor Swift,164801,70,0.166,0.872,0.267,2.18e-05,4.0,0.123,-10.764,0.0,0.387,79.964,0.168,E Menor,1.0
332dbe49-faee-4172-beff-c0faf37b675f,Maroon,0419dc75-77a5-48b2-a556-227400de4c42,Midnights,c7b330b5-a62e-420c-bf02-943ca6bb8746,Taylor Swift,218270,70,0.0634,0.655,0.384,1.45e-06,7.0,0.0973,-8.29,1.0,0.0349,108.058,0.0384,G Mayor,1.0
a342ca95-16ec-4207-af00-11cc4a506514,Bejeweled,0419dc75-77a5-48b2-a556-227400de4c42,Midnights,c7b330b5-a62e-420c-bf02-943ca6bb8746,Taylor Swift,194165,73,0.0593,0.687,0.551,0.000143,7.0,0.09,-9.202,1.0,0.0787,163.994,0.443,G Mayor,1.0
a47a581e-32e4-4048-a420-7cc2030798e9,Midnight Rain,0419dc75-77a5-48b2-a556-227400de4c42,Midnights,c7b330b5-a62e-420c-bf02-943ca6bb8746,Taylor Swift,174782,74,0.71,0.604,0.375,5.87e-05,0.0,0.116,-11.637,1.0,0.0633,137.651,0.203,C Mayor,0.0
8f6c56f9-50a2-4226-a75d-c0cbeb4d46e2,"You're On Your Own, Kid",0419dc75-77a5-48b2-a556-227400de4c42,Midnights,c7b330b5-a62e-420c-bf02-943ca6bb8746,Taylor Swift,194206,76,0.447,0.696,0.39,1.55e-05,2.0,0.125,-10.331,1.0,0.0616,120.032,0.395,D Mayor,2.0
9131df26-0aff-401e-92f6-df9d3f2745d9,Lavender Haze,0419dc75-77a5-48b2-a556-227400de4c42,Midnights,c7b330b5-a62e-420c-bf02-943ca6bb8746,Taylor Swift,202395,73,0.23,0.735,0.449,0.00126,7.0,0.132,-10.56,0.0,0.0883,97.05,0.0955,G Menor,2.0
46bc51ba-a744-4554-b93a-7fbb15bd292c,Mastermind,0419dc75-77a5-48b2-a556-227400de4c42,Midnights,c7b330b5-a62e-420c-bf02-943ca6bb8746,Taylor Swift,191039,69,0.565,0.66,0.343,0.00134,4.0,0.0922,-14.132,1.0,0.14,125.96,0.137,E Mayor,4.0
3cf241f6-1b07-45b5-a3bd-c75536e17f06,Karma,0419dc75-77a5-48b2-a556-227400de4c42,Midnights,c7b330b5-a62e-420c-bf02-943ca6bb8746,Taylor Swift,204852,75,0.062,0.64,0.619,0.0,8.0,0.475,-7.108,1.0,0.065,90.008,0.121,Ab Mayor,4.0
c25b6de2-9c32-4c73-8d4a-6bc64f0e2e35,evermore (feat. Bon Iver),0ddbd07d-4539-4872-8250-5cd49e5054e5,evermore,c7b330b5-a62e-420c-bf02-943ca6bb8746,Taylor Swift,304106,62,0.937,0.395,0.27,0.00249,1.0,0.111,-10.672,1.0,0.0309,120.94,0.314,Db Mayor,5.0
a36469a4-ff52-44d6-971a-5582b25add1a,happiness,0ddbd07d-4539-4872-8250-5cd49e5054e5,evermore,c7b330b5-a62e-420c-bf02-943ca6bb8746,Taylor Swift,315146,43,0.861,0.558,0.331,0.0,11.0,0.113,-10.649,1.0,0.0381,122.035,0.201,B Mayor,5.0
1588fe52-1a9e-42db-b3f3-2761b79716ec,long story short,0ddbd07d-4539-4872-8250-5cd49e5054e5,evermore,c7b330b5-a62e-420c-bf02-943ca6bb8746,Taylor Swift,215920,57,0.674,0.546,0.732,0.184,0.0,0.0972,-7.715,1.0,0.0423,157.893,0.571,C Mayor,0.0
868ab102-02a3-48e1-b6ea-37bd7bbb7f5d,tolerate it,0ddbd07d-4539-4872-8250-5cd49e5054e5,evermore,c7b330b5-a62e-420c-bf02-943ca6bb8746,Taylor Swift,245440,47,0.878,0.373,0.36,1.54e-05,9.0,0.079,-10.376,1.0,0.0387,147.442,0.212,A Mayor,3.0
8de1d40f-d353-4401-8e24-f25ca6e89b72,gold rush,0ddbd07d-4539-4872-8250-5cd49e5054e5,evermore,c7b330b5-a62e-420c-bf02-943ca6bb8746,Taylor Swift,185320,46,0.811,0.498,0.471,0.113,9.0,0.121,-10.406,1.0,0.0411,112.018,0.351,A Mayor,3.0
76bb004e-e9fa-46e0-b65a-f9202f2be9eb,cowboy like me,0ddbd07d-4539-4872-8250-5cd49e5054e5,evermore,c7b330b5-a62e-420c-bf02-943ca6bb8746,Taylor Swift,275040,47,0.774,0.605,0.513,0.000177,0.0,0.123,-8.962,1.0,0.0337,127.986,0.512,C Mayor,0.0
e59c1a73-ea4a-4a4a-bdcb-54c8a38f1ebe,closure,0ddbd07d-4539-4872-8250-5cd49e5054e5,evermore,c7b330b5-a62e-420c-bf02-943ca6bb8746,Taylor Swift,180653,50,0.832,0.686,0.705,4.55e-06,9.0,0.134,-10.823,1.0,0.249,151.868,0.919,A Mayor,3.0
55008b39-13e3-4b8a-a9bd-21c78fbaaef7,willow,0ddbd07d-4539-4872-8250-5cd49e5054e5,evermore,c7b330b5-a62e-420c-bf02-943ca6bb8746,Taylor Swift,214706,67,0.835,0.392,0.579,0.00179,7.0,0.145,-9.195,1.0,0.164,80.961,0.549,G Mayor,1.0
b4c22da3-c519-419e-929f-c0f30bf3551b,dorothea,0ddbd07d-4539-4872-8250-5cd49e5054e5,evermore,c7b330b5-a62e-420c-bf02-943ca6bb8746,Taylor Swift,225880,55,0.694,0.607,0.488,0.0,4.0,0.129,-8.329,1.0,0.0264,119.953,0.361,E Mayor,4.0
41cbb577-c769-47bd-aa7e-161ad0a750bc,‘tis the damn season,0ddbd07d-4539-4872-8250-5cd49e5054e5,evermore,c7b330b5-a62e-420c-bf02-943ca6bb8746,Taylor Swift,229840,54,0.737,0.575,0.435,5.38e-05,5.0,0.105,-8.193,1.0,0.0311,145.91,0.351,F Mayor,1.0
02b101d9-f6bf-4fcd-8843-2a80b252ccce,coney island (feat. The National),0ddbd07d-4539-4872-8250-5cd49e5054e5,evermore,c7b330b5-a62e-420c-bf02-943ca6bb8746,Taylor Swift,275320,54,0.826,0.529,0.536,0.00082,8.0,0.141,-11.269,1.0,0.0627,107.873,0.304,Ab Mayor,4.0
48c745b0-304b-4158-9979-6cfd0ac8f48b,"no body, no crime (feat. HAIM)",0ddbd07d-4539-4872-8250-5cd49e5054e5,evermore,c7b330b5-a62e-420c-bf02-943ca6bb8746,Taylor Swift,215626,57,0.431,0.547,0.613,0.0,7.0,0.102,-7.577,0.0,0.0264,79.011,0.528,G Menor,2.0
ce0750e7-2689-4f2a-a2f6-7a768836ac61,champagne problems,0ddbd07d-4539-4872-8250-5cd49e5054e5,evermore,c7b330b5-a62e-420c-bf02-943ca6bb8746,Taylor Swift,244000,54,0.92,0.463,0.248,0.0,0.0,0.113,-12.036,1.0,0.0374,171.346,0.325,C Mayor,0.0
6e0ee6e4-a99e-414a-aff0-47f39756cc1e,ivy,0ddbd07d-4539-4872-8250-5cd49e5054e5,evermore,c7b330b5-a62e-420c-bf02-943ca6bb8746,Taylor Swift,260440,47,0.848,0.329,0.547,1.11e-05,2.0,0.088,-9.514,1.0,0.0397,86.629,0.522,D Mayor,2.0
dad328f6-f110-4507-8532-d0e5d48b282b,marjorie,0ddbd07d-4539-4872-8250-5cd49e5054e5,evermore,c7b330b5-a62e-420c-bf02-943ca6bb8746,Taylor Swift,257773,62,0.878,0.535,0.562,0.000132,5.0,0.114,-11.615,1.0,0.0479,96.103,0.294,F Mayor,1.0
f6a4fdc0-bcbe-4b31-b966-a57a0f091338,this is me trying,8b903695-896d-4a23-8644-7a0d817b2da0,folklore,c7b330b5-a62e-420c-bf02-943ca6bb8746,Taylor Swift,195097,38,0.314,0.515,0.476,4.74e-05,9.0,0.171,-9.843,1.0,0.0328,135.886,0.412,A Mayor,3.0
4f3e3bc1-fbab-471a-ba00-5bb6f689b98c,betty,8b903695-896d-4a23-8644-7a0d817b2da0,folklore,c7b330b5-a62e-420c-bf02-943ca6bb8746,Taylor Swift,294521,41,0.544,0.59,0.379,0.0,0.0,0.0983,-8.717,1.0,0.0255,96.029,0.467,C Mayor,0.0
f17d65fa-1f21-47bc-bd3d-7a0ed8164371,my tears ricochet,8b903695-896d-4a23-8644-7a0d817b2da0,folklore,c7b330b5-a62e-420c-bf02-943ca6bb8746,Taylor Swift,255893,39,0.806,0.469,0.263,0.0,0.0,0.0749,-10.63,1.0,0.0329,129.86,0.112,C Mayor,0.0
9c5c8a36-745c-4cfb-bd31-946e7456dc7f,epiphany,8b903695-896d-4a23-8644-7a0d817b2da0,folklore,c7b330b5-a62e-420c-bf02-943ca6bb8746,Taylor Swift,289749,27,0.731,0.175,0.267,0.000402,1.0,0.0858,-13.69,1.0,0.0302,94.203,0.106,Db Mayor,5.0
ce3cf470-3c13-4e36-aee5-35c36fed58f9,august,8b903695-896d-4a23-8644-7a0d817b2da0,folklore,c7b330b5-a62e-420c-bf02-943ca6bb8746,Taylor Swift,261922,37,0.538,0.532,0.623,7.28e-05,5.0,0.0925,-9.208,1.0,0.0331,89.937,0.403,F Mayor,1.0
1093ce22-8b5e-4686-979e-884bb60a1e52,the 1,8b903695-896d-4a23-8644-7a0d817b2da0,folklore,c7b330b5-a62e-420c-bf02-943ca6bb8746,Taylor Swift,210251,39,0.764,0.765,0.348,1.01e-05,0.0,0.108,-6.963,1.0,0.0579,140.016,0.171,C Mayor,0.0
55ee982c-8e07-4e66-9ddc-3f1d167770b1,the last great american dynasty,8b903695-896d-4a23-8644-7a0d817b2da0,folklore,c7b330b5-a62e-420c-bf02-943ca6bb8746,Taylor Swift,230999,38,0.473,0.684,0.661,0.00215,7.0,0.109,-8.507,1.0,0.0407,147.909,0.713,G Mayor,1.0
feb33643-8d5a-448f-a7b6-e6b54782b601,invisible string,8b903695-896d-4a23-8644-7a0d817b2da0,folklore,c7b330b5-a62e-420c-bf02-943ca6bb8746,Taylor Swift,252880,40,0.838,0.653,0.452,7.73e-05,4.0,0.108,-11.143,0.0,0.055,83.433,0.45,E Menor,1.0
e0548f58-1df5-4cbb-9f89-6f03482f62c7,cardigan,8b903695-896d-4a23-8644-7a0d817b2da0,folklore,c7b330b5-a62e-420c-bf02-943ca6bb8746,Taylor Swift,239560,46,0.537,0.613,0.581,0.000345,0.0,0.25,-8.588,0.0,0.0424,130.033,0.551,C Menor,3.0
5d7d40fc-19ac-4e1d-9099-31f60366d9a2,exile (feat. Bon Iver),8b903695-896d-4a23-8644-7a0d817b2da0,folklore,c7b330b5-a62e-420c-bf02-943ca6bb8746,Taylor Swift,285634,40,0.778,0.298,0.38,5.62e-05,6.0,0.11,-8.426,1.0,0.0287,75.602,0.152,F# Mayor,5.0
7d353838-6c6a-469e-bb35-24e6e46ecf4c,mirrorball,8b903695-896d-4a23-8644-7a0d817b2da0,folklore,c7b330b5-a62e-420c-bf02-943ca6bb8746,Taylor Swift,208977,32,0.687,0.553,0.413,2.33e-06,2.0,0.0594,-10.037,1.0,0.0334,110.107,0.379,D Mayor,2.0
e977a135-f2f9-48ea-80c9-c0b1fc56f723,mad woman,8b903695-896d-4a23-8644-7a0d817b2da0,folklore,c7b330b5-a62e-420c-bf02-943ca6bb8746,Taylor Swift,237258,41,0.649,0.596,0.709,9.92e-06,5.0,0.114,-8.938,0.0,0.0431,141.978,0.533,F Menor,4.0
73cfa0e8-df42-49be-8f20-c8e65dc1cfe3,hoax,8b903695-896d-4a23-8644-7a0d817b2da0,folklore,c7b330b5-a62e-420c-bf02-943ca6bb8746,Taylor Swift,220042,27,0.966,0.662,0.181,3.86e-06,8.0,0.133,-15.065,1.0,0.0415,118.819,0.429,Ab Mayor,4.0
397c11a5-f471-45f6-91f3-fe5e6e440f2c,peace,8b903695-896d-4a23-8644-7a0d817b2da0,folklore,c7b330b5-a62e-420c-bf02-943ca6bb8746,Taylor Swift,234000,38,0.918,0.651,0.269,2.17e-05,5.0,0.0918,-12.912,1.0,0.0983,150.033,0.334,F Mayor,1.0
e358ae4f-7e0c-462c-a761-e7bfbfc654e5,seven,8b903695-896d-4a23-8644-7a0d817b2da0,folklore,c7b330b5-a62e-420c-bf02-943ca6bb8746,Taylor Swift,208906,30,0.9,0.596,0.488,2.7e-05,4.0,0.091,-10.769,1.0,0.0274,94.922,0.415,E Mayor,4.0
6100a2e7-f521-4f1d-951a-4d60dc80bb52,illicit affairs,8b903695-896d-4a23-8644-7a0d817b2da0,folklore,c7b330b5-a62e-420c-bf02-943ca6bb8746,Taylor Swift,190898,32,0.881,0.559,0.31,0.0,10.0,0.106,-10.445,1.0,0.0338,119.845,0.46,Bb Mayor,2.0
892f86dd-7a50-45d3-a180-ad8f95a1eefe,Guilty as Sin?,452d52da-6695-442c-835a-6fe58f8ce7a6,THE TORTURED POETS DEPARTMENT,c7b330b5-a62e-420c-bf02-943ca6bb8746,Taylor Swift,254365,74,0.607,0.626,0.428,0.0,2.0,0.0921,-8.374,1.0,0.0261,94.95,0.487,D Mayor,2.0
80fabe86-76cd-4d96-b737-b9e1de9bcda6,The Alchemy,452d52da-6695-442c-835a-6fe58f8ce7a6,THE TORTURED POETS DEPARTMENT,c7b330b5-a62e-420c-bf02-943ca6bb8746,Taylor Swift,196900,66,0.422,0.64,0.421,0.0,0.0,0.103,-8.802,1.0,0.0273,100.056,0.353,C Mayor,0.0
2ae06001-39a6-4465-8ae8-394581223adf,Clara Bow,452d52da-6695-442c-835a-6fe58f8ce7a6,THE TORTURED POETS DEPARTMENT,c7b330b5-a62e-420c-bf02-943ca6bb8746,Taylor Swift,216662,60,0.636,0.686,0.318,0.00144,7.0,0.106,-11.046,1.0,0.0263,104.088,0.214,G Mayor,1.0
7a552741-3dc5-4873-b72d-049345d5311e,Down Bad,452d52da-6695-442c-835a-6fe58f8ce7a6,THE TORTURED POETS DEPARTMENT,c7b330b5-a62e-420c-bf02-943ca6bb8746,Taylor Swift,261228,73,0.56,0.541,0.366,1e-06,11.0,0.0946,-10.412,1.0,0.0748,159.707,0.168,B Mayor,5.0
8aabdb06-3e2b-4c5c-9dc6-98c1ff45e65e,I Can Fix Him (No Really I Can),452d52da-6695-442c-835a-6fe58f8ce7a6,THE TORTURED POETS DEPARTMENT,c7b330b5-a62e-420c-bf02-943ca6bb8746,Taylor Swift,156297,59,0.768,0.661,0.257,1.72e-06,6.0,0.176,-13.961,0.0,0.045,106.896,0.318,F# Menor,3.0
cb54113d-1e71-47c2-b9f7-3f0a6dff13f6,Fortnight (feat. Post Malone),452d52da-6695-442c-835a-6fe58f8ce7a6,THE TORTURED POETS DEPARTMENT,c7b330b5-a62e-420c-bf02-943ca6bb8746,Taylor Swift,228965,83,0.502,0.504,0.386,1.53e-05,11.0,0.0961,-10.976,1.0,0.0308,192.004,0.281,B Mayor,5.0
59fab857-486b-4bf9-9db4-b589e8a4cb53,The Smallest Man Who Ever Lived,452d52da-6695-442c-835a-6fe58f8ce7a6,THE TORTURED POETS DEPARTMENT,c7b330b5-a62e-420c-bf02-943ca6bb8746,Taylor Swift,245541,68,0.52,0.426,0.41,0.0,10.0,0.338,-9.083,1.0,0.0581,142.377,0.263,Bb Mayor,2.0
cd7720f9-9d52-4ba9-8ddb-9a3977917a62,My Boy Only Breaks His Favorite Toys,452d52da-6695-442c-835a-6fe58f8ce7a6,THE TORTURED POETS DEPARTMENT,c7b330b5-a62e-420c-bf02-943ca6bb8746,Taylor Swift,203801,69,0.137,0.596,0.563,0.0,0.0,0.302,-7.362,1.0,0.0269,97.073,0.481,C Mayor,0.0
b8d6941c-c0c1-4c56-90d9-0990e2c03d55,Who’s Afraid of Little Old Me?,452d52da-6695-442c-835a-6fe58f8ce7a6,THE TORTURED POETS DEPARTMENT,c7b330b5-a62e-420c-bf02-943ca6bb8746,Taylor Swift,334084,72,0.315,0.606,0.338,0.0,0.0,0.106,-10.555,1.0,0.048,119.88,0.238,C Mayor,0.0
c8a1757b-5e1f-4332-9d7a-a26cbb1256c8,Fresh Out The Slammer,452d52da-6695-442c-835a-6fe58f8ce7a6,THE TORTURED POETS DEPARTMENT,c7b330b5-a62e-420c-bf02-943ca6bb8746,Taylor Swift,210789,63,0.624,0.33,0.483,0.0,9.0,0.111,-9.394,1.0,0.0399,87.115,0.34,A Mayor,3.0
729109ae-7527-4699-8621-4da3e4f1d4b4,The Tortured Poets Department,452d52da-6695-442c-835a-6fe58f8ce7a6,THE TORTURED POETS DEPARTMENT,c7b330b5-a62e-420c-bf02-943ca6bb8746,Taylor Swift,293048,68,0.0483,0.604,0.428,0.0,0.0,0.126,-8.441,1.0,0.0255,110.259,0.292,C Mayor,0.0
5649dfcb-7667-4304-80e8-d2ead64fca99,"So Long, London",452d52da-6695-442c-835a-6fe58f8ce7a6,THE TORTURED POETS DEPARTMENT,c7b330b5-a62e-420c-bf02-943ca6bb8746,Taylor Swift,262974,69,0.73,0.423,0.533,0.00264,9.0,0.0816,-11.388,1.0,0.322,160.218,0.248,A Mayor,3.0
3f1b284b-4997-4dfe-811b-ec1b72d4533d,Florida!!! (feat. Florence + The Machine),452d52da-6695-442c-835a-6fe58f8ce7a6,THE TORTURED POETS DEPARTMENT,c7b330b5-a62e-420c-bf02-943ca6bb8746,Taylor Swift,215463,70,0.178,0.533,0.573,0.0,0.0,0.309,-7.123,1.0,0.138,150.088,0.398,C Mayor,0.0
0a9b4efe-3dfc-48d0-94df-49fbbb3cb63e,I Can Do It With a Broken Heart,452d52da-6695-442c-835a-6fe58f8ce7a6,THE TORTURED POETS DEPARTMENT,c7b330b5-a62e-420c-bf02-943ca6bb8746,Taylor Swift,218004,81,0.123,0.701,0.751,0.0,0.0,0.15,-8.39,1.0,0.0502,129.994,0.22,C Mayor,0.0
c45a4f4c-63b7-4b67-b60e-1c5425016af2,But Daddy I Love Him,452d52da-6695-442c-835a-6fe58f8ce7a6,THE TORTURED POETS DEPARTMENT,c7b330b5-a62e-420c-bf02-943ca6bb8746,Taylor Swift,340428,70,0.384,0.521,0.72,0.0,4.0,0.135,-7.684,1.0,0.104,79.943,0.438,E Mayor,4.0
708380ce-d37c-470e-bc10-ea052afa4939,loml,452d52da-6695-442c-835a-6fe58f8ce7a6,THE TORTURED POETS DEPARTMENT,c7b330b5-a62e-420c-bf02-943ca6bb8746,Taylor Swift,277156,68,0.858,0.423,0.272,0.0,0.0,0.108,-12.56,1.0,0.0489,78.539,0.195,C Mayor,0.0
17124bba-32b6-4b65-aaca-79809146a56d,My Boy Only Breaks His Favorite Toys,de797858-53a7-4b95-9ed2-ad24d42b7fa8,THE TORTURED POETS DEPARTMENT,c7b330b5-a62e-420c-bf02-943ca6bb8746,Taylor Swift,203801,56,0.137,0.596,0.563,0.0,0.0,0.302,-7.362,1.0,0.0269,97.073,0.481,C Mayor,0.0
76259aa9-cdea-4d3c-b440-ac1d96b5d8d5,"So Long, London",de797858-53a7-4b95-9ed2-ad24d42b7fa8,THE TORTURED POETS DEPARTMENT,c7b330b5-a62e-420c-bf02-943ca6bb8746,Taylor Swift,262974,63,0.73,0.423,0.533,0.00264,9.0,0.0816,-11.388,1.0,0.322,160.218,0.248,A Mayor,3.0
64d7df25-4964-41b4-a973-4b703191dfac,Florida!!! (feat. Florence + The Machine),de797858-53a7-4b95-9ed2-ad24d42b7fa8,THE TORTURED POETS DEPARTMENT,c7b330b5-a62e-420c-bf02-943ca6bb8746,Taylor Swift,215463,45,0.166,0.513,0.581,0.0,0.0,0.15,-7.079,1.0,0.121,149.818,0.388,C Mayor,0.0
2bbfd22d-a61f-43b0-96cf-13237d1dccfa,The Smallest Man Who Ever Lived,de797858-53a7-4b95-9ed2-ad24d42b7fa8,THE TORTURED POETS DEPARTMENT,c7b330b5-a62e-420c-bf02-943ca6bb8746,Taylor Swift,245541,47,0.584,0.48,0.404,0.0,10.0,0.343,-8.957,1.0,0.0702,142.3,0.285,Bb Mayor,2.0
96fbe558-c824-4640-b09b-e4d3b34ecddf,But Daddy I Love Him,de797858-53a7-4b95-9ed2-ad24d42b7fa8,THE TORTURED POETS DEPARTMENT,c7b330b5-a62e-420c-bf02-943ca6bb8746,Taylor Swift,340428,41,0.383,0.384,0.72,0.0,4.0,0.139,-7.6,1.0,0.129,78.44,0.443,E Mayor,4.0
ce01bd33-1ab0-4ff0-bacc-dc6a89c5f9cb,I Can Do It With a Broken Heart,de797858-53a7-4b95-9ed2-ad24d42b7fa8,THE TORTURED POETS DEPARTMENT,c7b330b5-a62e-420c-bf02-943ca6bb8746,Taylor Swift,218004,53,0.102,0.702,0.751,0.0,0.0,0.13,-8.267,1.0,0.0525,129.97,0.211,C Mayor,0.0
105a35ad-8649-4b3c-8d70-0dc434d3ec0a,The Alchemy,de797858-53a7-4b95-9ed2-ad24d42b7fa8,THE TORTURED POETS DEPARTMENT,c7b330b5-a62e-420c-bf02-943ca6bb8746,Taylor Swift,196900,37,0.422,0.64,0.421,0.0,0.0,0.103,-8.802,1.0,0.0273,100.056,0.353,C Mayor,0.0
03bc28d6-81aa-4a80-b384-2e83e2e874b3,loml,de797858-53a7-4b95-9ed2-ad24d42b7fa8,THE TORTURED POETS DEPARTMENT,c7b330b5-a62e-420c-bf02-943ca6bb8746,Taylor Swift,277156,42,0.872,0.625,0.269,0.0,0.0,0.102,-12.616,1.0,0.0309,98.018,0.21,C Mayor,0.0
a03a5b00-3c17-4b36-9d9d-cac328ef9baa,Fortnight (feat. Post Malone),de797858-53a7-4b95-9ed2-ad24d42b7fa8,THE TORTURED POETS DEPARTMENT,c7b330b5-a62e-420c-bf02-943ca6bb8746,Taylor Swift,228965,47,0.502,0.504,0.386,1.53e-05,11.0,0.0961,-10.976,1.0,0.0308,192.004,0.281,B Mayor,5.0
c7bf94d3-ee9c-463c-adbf-b38e3c744827,The Tortured Poets Department,de797858-53a7-4b95-9ed2-ad24d42b7fa8,THE TORTURED POETS DEPARTMENT,c7b330b5-a62e-420c-bf02-943ca6bb8746,Taylor Swift,293048,40,0.0442,0.601,0.44,0.0,0.0,0.101,-8.303,1.0,0.0256,110.315,0.285,C Mayor,0.0
1b26aec4-ebfb-4dc6-8c7e-0a08b020f932,Clara Bow,de797858-53a7-4b95-9ed2-ad24d42b7fa8,THE TORTURED POETS DEPARTMENT,c7b330b5-a62e-420c-bf02-943ca6bb8746,Taylor Swift,216662,34,0.636,0.686,0.318,0.00144,7.0,0.106,-11.046,1.0,0.0263,104.088,0.214,G Mayor,1.0
9c4086f3-9231-4a91-b49f-914e44c68a7f,Who’s Afraid of Little Old Me?,de797858-53a7-4b95-9ed2-ad24d42b7fa8,THE TORTURED POETS DEPARTMENT,c7b330b5-a62e-420c-bf02-943ca6bb8746,Taylor Swift,334084,43,0.315,0.606,0.338,0.0,0.0,0.106,-10.555,1.0,0.048,119.88,0.238,C Mayor,0.0
87d60c6c-ed25-4e21-894c-e270b9fa82c4,Fresh Out The Slammer,de797858-53a7-4b95-9ed2-ad24d42b7fa8,THE TORTURED POETS DEPARTMENT,c7b330b5-a62e-420c-bf02-943ca6bb8746,Taylor Swift,210789,37,0.624,0.33,0.483,0.0,9.0,0.111,-9.394,1.0,0.0399,87.115,0.34,A Mayor,3.0
1437a386-4b0d-4528-a1c4-ea57d3152402,Down Bad,de797858-53a7-4b95-9ed2-ad24d42b7fa8,THE TORTURED POETS DEPARTMENT,c7b330b5-a62e-420c-bf02-943ca6bb8746,Taylor Swift,261228,41,0.536,0.537,0.374,1.05e-06,11.0,0.0946,-10.43,1.0,0.0793,159.823,0.13,B Mayor,5.0
a0d9a546-6595-41a4-9231-8e3359854a2e,Guilty as Sin?,de797858-53a7-4b95-9ed2-ad24d42b7fa8,THE TORTURED POETS DEPARTMENT,c7b330b5-a62e-420c-bf02-943ca6bb8746,Taylor Swift,254365,41,0.607,0.626,0.428,0.0,2.0,0.0921,-8.374,1.0,0.0261,94.95,0.487,D Mayor,2.0
e453cd85-4145-451b-b5c9-cea76a49c728,I Can Fix Him (No Really I Can),de797858-53a7-4b95-9ed2-ad24d42b7fa8,THE TORTURED POETS DEPARTMENT,c7b330b5-a62e-420c-bf02-943ca6bb8746,Taylor Swift,156297,34,0.768,0.661,0.257,1.72e-06,6.0,0.176,-13.961,0.0,0.045,106.896,0.318,F# Menor,3.0
bcd581b0-9acd-4a43-ad1a-f173234c38bf,All Too Well (10 Minute Version) (Taylor's Version) (From The Vault),082b236c-708e-4e8c-8d08-87d2cab66c0c,Red (Taylor's Version),c7b330b5-a62e-420c-bf02-943ca6bb8746,Taylor Swift,613026,48,0.279,0.631,0.522,0.0,0.0,0.0875,-8.649,1.0,0.0302,93.0,0.213,C Mayor,0.0
9f1603b6-22b7-4ab3-b6ec-b9d7f3b22cc1,Forever Winter (Taylor's Version) (From The Vault),082b236c-708e-4e8c-8d08-87d2cab66c0c,Red (Taylor's Version),c7b330b5-a62e-420c-bf02-943ca6bb8746,Taylor Swift,263533,51,0.256,0.611,0.552,0.0,7.0,0.134,-5.828,1.0,0.031,116.012,0.41,G Mayor,1.0
ded44082-5c64-49a2-8869-bfc0290314c3,Ronan (Taylor's Version),082b236c-708e-4e8c-8d08-87d2cab66c0c,Red (Taylor's Version),c7b330b5-a62e-420c-bf02-943ca6bb8746,Taylor Swift,264253,43,0.661,0.623,0.279,0.0,0.0,0.193,-10.802,1.0,0.031,116.04,0.38,C Mayor,0.0
c53bed07-dfc4-4eaf-ab85-4fa17907221b,Treacherous (Taylor's Version),082b236c-708e-4e8c-8d08-87d2cab66c0c,Red (Taylor's Version),c7b330b5-a62e-420c-bf02-943ca6bb8746,Taylor Swift,242720,39,0.0344,0.645,0.593,0.000127,2.0,0.13,-6.506,1.0,0.0288,109.984,0.299,D Mayor,2.0
e6aa3bed-5c1d-4d21-bf62-74ede245c853,The Moment I Knew (Taylor's Version),082b236c-708e-4e8c-8d08-87d2cab66c0c,Red (Taylor's Version),c7b330b5-a62e-420c-bf02-943ca6bb8746,Taylor Swift,285280,33,0.0494,0.636,0.402,0.0,7.0,0.107,-7.855,1.0,0.031,125.952,0.208,G Mayor,1.0
5d46ed27-dd9e-4ce7-9aac-45569d23907a,Stay Stay Stay (Taylor's Version),082b236c-708e-4e8c-8d08-87d2cab66c0c,Red (Taylor's Version),c7b330b5-a62e-420c-bf02-943ca6bb8746,Taylor Swift,205786,35,0.0848,0.693,0.681,0.0,0.0,0.0768,-7.039,1.0,0.025,100.02,0.663,C Mayor,0.0
53dcb6f8-2271-4389-acf6-49faaebdf852,Better Man (Taylor's Version) (From The Vault),082b236c-708e-4e8c-8d08-87d2cab66c0c,Red (Taylor's Version),c7b330b5-a62e-420c-bf02-943ca6bb8746,Taylor Swift,297013,53,0.214,0.473,0.579,0.0,4.0,0.0877,-5.824,1.0,0.0384,73.942,0.255,E Mayor,4.0
cb5e58b4-e9d7-4674-9453-b8e78d966173,Babe (Taylor's Version) (From The Vault),082b236c-708e-4e8c-8d08-87d2cab66c0c,Red (Taylor's Version),c7b330b5-a62e-420c-bf02-943ca6bb8746,Taylor Swift,224240,34,0.0538,0.584,0.743,2.83e-06,4.0,0.121,-7.075,1.0,0.0931,167.844,0.746,E Mayor,4.0
35599509-aa06-4b73-bd15-d884973d73b2,All Too Well (Taylor's Version),082b236c-708e-4e8c-8d08-87d2cab66c0c,Red (Taylor's Version),c7b330b5-a62e-420c-bf02-943ca6bb8746,Taylor Swift,329160,59,0.0171,0.44,0.528,0.00203,0.0,0.234,-7.809,1.0,0.0317,185.972,0.132,C Mayor,0.0
4f584099-1936-4510-a975-adfb4d264bb8,Sad Beautiful Tragic (Taylor's Version),082b236c-708e-4e8c-8d08-87d2cab66c0c,Red (Taylor's Version),c7b330b5-a62e-420c-bf02-943ca6bb8746,Taylor Swift,284773,46,0.622,0.601,0.406,9.19e-05,7.0,0.133,-11.827,1.0,0.0275,130.059,0.232,G Mayor,1.0
32929fa9-856f-49c1-8edd-e32851c87acf,Starlight (Taylor's Version),082b236c-708e-4e8c-8d08-87d2cab66c0c,Red (Taylor's Version),c7b330b5-a62e-420c-bf02-943ca6bb8746,Taylor Swift,220413,36,0.00324,0.628,0.685,0.0,4.0,0.18,-5.864,1.0,0.0358,126.014,0.605,E Mayor,4.0
6e9d012f-4509-4078-8fa9-c3bcebac1707,The Last Time (feat. Gary Lightbody of Snow Patrol) (Taylor’s Version),082b236c-708e-4e8c-8d08-87d2cab66c0c,Red (Taylor's Version),c7b330b5-a62e-420c-bf02-943ca6bb8746,Taylor Swift,299080,37,0.0399,0.502,0.534,0.0,2.0,0.0977,-5.954,1.0,0.0278,94.05,0.155,D Mayor,2.0
e3ce179f-5b87-4b0b-bd91-bbcb88010973,22 (Taylor's Version),082b236c-708e-4e8c-8d08-87d2cab66c0c,Red (Taylor's Version),c7b330b5-a62e-420c-bf02-943ca6bb8746,Taylor Swift,230960,61,0.000443,0.642,0.695,1.02e-05,7.0,0.0753,-5.62,1.0,0.0281,103.984,0.642,G Mayor,1.0
57846080-b155-4e91-a5a1-fa7bacf447d1,We Are Never Ever Getting Back Together (Taylor's Version),082b236c-708e-4e8c-8d08-87d2cab66c0c,Red (Taylor's Version),c7b330b5-a62e-420c-bf02-943ca6bb8746,Taylor Swift,193146,63,0.0317,0.567,0.686,1.86e-06,7.0,0.0732,-6.139,1.0,0.175,172.014,0.716,G Mayor,1.0
b9e02f7c-eb95-4288-8eaf-b3a5bc250da8,Begin Again (Taylor's Version),082b236c-708e-4e8c-8d08-87d2cab66c0c,Red (Taylor's Version),c7b330b5-a62e-420c-bf02-943ca6bb8746,Taylor Swift,238866,36,0.075,0.519,0.527,0.0,7.0,0.132,-7.673,1.0,0.0274,78.915,0.267,G Mayor,1.0
0cdd61e5-cb5c-427c-b456-271a56aa04fc,State Of Grace (Acoustic Version) (Taylor's Version),082b236c-708e-4e8c-8d08-87d2cab66c0c,Red (Taylor's Version),c7b330b5-a62e-420c-bf02-943ca6bb8746,Taylor Swift,321640,35,0.663,0.445,0.131,1.57e-06,7.0,0.108,-13.778,1.0,0.0564,208.918,0.101,G Mayor,1.0
39db7ba3-bf40-41b3-8309-d39a36babb7b,Nothing New (feat. Phoebe Bridgers) (Taylor’s Version) (From The Vault),082b236c-708e-4e8c-8d08-87d2cab66c0c,Red (Taylor's Version),c7b330b5-a62e-420c-bf02-943ca6bb8746,Taylor Swift,258812,40,0.817,0.606,0.377,0.0,0.0,0.154,-9.455,1.0,0.0275,101.96,0.446,C Mayor,0.0
b21120fb-eb2c-4465-9103-c637e3dfe613,Run (feat. Ed Sheeran) (Taylor’s Version) (From The Vault),082b236c-708e-4e8c-8d08-87d2cab66c0c,Red (Taylor's Version),c7b330b5-a62e-420c-bf02-943ca6bb8746,Taylor Swift,240226,35,0.817,0.61,0.488,0.0,3.0,0.312,-6.918,1.0,0.0293,125.039,0.443,Eb Mayor,3.0
e3059f52-606e-40be-bdfd-d3dc71d7a0af,State Of Grace (Taylor's Version),082b236c-708e-4e8c-8d08-87d2cab66c0c,Red (Taylor's Version),c7b330b5-a62e-420c-bf02-943ca6bb8746,Taylor Swift,295413,52,0.000328,0.594,0.713,0.0,9.0,0.114,-5.314,1.0,0.0503,129.958,0.328,A Mayor,3.0
2843ca3c-e053-4c7b-858a-4a8f00211a08,I Bet You Think About Me (feat. Chris Stapleton) (Taylor’s Version) (From The Vault),082b236c-708e-4e8c-8d08-87d2cab66c0c,Red (Taylor's Version),c7b330b5-a62e-420c-bf02-943ca6bb8746,Taylor Swift,285106,40,0.16,0.403,0.714,0.0,0.0,0.179,-4.514,1.0,0.0488,149.67,0.482,C Mayor,0.0
8db4d963-7293-4894-a0ac-b0787989c268,Everything Has Changed (feat. Ed Sheeran) (Taylor’s Version),082b236c-708e-4e8c-8d08-87d2cab66c0c,Red (Taylor's Version),c7b330b5-a62e-420c-bf02-943ca6bb8746,Taylor Swift,245426,40,0.271,0.498,0.61,0.0,6.0,0.223,-5.098,1.0,0.0363,79.918,0.474,F# Mayor,5.0
05c4638d-f8aa-4c22-aca3-bac953f7ad00,Come Back...Be Here (Taylor's Version),082b236c-708e-4e8c-8d08-87d2cab66c0c,Red (Taylor's Version),c7b330b5-a62e-420c-bf02-943ca6bb8746,Taylor Swift,223333,35,0.0158,0.46,0.632,0.0,4.0,0.0822,-6.031,1.0,0.0302,79.846,0.399,E Mayor,4.0
9e32c185-bf57-4198-afd3-1bcfd3e26fe3,Holy Ground (Taylor's Version),082b236c-708e-4e8c-8d08-87d2cab66c0c,Red (Taylor's Version),c7b330b5-a62e-420c-bf02-943ca6bb8746,Taylor Swift,202960,48,0.0288,0.622,0.809,0.00218,9.0,0.109,-5.623,1.0,0.0638,156.894,0.511,A Mayor,3.0
1d74cdc4-aba8-4311-bb61-67728e9b14c4,The Lucky One (Taylor's Version),082b236c-708e-4e8c-8d08-87d2cab66c0c,Red (Taylor's Version),c7b330b5-a62e-420c-bf02-943ca6bb8746,Taylor Swift,240466,34,0.066,0.686,0.571,0.0,4.0,0.0608,-7.138,1.0,0.05,117.889,0.538,E Mayor,4.0
dec7dec1-f194-49d3-ba33-0c0ed96119e2,I Almost Do (Taylor's Version),082b236c-708e-4e8c-8d08-87d2cab66c0c,Red (Taylor's Version),c7b330b5-a62e-420c-bf02-943ca6bb8746,Taylor Swift,244586,34,0.0167,0.511,0.559,0.0,4.0,0.113,-6.587,1.0,0.0264,145.88,0.248,E Mayor,4.0
1f88d517-1878-4665-8b03-796ce452ee2b,Girl At Home (Taylor's Version),082b236c-708e-4e8c-8d08-87d2cab66c0c,Red (Taylor's Version),c7b330b5-a62e-420c-bf02-943ca6bb8746,Taylor Swift,220520,33,0.00955,0.691,0.736,1.88e-05,5.0,0.101,-6.974,1.0,0.0326,125.089,0.612,F Mayor,1.0
038fe988-1081-45e9-b117-40868b41d1a4,Message In A Bottle (Taylor's Version) (From The Vault),082b236c-708e-4e8c-8d08-87d2cab66c0c,Red (Taylor's Version),c7b330b5-a62e-420c-bf02-943ca6bb8746,Taylor Swift,225960,39,0.00188,0.622,0.791,3.72e-06,7.0,0.083,-6.106,1.0,0.0535,115.915,0.494,G Mayor,1.0
7cb4fafe-8408-4031-a1b8-24963d43324e,I Knew You Were Trouble (Taylor's Version),082b236c-708e-4e8c-8d08-87d2cab66c0c,Red (Taylor's Version),c7b330b5-a62e-420c-bf02-943ca6bb8746,Taylor Swift,219760,67,0.0129,0.584,0.557,0.0,6.0,0.0576,-6.371,1.0,0.0342,154.008,0.767,F# Mayor,5.0
d7b93bb4-134f-441a-8124-7d0343082dab,Red (Taylor's Version),082b236c-708e-4e8c-8d08-87d2cab66c0c,Red (Taylor's Version),c7b330b5-a62e-420c-bf02-943ca6bb8746,Taylor Swift,223093,40,0.00108,0.516,0.777,1.62e-06,1.0,0.0761,-4.908,0.0,0.0375,125.047,0.408,C# Menor,4.0
9151a603-9367-4738-bd82-00a00927fd8f,The Very First Night (Taylor's Version) (From The Vault),082b236c-708e-4e8c-8d08-87d2cab66c0c,Red (Taylor's Version),c7b330b5-a62e-420c-bf02-943ca6bb8746,Taylor Swift,200280,36,0.00115,0.678,0.733,0.0,7.0,0.104,-5.025,1.0,0.0281,121.009,0.581,G Mayor,1.0
70b85474-5c5e-4430-a309-f1d71ee5cb23,Nothing New (feat. Phoebe Bridgers) (Taylor’s Version) (From The Vault),9365ece5-2b0c-4d37-9ef0-3e4e5d47a65a,Red (Taylor's Version),c7b330b5-a62e-420c-bf02-943ca6bb8746,Taylor Swift,258812,69,0.817,0.606,0.377,0.0,0.0,0.154,-9.455,1.0,0.0275,101.96,0.446,C Mayor,0.0
dbf827c1-fcbc-4151-b8ff-d1b4f6bb79cc,Begin Again (Taylor's Version),9365ece5-2b0c-4d37-9ef0-3e4e5d47a65a,Red (Taylor's Version),c7b330b5-a62e-420c-bf02-943ca6bb8746,Taylor Swift,238866,67,0.075,0.519,0.527,0.0,7.0,0.132,-7.673,1.0,0.0274,78.915,0.267,G Mayor,1.0
bd27bf5f-c54b-47a2-ad97-fbc70e05d2be,Girl At Home (Taylor's Version),9365ece5-2b0c-4d37-9ef0-3e4e5d47a65a,Red (Taylor's Version),c7b330b5-a62e-420c-bf02-943ca6bb8746,Taylor Swift,220520,59,0.00955,0.691,0.736,1.88e-05,5.0,0.101,-6.974,1.0,0.0326,125.089,0.612,F Mayor,1.0
5ce5fe7b-794d-484a-af3d-ef67e25f1a6b,The Moment I Knew (Taylor's Version),9365ece5-2b0c-4d37-9ef0-3e4e5d47a65a,Red (Taylor's Version),c7b330b5-a62e-420c-bf02-943ca6bb8746,Taylor Swift,285280,61,0.0494,0.636,0.402,0.0,7.0,0.107,-7.855,1.0,0.031,125.952,0.208,G Mayor,1.0
4dd7a58b-8e93-4b5e-b101-a6e4eba4f0bc,Babe (Taylor's Version) (From The Vault),9365ece5-2b0c-4d37-9ef0-3e4e5d47a65a,Red (Taylor's Version),c7b330b5-a62e-420c-bf02-943ca6bb8746,Taylor Swift,224240,64,0.0538,0.584,0.743,2.83e-06,4.0,0.121,-7.075,1.0,0.0931,167.844,0.746,E Mayor,4.0
2eb97544-ab48-4e47-934f-ef79690fc415,The Last Time (feat. Gary Lightbody of Snow Patrol) (Taylor’s Version),9365ece5-2b0c-4d37-9ef0-3e4e5d47a65a,Red (Taylor's Version),c7b330b5-a62e-420c-bf02-943ca6bb8746,Taylor Swift,299080,66,0.0399,0.502,0.534,0.0,2.0,0.0977,-5.954,1.0,0.0278,94.05,0.155,D Mayor,2.0
40086776-e1e2-46e3-92bd-9fb79a9acaa2,I Almost Do (Taylor's Version),9365ece5-2b0c-4d37-9ef0-3e4e5d47a65a,Red (Taylor's Version),c7b330b5-a62e-420c-bf02-943ca6bb8746,Taylor Swift,244586,62,0.0167,0.511,0.559,0.0,4.0,0.113,-6.587,1.0,0.0264,145.88,0.248,E Mayor,4.0
b017a01b-f0bc-4e86-996a-fd621cb560d2,All Too Well (Taylor's Version),9365ece5-2b0c-4d37-9ef0-3e4e5d47a65a,Red (Taylor's Version),c7b330b5-a62e-420c-bf02-943ca6bb8746,Taylor Swift,329160,69,0.0171,0.44,0.528,0.00203,0.0,0.234,-7.809,1.0,0.0317,185.972,0.132,C Mayor,0.0
1204ff3e-fad2-4f38-afa8-48615ac9c719,Forever Winter (Taylor's Version) (From The Vault),9365ece5-2b0c-4d37-9ef0-3e4e5d47a65a,Red (Taylor's Version),c7b330b5-a62e-420c-bf02-943ca6bb8746,Taylor Swift,263533,61,0.256,0.611,0.552,0.0,7.0,0.134,-5.828,1.0,0.031,116.012,0.41,G Mayor,1.0
c01febf6-1d72-4b2a-86e5-7e55458aeee1,Treacherous (Taylor's Version),9365ece5-2b0c-4d37-9ef0-3e4e5d47a65a,Red (Taylor's Version),c7b330b5-a62e-420c-bf02-943ca6bb8746,Taylor Swift,242720,63,0.0344,0.645,0.593,0.000127,2.0,0.13,-6.506,1.0,0.0288,109.984,0.299,D Mayor,2.0
c41503a6-50e4-4831-a4d7-37980847646b,22 (Taylor's Version),9365ece5-2b0c-4d37-9ef0-3e4e5d47a65a,Red (Taylor's Version),c7b330b5-a62e-420c-bf02-943ca6bb8746,Taylor Swift,230960,71,0.000443,0.642,0.695,1.02e-05,7.0,0.0753,-5.62,1.0,0.0281,103.984,0.642,G Mayor,1.0
76900db4-4fb0-4c35-9f84-b6c7240d347a,Message In A Bottle (Taylor's Version) (From The Vault),9365ece5-2b0c-4d37-9ef0-3e4e5d47a65a,Red (Taylor's Version),c7b330b5-a62e-420c-bf02-943ca6bb8746,Taylor Swift,225960,68,0.00188,0.622,0.791,3.72e-06,7.0,0.083,-6.106,1.0,0.0535,115.915,0.494,G Mayor,1.0
dd518d86-915c-4e0b-aaf2-3c88e0d1da35,I Bet You Think About Me (feat. Chris Stapleton) (Taylor’s Version) (From The Vault),9365ece5-2b0c-4d37-9ef0-3e4e5d47a65a,Red (Taylor's Version),c7b330b5-a62e-420c-bf02-943ca6bb8746,Taylor Swift,285106,68,0.167,0.391,0.715,0.0,0.0,0.183,-4.516,1.0,0.0495,149.654,0.473,C Mayor,0.0
71984261-b219-4030-b311-31be9691d118,The Lucky One (Taylor's Version),9365ece5-2b0c-4d37-9ef0-3e4e5d47a65a,Red (Taylor's Version),c7b330b5-a62e-420c-bf02-943ca6bb8746,Taylor Swift,240466,60,0.066,0.686,0.571,0.0,4.0,0.0608,-7.138,1.0,0.05,117.889,0.538,E Mayor,4.0
df6ae9cd-1b2a-42e9-9e63-35bd51c70477,Run (feat. Ed Sheeran) (Taylor’s Version) (From The Vault),9365ece5-2b0c-4d37-9ef0-3e4e5d47a65a,Red (Taylor's Version),c7b330b5-a62e-420c-bf02-943ca6bb8746,Taylor Swift,240226,62,0.817,0.61,0.488,0.0,3.0,0.312,-6.918,1.0,0.0293,125.039,0.443,Eb Mayor,3.0
c5046b34-04da-43f4-855f-9a07d1c7d5da,Red (Taylor's Version),9365ece5-2b0c-4d37-9ef0-3e4e5d47a65a,Red (Taylor's Version),c7b330b5-a62e-420c-bf02-943ca6bb8746,Taylor Swift,223093,71,0.00108,0.516,0.777,1.62e-06,1.0,0.0761,-4.908,0.0,0.0375,125.047,0.408,C# Menor,4.0
4e9a3e5d-55f3-4ead-b65e-59d08dc7ec76,Better Man (Taylor's Version) (From The Vault),9365ece5-2b0c-4d37-9ef0-3e4e5d47a65a,Red (Taylor's Version),c7b330b5-a62e-420c-bf02-943ca6bb8746,Taylor Swift,297013,65,0.214,0.473,0.579,0.0,4.0,0.0877,-5.824,1.0,0.0384,73.942,0.255,E Mayor,4.0
84f53d00-8777-4a45-a01e-79c7e534bb66,Come Back...Be Here (Taylor's Version),9365ece5-2b0c-4d37-9ef0-3e4e5d47a65a,Red (Taylor's Version),c7b330b5-a62e-420c-bf02-943ca6bb8746,Taylor Swift,223333,64,0.0158,0.46,0.632,0.0,4.0,0.0822,-6.031,1.0,0.0302,79.846,0.399,E Mayor,4.0
9ebd39e3-d5d6-4d3a-89ae-d26fabf08584,All Too Well (10 Minute Version) (Taylor's Version) (From The Vault),9365ece5-2b0c-4d37-9ef0-3e4e5d47a65a,Red (Taylor's Version),c7b330b5-a62e-420c-bf02-943ca6bb8746,Taylor Swift,613026,78,0.274,0.631,0.518,0.0,0.0,0.088,-8.771,1.0,0.0303,93.023,0.205,C Mayor,0.0
81c0f2b1-34de-42f7-9fce-5bfbae741ae9,State Of Grace (Acoustic Version) (Taylor's Version),9365ece5-2b0c-4d37-9ef0-3e4e5d47a65a,Red (Taylor's Version),c7b330b5-a62e-420c-bf02-943ca6bb8746,Taylor Swift,321640,59,0.663,0.445,0.131,1.57e-06,7.0,0.108,-13.778,1.0,0.0564,208.918,0.101,G Mayor,1.0
cfda8634-a98d-4463-bf46-1b14e5bbe5db,We Are Never Ever Getting Back Together (Taylor's Version),9365ece5-2b0c-4d37-9ef0-3e4e5d47a65a,Red (Taylor's Version),c7b330b5-a62e-420c-bf02-943ca6bb8746,Taylor Swift,193146,72,0.0317,0.567,0.686,1.86e-06,7.0,0.0732,-6.139,1.0,0.175,172.014,0.716,G Mayor,1.0
cc0c6be8-0f99-4edf-9b3f-f1bb147ef4fe,I Knew You Were Trouble (Taylor's Version),9365ece5-2b0c-4d37-9ef0-3e4e5d47a65a,Red (Taylor's Version),c7b330b5-a62e-420c-bf02-943ca6bb8746,Taylor Swift,219760,71,0.0129,0.584,0.557,0.0,6.0,0.0576,-6.371,1.0,0.0342,154.008,0.767,F# Mayor,5.0
5f35ee2b-85f6-4dac-bdde-9cbc7006d6bc,State Of Grace (Taylor's Version),9365ece5-2b0c-4d37-9ef0-3e4e5d47a65a,Red (Taylor's Version),c7b330b5-a62e-420c-bf02-943ca6bb8746,Taylor Swift,295413,62,0.000328,0.594,0.713,0.0,9.0,0.114,-5.314,1.0,0.0503,129.958,0.328,A Mayor,3.0
c46500e4-32d2-4f4e-80ec-72fa18cd2669,The Very First Night (Taylor's Version) (From The Vault),9365ece5-2b0c-4d37-9ef0-3e4e5d47a65a,Red (Taylor's Version),c7b330b5-a62e-420c-bf02-943ca6bb8746,Taylor Swift,200280,66,0.00115,0.678,0.733,0.0,7.0,0.104,-5.025,1.0,0.0281,121.009,0.581,G Mayor,1.0
d4d2ceca-5ad9-472b-b6de-755627992c3d,Sad Beautiful Tragic (Taylor's Version),9365ece5-2b0c-4d37-9ef0-3e4e5d47a65a,Red (Taylor's Version),c7b330b5-a62e-420c-bf02-943ca6bb8746,Taylor Swift,284773,63,0.622,0.601,0.406,9.19e-05,7.0,0.133,-11.827,1.0,0.0275,130.059,0.232,G Mayor,1.0
22266742-7737-420d-b30f-4469547e6afa,Starlight (Taylor's Version),9365ece5-2b0c-4d37-9ef0-3e4e5d47a65a,Red (Taylor's Version),c7b330b5-a62e-420c-bf02-943ca6bb8746,Taylor Swift,220413,60,0.00324,0.628,0.685,0.0,4.0,0.18,-5.864,1.0,0.0358,126.014,0.605,E Mayor,4.0
30b60bbc-48b6-455c-a1e1-dd57ba90d1e9,Stay Stay Stay (Taylor's Version),9365ece5-2b0c-4d37-9ef0-3e4e5d47a65a,Red (Taylor's Version),c7b330b5-a62e-420c-bf02-943ca6bb8746,Taylor Swift,205786,61,0.0848,0.693,0.681,0.0,0.0,0.0768,-7.039,1.0,0.025,100.02,0.663,C Mayor,0.0
6d1073ac-1685-4f27-876d-ae2e3c4a8bff,Holy Ground (Taylor's Version),9365ece5-2b0c-4d37-9ef0-3e4e5d47a65a,Red (Taylor's Version),c7b330b5-a62e-420c-bf02-943ca6bb8746,Taylor Swift,202960,61,0.0288,0.622,0.809,0.00218,9.0,0.109,-5.623,1.0,0.0638,156.894,0.511,A Mayor,3.0
5f904c56-a81c-4ad6-ac1b-8b7de6d7dded,Ronan (Taylor's Version),9365ece5-2b0c-4d37-9ef0-3e4e5d47a65a,Red (Taylor's Version),c7b330b5-a62e-420c-bf02-943ca6bb8746,Taylor Swift,264253,56,0.661,0.623,0.279,0.0,0.0,0.193,-10.802,1.0,0.031,116.04,0.38,C Mayor,0.0
b6baf850-c34a-4a9c-8dc7-e7be685c2c38,Everything Has Changed (feat. Ed Sheeran) (Taylor’s Version),9365ece5-2b0c-4d37-9ef0-3e4e5d47a65a,Red (Taylor's Version),c7b330b5-a62e-420c-bf02-943ca6bb8746,Taylor Swift,245426,68,0.271,0.498,0.61,0.0,6.0,0.223,-5.098,1.0,0.0363,79.918,0.474,F# Mayor,5.0
48326124-1f44-4427-ab1d-4277e036df1e,Anti-Hero,d34c6087-2848-4df9-9443-073235e25ced,Midnights (3am Edition),c7b330b5-a62e-420c-bf02-943ca6bb8746,Taylor Swift,200690,59,0.121,0.633,0.648,2.62e-06,4.0,0.161,-6.645,1.0,0.062,96.888,0.49,E Mayor,4.0
9d445ee3-7213-4521-aeca-5b3f7a0c0fdc,"Would've, Could've, Should've",d34c6087-2848-4df9-9443-073235e25ced,Midnights (3am Edition),c7b330b5-a62e-420c-bf02-943ca6bb8746,Taylor Swift,260361,65,0.393,0.485,0.846,0.00115,0.0,0.124,-6.557,1.0,0.117,157.918,0.548,C Mayor,0.0
ae9d96eb-ee0f-410f-b6af-d684630610e9,Bigger Than The Whole Sky,d34c6087-2848-4df9-9443-073235e25ced,Midnights (3am Edition),c7b330b5-a62e-420c-bf02-943ca6bb8746,Taylor Swift,218502,64,0.841,0.42,0.22,0.00131,6.0,0.114,-12.584,1.0,0.0472,165.564,0.0705,F# Mayor,5.0
afed966c-89ab-4d2c-92a7-f72b23be6f41,Bejeweled,d34c6087-2848-4df9-9443-073235e25ced,Midnights (3am Edition),c7b330b5-a62e-420c-bf02-943ca6bb8746,Taylor Swift,194165,60,0.0593,0.687,0.551,0.000143,7.0,0.09,-9.202,1.0,0.0787,163.994,0.443,G Mayor,1.0
add3d52c-0747-49aa-962b-efccb9d3a3a7,Maroon,d34c6087-2848-4df9-9443-073235e25ced,Midnights (3am Edition),c7b330b5-a62e-420c-bf02-943ca6bb8746,Taylor Swift,218270,59,0.0634,0.655,0.384,1.45e-06,7.0,0.0973,-8.29,1.0,0.0349,108.058,0.0384,G Mayor,1.0
ab68b898-eaf8-4f39-a664-213ec03daf5a,Dear Reader,d34c6087-2848-4df9-9443-073235e25ced,Midnights (3am Edition),c7b330b5-a62e-420c-bf02-943ca6bb8746,Taylor Swift,225194,61,0.464,0.674,0.39,0.00122,0.0,0.116,-11.944,1.0,0.0483,107.891,0.151,C Mayor,0.0
4c195b7a-c7d6-407b-80f5-a23e45c144ac,The Great War,d34c6087-2848-4df9-9443-073235e25ced,Midnights (3am Edition),c7b330b5-a62e-420c-bf02-943ca6bb8746,Taylor Swift,240355,66,0.199,0.57,0.747,2.32e-05,5.0,0.0854,-8.93,1.0,0.0342,96.016,0.574,F Mayor,1.0
6e439277-5e92-4a8c-be60-55ad4b199252,Sweet Nothing,d34c6087-2848-4df9-9443-073235e25ced,Midnights (3am Edition),c7b330b5-a62e-420c-bf02-943ca6bb8746,Taylor Swift,188496,58,0.968,0.336,0.161,0.00011,0.0,0.115,-14.973,1.0,0.0456,176.48,0.407,C Mayor,0.0
bf4a1819-8382-4610-9d1e-07e8cf5e28ba,Labyrinth,d34c6087-2848-4df9-9443-073235e25ced,Midnights (3am Edition),c7b330b5-a62e-420c-bf02-943ca6bb8746,Taylor Swift,247962,56,0.797,0.48,0.295,0.333,0.0,0.12,-15.512,1.0,0.0384,110.018,0.132,C Mayor,0.0
3b48ff39-529a-4618-b9ea-b53da618fb5c,Lavender Haze,d34c6087-2848-4df9-9443-073235e25ced,Midnights (3am Edition),c7b330b5-a62e-420c-bf02-943ca6bb8746,Taylor Swift,202395,59,0.23,0.735,0.449,0.00126,7.0,0.132,-10.56,0.0,0.0883,97.05,0.0955,G Menor,2.0
6b4ddff5-e6b0-4ca9-8b28-bd290791d03e,Mastermind,d34c6087-2848-4df9-9443-073235e25ced,Midnights (3am Edition),c7b330b5-a62e-420c-bf02-943ca6bb8746,Taylor Swift,191039,60,0.565,0.66,0.343,0.00134,4.0,0.0922,-14.132,1.0,0.14,125.96,0.137,E Mayor,4.0
f2ab0b1d-c850-455e-8817-4bfcc08da8e3,High Infidelity,d34c6087-2848-4df9-9443-073235e25ced,Midnights (3am Edition),c7b330b5-a62e-420c-bf02-943ca6bb8746,Taylor Swift,231475,61,0.704,0.571,0.547,0.0,10.0,0.0877,-10.141,1.0,0.101,175.933,0.768,Bb Mayor,2.0
8dad81b6-8342-43e3-bc3d-f1cea7c1a9fa,Karma,d34c6087-2848-4df9-9443-073235e25ced,Midnights (3am Edition),c7b330b5-a62e-420c-bf02-943ca6bb8746,Taylor Swift,204852,61,0.062,0.64,0.619,0.0,8.0,0.475,-7.108,1.0,0.065,90.008,0.121,Ab Mayor,4.0
f8220d61-065a-4d68-a5c7-15be883b6263,Vigilante Shit,d34c6087-2848-4df9-9443-073235e25ced,Midnights (3am Edition),c7b330b5-a62e-420c-bf02-943ca6bb8746,Taylor Swift,164801,58,0.166,0.872,0.267,2.18e-05,4.0,0.123,-10.764,0.0,0.387,79.964,0.168,E Menor,1.0
b9f7c8a7-c44d-4aeb-8a86-584a9517a8fb,Snow On The Beach (feat. Lana Del Rey),d34c6087-2848-4df9-9443-073235e25ced,Midnights (3am Edition),c7b330b5-a62e-420c-bf02-943ca6bb8746,Taylor Swift,256124,57,0.701,0.663,0.321,0.000598,9.0,0.107,-13.527,1.0,0.0409,110.021,0.153,A Mayor,3.0
77758e15-ecac-45f9-ba72-08ed61783a80,Question...?,d34c6087-2848-4df9-9443-073235e25ced,Midnights (3am Edition),c7b330b5-a62e-420c-bf02-943ca6bb8746,Taylor Swift,210556,55,0.206,0.654,0.51,0.0,7.0,0.249,-8.767,1.0,0.242,108.874,0.105,G Mayor,1.0
31bc0d35-16f7-4d7b-a688-b1bb507202f7,Midnight Rain,d34c6087-2848-4df9-9443-073235e25ced,Midnights (3am Edition),c7b330b5-a62e-420c-bf02-943ca6bb8746,Taylor Swift,174782,59,0.71,0.604,0.375,5.87e-05,0.0,0.116,-11.637,1.0,0.0633,137.651,0.203,C Mayor,0.0
8d482af1-b5de-4877-9188-7e89aaaa19e6,Glitch,d34c6087-2848-4df9-9443-073235e25ced,Midnights (3am Edition),c7b330b5-a62e-420c-bf02-943ca6bb8746,Taylor Swift,148781,60,0.314,0.677,0.47,0.0,11.0,0.11,-9.65,0.0,0.259,140.881,0.347,B Menor,2.0
3bd95d8e-70aa-4d19-aeb2-6be4c3b86e42,Paris,d34c6087-2848-4df9-9443-073235e25ced,Midnights (3am Edition),c7b330b5-a62e-420c-bf02-943ca6bb8746,Taylor Swift,196258,62,0.103,0.703,0.518,2.89e-05,7.0,0.148,-10.501,1.0,0.085,110.94,0.347,G Mayor,1.0
554ee6af-6419-4e85-9b92-c1c61ee1bf11,"You're On Your Own, Kid",d34c6087-2848-4df9-9443-073235e25ced,Midnights (3am Edition),c7b330b5-a62e-420c-bf02-943ca6bb8746,Taylor Swift,194206,60,0.447,0.696,0.39,1.55e-05,2.0,0.125,-10.331,1.0,0.0616,120.032,0.395,D Mayor,2.0
992a9d11-4c79-40d7-a8f3-d725ebb42429,Anti-Hero,db0ad2a0-cbcc-4e58-b761-72fbb17aa2a1,Midnights,c7b330b5-a62e-420c-bf02-943ca6bb8746,Taylor Swift,200690,39,0.121,0.633,0.648,2.62e-06,4.0,0.161,-6.645,1.0,0.062,96.888,0.49,E Mayor,4.0
34491fa8-0d79-423c-b973-d31fdbaca86c,Midnight Rain,db0ad2a0-cbcc-4e58-b761-72fbb17aa2a1,Midnights,c7b330b5-a62e-420c-bf02-943ca6bb8746,Taylor Swift,174782,38,0.71,0.604,0.375,5.87e-05,0.0,0.116,-11.637,1.0,0.0633,137.651,0.203,C Mayor,0.0
dff3c493-a682-420d-ba21-888a1cea139a,Labyrinth,db0ad2a0-cbcc-4e58-b761-72fbb17aa2a1,Midnights,c7b330b5-a62e-420c-bf02-943ca6bb8746,Taylor Swift,247962,30,0.797,0.48,0.295,0.333,0.0,0.12,-15.512,1.0,0.0384,110.018,0.132,C Mayor,0.0
0c509710-dddc-49fb-af96-856f7d8812e0,Snow On The Beach (feat. Lana Del Rey),db0ad2a0-cbcc-4e58-b761-72fbb17aa2a1,Midnights,c7b330b5-a62e-420c-bf02-943ca6bb8746,Taylor Swift,256124,35,0.675,0.65,0.328,0.00263,9.0,0.169,-13.465,1.0,0.04,109.973,0.166,A Mayor,3.0
f7bd581e-c749-49c8-9ec6-691de22755a1,Question...?,db0ad2a0-cbcc-4e58-b761-72fbb17aa2a1,Midnights,c7b330b5-a62e-420c-bf02-943ca6bb8746,Taylor Swift,210556,30,0.238,0.615,0.496,0.0,7.0,0.228,-8.749,1.0,0.248,108.847,0.103,G Mayor,1.0
e1c73641-8f31-47f0-8fe7-0a5250ee4e9c,Lavender Haze,db0ad2a0-cbcc-4e58-b761-72fbb17aa2a1,Midnights,c7b330b5-a62e-420c-bf02-943ca6bb8746,Taylor Swift,202395,41,0.221,0.739,0.459,0.0018,8.0,0.167,-10.597,1.0,0.0794,96.993,0.106,Ab Mayor,4.0
693c5c3a-22bc-4955-9dca-40021504fb43,Bejeweled,db0ad2a0-cbcc-4e58-b761-72fbb17aa2a1,Midnights,c7b330b5-a62e-420c-bf02-943ca6bb8746,Taylor Swift,194165,38,0.0593,0.687,0.551,0.000143,7.0,0.09,-9.202,1.0,0.0787,163.994,0.443,G Mayor,1.0
b3dc9066-ceef-4c3a-8e77-a26b6216d97a,Sweet Nothing,db0ad2a0-cbcc-4e58-b761-72fbb17aa2a1,Midnights,c7b330b5-a62e-420c-bf02-943ca6bb8746,Taylor Swift,188496,32,0.968,0.336,0.161,0.00011,0.0,0.115,-14.973,1.0,0.0456,176.48,0.407,C Mayor,0.0
a1cc1d11-de66-47a2-986a-4fe851adb797,Karma,db0ad2a0-cbcc-4e58-b761-72fbb17aa2a1,Midnights,c7b330b5-a62e-420c-bf02-943ca6bb8746,Taylor Swift,204852,38,0.0794,0.64,0.623,0.0,8.0,0.501,-7.038,1.0,0.0938,90.001,0.106,Ab Mayor,4.0
b47fe9fd-73e6-43c7-a53d-c8a9493bf9df,"You're On Your Own, Kid",db0ad2a0-cbcc-4e58-b761-72fbb17aa2a1,Midnights,c7b330b5-a62e-420c-bf02-943ca6bb8746,Taylor Swift,194206,37,0.447,0.696,0.39,1.55e-05,2.0,0.125,-10.331,1.0,0.0616,120.032,0.395,D Mayor,2.0
03b01e54-345d-492a-8761-ccb80bdbb153,Maroon,db0ad2a0-cbcc-4e58-b761-72fbb17aa2a1,Midnights,c7b330b5-a62e-420c-bf02-943ca6bb8746,Taylor Swift,218270,40,0.0502,0.655,0.401,1.55e-06,7.0,0.0951,-8.414,1.0,0.0362,108.081,0.0375,G Mayor,1.0
73dc4a98-c784-4da9-93ad-8339d8946e00,Vigilante Shit,db0ad2a0-cbcc-4e58-b761-72fbb17aa2a1,Midnights,c7b330b5-a62e-420c-bf02-943ca6bb8746,Taylor Swift,164801,35,0.157,0.876,0.275,5.46e-05,4.0,0.126,-10.729,0.0,0.406,79.975,0.179,E Menor,1.0
70b175cc-ce8f-414e-9238-7153bf4de0f4,Mastermind,db0ad2a0-cbcc-4e58-b761-72fbb17aa2a1,Midnights,c7b330b5-a62e-420c-bf02-943ca6bb8746,Taylor Swift,191039,33,0.565,0.66,0.343,0.00134,4.0,0.0922,-14.132,1.0,0.14,125.96,0.137,E Mayor,4.0
5e427d38-9d84-4e97-be91-cf0d9976c848,Forever & Always (Piano Version) (Taylor’s Version),3c30226f-dddb-415f-a969-16fa2009124c,Fearless (Taylor's Version),c7b330b5-a62e-420c-bf02-943ca6bb8746,Taylor Swift,267833,58,0.819,0.546,0.273,0.0,9.0,0.137,-9.208,1.0,0.0308,118.753,0.271,A Mayor,3.0
8cc6a030-69b3-49ab-b1bd-cf62e3d876c3,Tell Me Why (Taylor’s Version),3c30226f-dddb-415f-a969-16fa2009124c,Fearless (Taylor's Version),c7b330b5-a62e-420c-bf02-943ca6bb8746,Taylor Swift,200575,58,0.0222,0.578,0.909,0.0,7.0,0.333,-3.669,1.0,0.0628,100.023,0.541,G Mayor,1.0
bb695985-795a-4d51-a256-8c0402ded466,Untouchable (Taylor’s Version),3c30226f-dddb-415f-a969-16fa2009124c,Fearless (Taylor's Version),c7b330b5-a62e-420c-bf02-943ca6bb8746,Taylor Swift,312107,60,0.0181,0.393,0.531,0.0,5.0,0.169,-6.112,1.0,0.0329,200.391,0.224,F Mayor,1.0
39831caf-a8f5-4e5f-9cf8-3707ef05c57c,The Other Side Of The Door (Taylor’s Version),3c30226f-dddb-415f-a969-16fa2009124c,Fearless (Taylor's Version),c7b330b5-a62e-420c-bf02-943ca6bb8746,Taylor Swift,238443,61,0.0279,0.432,0.873,0.0,4.0,0.167,-4.367,1.0,0.0577,163.936,0.629,E Mayor,4.0
762286dc-ca20-4ead-9792-be4fdfc93b6a,Forever & Always (Taylor’s Version),3c30226f-dddb-415f-a969-16fa2009124c,Fearless (Taylor's Version),c7b330b5-a62e-420c-bf02-943ca6bb8746,Taylor Swift,225328,64,0.0231,0.598,0.821,0.0,10.0,0.143,-4.433,1.0,0.0447,128.03,0.673,Bb Mayor,2.0
4794400d-cc13-4df8-9dd2-d34eb2e5c7ce,Come In With The Rain (Taylor’s Version),3c30226f-dddb-415f-a969-16fa2009124c,Fearless (Taylor's Version),c7b330b5-a62e-420c-bf02-943ca6bb8746,Taylor Swift,237338,56,0.0406,0.476,0.564,0.0,2.0,0.102,-5.677,1.0,0.0269,143.929,0.167,D Mayor,2.0
daadd096-772a-46e3-abe4-2f0f40add046,You Belong With Me (Taylor’s Version),3c30226f-dddb-415f-a969-16fa2009124c,Fearless (Taylor's Version),c7b330b5-a62e-420c-bf02-943ca6bb8746,Taylor Swift,231124,79,0.0623,0.632,0.773,0.0,6.0,0.0885,-4.856,1.0,0.0346,130.033,0.474,F# Mayor,5.0
cac801b8-1190-42ff-9d04-5d81c5c4909f,The Way I Loved You (Taylor’s Version),3c30226f-dddb-415f-a969-16fa2009124c,Fearless (Taylor's Version),c7b330b5-a62e-420c-bf02-943ca6bb8746,Taylor Swift,243136,73,0.0033,0.402,0.732,0.0,5.0,0.108,-4.665,1.0,0.0484,161.032,0.472,F Mayor,1.0
c0c14b00-cc96-44ac-9083-655a5f20f4d3,Mr. Perfectly Fine (Taylor’s Version) (From The Vault),3c30226f-dddb-415f-a969-16fa2009124c,Fearless (Taylor's Version),c7b330b5-a62e-420c-bf02-943ca6bb8746,Taylor Swift,277591,67,0.162,0.66,0.817,0.0,11.0,0.0667,-6.269,0.0,0.0521,135.942,0.714,B Menor,2.0
e6ef0a29-8be1-41b3-b129-3cb8186457d8,Today Was A Fairytale (Taylor’s Version),3c30226f-dddb-415f-a969-16fa2009124c,Fearless (Taylor's Version),c7b330b5-a62e-420c-bf02-943ca6bb8746,Taylor Swift,241822,59,0.0135,0.482,0.779,0.0,7.0,0.296,-5.025,1.0,0.0409,158.162,0.328,G Mayor,1.0
4f46d056-3d69-4d35-b391-84cee9f7a950,Jump Then Fall (Taylor’s Version),3c30226f-dddb-415f-a969-16fa2009124c,Fearless (Taylor's Version),c7b330b5-a62e-420c-bf02-943ca6bb8746,Taylor Swift,237580,59,0.0474,0.572,0.69,0.0,2.0,0.0897,-6.201,1.0,0.0358,160.111,0.624,D Mayor,2.0
1c8cf1ab-1937-4609-92af-c17db121c637,Fifteen (Taylor’s Version),3c30226f-dddb-415f-a969-16fa2009124c,Fearless (Taylor's Version),c7b330b5-a62e-420c-bf02-943ca6bb8746,Taylor Swift,294419,63,0.116,0.559,0.646,0.0,7.0,0.32,-4.61,1.0,0.0272,95.466,0.289,G Mayor,1.0
d84250bd-bb3c-499d-8159-0c81afbe38b1,We Were Happy (Taylor’s Version) (From The Vault),3c30226f-dddb-415f-a969-16fa2009124c,Fearless (Taylor's Version),c7b330b5-a62e-420c-bf02-943ca6bb8746,Taylor Swift,244236,58,0.849,0.609,0.373,0.0,0.0,0.0779,-8.819,1.0,0.0263,106.007,0.13,C Mayor,0.0
6475de13-eb78-4ad8-9bcf-28c6ff29f79e,Change (Taylor’s Version),3c30226f-dddb-415f-a969-16fa2009124c,Fearless (Taylor's Version),c7b330b5-a62e-420c-bf02-943ca6bb8746,Taylor Swift,279359,57,0.000191,0.499,0.815,0.0,5.0,0.181,-4.063,1.0,0.0341,95.999,0.344,F Mayor,1.0
d987dae4-7e15-459c-9232-8bf74293e84a,You All Over Me (feat. Maren Morris) (Taylor’s Version) (From The Vault),3c30226f-dddb-415f-a969-16fa2009124c,Fearless (Taylor's Version),c7b330b5-a62e-420c-bf02-943ca6bb8746,Taylor Swift,220839,56,0.816,0.599,0.494,0.0,2.0,0.101,-7.61,1.0,0.0372,142.893,0.44,D Mayor,2.0
c0e45ec5-cfa0-4a47-8f74-6fbf3f3729d8,Bye Bye Baby (Taylor’s Version) (From The Vault),3c30226f-dddb-415f-a969-16fa2009124c,Fearless (Taylor's Version),c7b330b5-a62e-420c-bf02-943ca6bb8746,Taylor Swift,242157,58,0.334,0.624,0.624,0.0,5.0,0.0995,-7.86,1.0,0.0539,80.132,0.527,F Mayor,1.0
125c0ab3-d18e-4588-bc31-31c4dd7473f6,Don’t You (Taylor’s Version) (From The Vault),3c30226f-dddb-415f-a969-16fa2009124c,Fearless (Taylor's Version),c7b330b5-a62e-420c-bf02-943ca6bb8746,Taylor Swift,208608,60,0.514,0.563,0.473,1.2e-05,3.0,0.109,-11.548,1.0,0.0503,101.934,0.405,Eb Mayor,3.0
fb647210-3d9b-4365-9109-3dbfc4be675f,Superstar (Taylor’s Version),3c30226f-dddb-415f-a969-16fa2009124c,Fearless (Taylor's Version),c7b330b5-a62e-420c-bf02-943ca6bb8746,Taylor Swift,263865,56,0.157,0.454,0.555,0.0,2.0,0.343,-6.69,1.0,0.0283,171.862,0.171,D Mayor,2.0
c255b292-e9e0-44a8-988a-45a9e186f6c9,Hey Stephen (Taylor’s Version),3c30226f-dddb-415f-a969-16fa2009124c,Fearless (Taylor's Version),c7b330b5-a62e-420c-bf02-943ca6bb8746,Taylor Swift,254254,62,0.106,0.788,0.571,0.0,6.0,0.0934,-6.135,1.0,0.0296,115.99,0.797,F# Mayor,5.0
e074a30f-0004-4871-9418-0ba3be128485,White Horse (Taylor’s Version),3c30226f-dddb-415f-a969-16fa2009124c,Fearless (Taylor's Version),c7b330b5-a62e-420c-bf02-943ca6bb8746,Taylor Swift,234515,65,0.369,0.423,0.517,0.0,0.0,0.177,-7.377,1.0,0.0486,185.262,0.366,C Mayor,0.0
8dbbf8d6-c68d-4081-8c6a-f6c95231b03d,You’re Not Sorry (Taylor’s Version),3c30226f-dddb-415f-a969-16fa2009124c,Fearless (Taylor's Version),c7b330b5-a62e-420c-bf02-943ca6bb8746,Taylor Swift,261842,61,0.0538,0.506,0.444,0.0,6.0,0.123,-4.99,1.0,0.0285,133.873,0.241,F# Mayor,5.0
b5644e2b-5667-4dbd-9581-5e4e1e3eb83e,The Best Day (Taylor’s Version),3c30226f-dddb-415f-a969-16fa2009124c,Fearless (Taylor's Version),c7b330b5-a62e-420c-bf02-943ca6bb8746,Taylor Swift,245290,59,0.488,0.642,0.576,0.0,1.0,0.159,-8.524,1.0,0.0282,125.0,0.469,Db Mayor,5.0
2dbcb63d-e419-46f1-b7f4-33eaec863541,Love Story (Taylor’s Version),3c30226f-dddb-415f-a969-16fa2009124c,Fearless (Taylor's Version),c7b330b5-a62e-420c-bf02-943ca6bb8746,Taylor Swift,235766,74,0.13,0.627,0.792,3.97e-06,2.0,0.0845,-4.311,1.0,0.031,119.054,0.415,D Mayor,2.0
1f0c4ffb-12bb-4442-b1c8-2d4892c8d9e9,Fearless (Taylor’s Version),3c30226f-dddb-415f-a969-16fa2009124c,Fearless (Taylor's Version),c7b330b5-a62e-420c-bf02-943ca6bb8746,Taylor Swift,241591,73,0.0122,0.569,0.741,0.0,5.0,0.333,-4.963,1.0,0.0282,100.118,0.43,F Mayor,1.0
17aa93fb-9560-4382-8c61-e080d79903ce,That’s When (feat. Keith Urban) (Taylor’s Version) (From The Vault),3c30226f-dddb-415f-a969-16fa2009124c,Fearless (Taylor's Version),c7b330b5-a62e-420c-bf02-943ca6bb8746,Taylor Swift,189495,60,0.225,0.588,0.608,0.0,5.0,0.092,-7.062,1.0,0.0365,90.201,0.508,F Mayor,1.0
a6e1e477-6796-47fc-b21e-e06f66f7ccde,Breathe (feat. Colbie Caillat) (Taylor’s Version),3c30226f-dddb-415f-a969-16fa2009124c,Fearless (Taylor's Version),c7b330b5-a62e-420c-bf02-943ca6bb8746,Taylor Swift,263377,60,0.156,0.506,0.626,0.0,1.0,0.228,-6.066,1.0,0.0287,148.035,0.321,Db Mayor,5.0
e3fbb2c4-56a2-47a7-9610-dfce7956f422,Maroon,38093ea0-5735-4635-93ec-7ecc72729363,Midnights (3am Edition),c7b330b5-a62e-420c-bf02-943ca6bb8746,Taylor Swift,218270,39,0.0502,0.655,0.401,1.55e-06,7.0,0.0951,-8.414,1.0,0.0362,108.081,0.0375,G Mayor,1.0
ebc34ef4-e558-41d1-9022-a4c215e81276,Lavender Haze,38093ea0-5735-4635-93ec-7ecc72729363,Midnights (3am Edition),c7b330b5-a62e-420c-bf02-943ca6bb8746,Taylor Swift,202395,45,0.221,0.739,0.459,0.0018,8.0,0.167,-10.597,1.0,0.0794,96.993,0.106,Ab Mayor,4.0
1a285620-a815-4a70-93a8-9ca1b88c6c6b,Snow On The Beach (feat. Lana Del Rey),38093ea0-5735-4635-93ec-7ecc72729363,Midnights (3am Edition),c7b330b5-a62e-420c-bf02-943ca6bb8746,Taylor Swift,256124,44,0.675,0.65,0.328,0.00263,9.0,0.169,-13.465,1.0,0.04,109.973,0.166,A Mayor,3.0
759fab9c-a8c5-477e-97d6-1dfaea901be9,Sweet Nothing,38093ea0-5735-4635-93ec-7ecc72729363,Midnights (3am Edition),c7b330b5-a62e-420c-bf02-943ca6bb8746,Taylor Swift,188496,35,0.968,0.336,0.161,0.00011,0.0,0.115,-14.973,1.0,0.0456,176.48,0.407,C Mayor,0.0
87653888-d9a2-4174-9008-19adc0d18d35,Bigger Than The Whole Sky,38093ea0-5735-4635-93ec-7ecc72729363,Midnights (3am Edition),c7b330b5-a62e-420c-bf02-943ca6bb8746,Taylor Swift,218502,55,0.841,0.42,0.22,0.00131,6.0,0.114,-12.584,1.0,0.0472,165.564,0.0705,F# Mayor,5.0
2afc7d29-1cfa-4389-8056-693ac99f60d3,"Would've, Could've, Should've",38093ea0-5735-4635-93ec-7ecc72729363,Midnights (3am Edition),c7b330b5-a62e-420c-bf02-943ca6bb8746,Taylor Swift,260361,62,0.393,0.485,0.846,0.00115,0.0,0.124,-6.557,1.0,0.117,157.918,0.548,C Mayor,0.0
f0dbbcf1-17c0-4109-a134-eb60d9aedae6,High Infidelity,38093ea0-5735-4635-93ec-7ecc72729363,Midnights (3am Edition),c7b330b5-a62e-420c-bf02-943ca6bb8746,Taylor Swift,231475,51,0.704,0.571,0.547,0.0,10.0,0.0877,-10.141,1.0,0.101,175.933,0.768,Bb Mayor,2.0
d57928b8-85c6-4d14-91fe-08e01fc9e2a2,Question...?,38093ea0-5735-4635-93ec-7ecc72729363,Midnights (3am Edition),c7b330b5-a62e-420c-bf02-943ca6bb8746,Taylor Swift,210556,38,0.238,0.615,0.496,0.0,7.0,0.228,-8.749,1.0,0.248,108.847,0.103,G Mayor,1.0
a5245e88-9ddf-4e8f-ac2b-48640688abbe,Labyrinth,38093ea0-5735-4635-93ec-7ecc72729363,Midnights (3am Edition),c7b330b5-a62e-420c-bf02-943ca6bb8746,Taylor Swift,247962,35,0.797,0.48,0.295,0.333,0.0,0.12,-15.512,1.0,0.0384,110.018,0.132,C Mayor,0.0
81947dc3-8846-4857-b78e-841416420f9a,The Great War,38093ea0-5735-4635-93ec-7ecc72729363,Midnights (3am Edition),c7b330b5-a62e-420c-bf02-943ca6bb8746,Taylor Swift,240355,61,0.199,0.57,0.747,2.32e-05,5.0,0.0854,-8.93,1.0,0.0342,96.016,0.574,F Mayor,1.0
cb185eec-a579-47a6-a58c-99be253e218d,Vigilante Shit,38093ea0-5735-4635-93ec-7ecc72729363,Midnights (3am Edition),c7b330b5-a62e-420c-bf02-943ca6bb8746,Taylor Swift,164801,42,0.157,0.876,0.275,5.46e-05,4.0,0.126,-10.729,0.0,0.406,79.975,0.179,E Menor,1.0
c6961066-2523-4538-8711-1a36650fcd1f,Karma,38093ea0-5735-4635-93ec-7ecc72729363,Midnights (3am Edition),c7b330b5-a62e-420c-bf02-943ca6bb8746,Taylor Swift,204852,48,0.0794,0.64,0.623,0.0,8.0,0.501,-7.038,1.0,0.0938,90.001,0.106,Ab Mayor,4.0
888ce211-fd87-46f0-b036-8b30fe5fb788,"You're On Your Own, Kid",38093ea0-5735-4635-93ec-7ecc72729363,Midnights (3am Edition),c7b330b5-a62e-420c-bf02-943ca6bb8746,Taylor Swift,194206,41,0.447,0.696,0.39,1.55e-05,2.0,0.125,-10.331,1.0,0.0616,120.032,0.395,D Mayor,2.0
5d17cadc-35e4-41f5-8725-bc3270dc51d7,Anti-Hero,38093ea0-5735-4635-93ec-7ecc72729363,Midnights (3am Edition),c7b330b5-a62e-420c-bf02-943ca6bb8746,Taylor Swift,200690,39,0.121,0.633,0.648,2.62e-06,4.0,0.161,-6.645,1.0,0.062,96.888,0.49,E Mayor,4.0
0f8f347b-f5c3-4985-bd0c-6ac847a4775a,Midnight Rain,38093ea0-5735-4635-93ec-7ecc72729363,Midnights (3am Edition),c7b330b5-a62e-420c-bf02-943ca6bb8746,Taylor Swift,174782,37,0.71,0.604,0.375,5.87e-05,0.0,0.116,-11.637,1.0,0.0633,137.651,0.203,C Mayor,0.0
ff827939-b78a-45c9-aab6-5b38889635e6,Bejeweled,38093ea0-5735-4635-93ec-7ecc72729363,Midnights (3am Edition),c7b330b5-a62e-420c-bf02-943ca6bb8746,Taylor Swift,194165,37,0.0593,0.687,0.551,0.000143,7.0,0.09,-9.202,1.0,0.0787,163.994,0.443,G Mayor,1.0
1cbf09e0-584f-4d93-8e53-c8eab4e4ea5d,Paris,38093ea0-5735-4635-93ec-7ecc72729363,Midnights (3am Edition),c7b330b5-a62e-420c-bf02-943ca6bb8746,Taylor Swift,196258,56,0.103,0.703,0.518,2.89e-05,7.0,0.148,-10.501,1.0,0.085,110.94,0.347,G Mayor,1.0
74c8be59-6252-4d24-b703-e411644d46c1,Mastermind,38093ea0-5735-4635-93ec-7ecc72729363,Midnights (3am Edition),c7b330b5-a62e-420c-bf02-943ca6bb8746,Taylor Swift,191039,35,0.565,0.66,0.343,0.00134,4.0,0.0922,-14.132,1.0,0.14,125.96,0.137,E Mayor,4.0
46f319fd-4b37-4f28-8da3-aae8d05f606a,Glitch,38093ea0-5735-4635-93ec-7ecc72729363,Midnights (3am Edition),c7b330b5-a62e-420c-bf02-943ca6bb8746,Taylor Swift,148781,47,0.314,0.677,0.47,0.0,11.0,0.11,-9.65,0.0,0.259,140.881,0.347,B Menor,2.0
40fc8b62-82a2-4d98-ad67-e8fb035494fc,Dear Reader,38093ea0-5735-4635-93ec-7ecc72729363,Midnights (3am Edition),c7b330b5-a62e-420c-bf02-943ca6bb8746,Taylor Swift,225194,53,0.464,0.674,0.39,0.00122,0.0,0.116,-11.944,1.0,0.0483,107.891,0.151,C Mayor,0.0
43859234-e863-4841-9748-882f24bdc9cc,A Perfectly Good Heart,24215c56-5a02-409e-822f-5afce1d71f19,Taylor Swift,c7b330b5-a62e-420c-bf02-943ca6bb8746,Taylor Swift,220146,49,0.00349,0.483,0.751,0.0,4.0,0.128,-5.726,1.0,0.0365,156.092,0.268,E Mayor,4.0
76ef0e8a-db8b-4c5e-983a-bcdce8d04467,Teardrops on My Guitar - Pop Version,24215c56-5a02-409e-822f-5afce1d71f19,Taylor Swift,c7b330b5-a62e-420c-bf02-943ca6bb8746,Taylor Swift,179066,52,0.0402,0.459,0.753,0.0,10.0,0.0863,-3.827,1.0,0.0537,199.997,0.483,Bb Mayor,2.0
c5b42c05-4d22-4b4d-a37c-2acd74af7ede,Invisible,24215c56-5a02-409e-822f-5afce1d71f19,Taylor Swift,c7b330b5-a62e-420c-bf02-943ca6bb8746,Taylor Swift,203226,50,0.637,0.612,0.394,0.0,7.0,0.147,-5.723,1.0,0.0243,96.001,0.233,G Mayor,1.0
2c20ae5c-3b4a-4a45-a505-1e37a2e5070e,Teardrops On My Guitar - Radio Single Remix,24215c56-5a02-409e-822f-5afce1d71f19,Taylor Swift,c7b330b5-a62e-420c-bf02-943ca6bb8746,Taylor Swift,203040,59,0.288,0.621,0.417,0.0,10.0,0.119,-6.941,1.0,0.0231,99.953,0.289,Bb Mayor,2.0
49a41836-7e79-4532-9538-908f9c9e9c78,Out Of The Woods (Taylor's Version),6a508170-d4b0-47cd-8ab0-a451d5ecb266,1989 (Taylor's Version),c7b330b5-a62e-420c-bf02-943ca6bb8746,Taylor Swift,235800,70,0.000466,0.544,0.884,0.000134,7.0,0.381,-5.973,1.0,0.0383,91.981,0.184,G Mayor,1.0
df284fd1-18ff-441e-9d11-f80aec42b451,Style (Taylor's Version),6a508170-d4b0-47cd-8ab0-a451d5ecb266,1989 (Taylor's Version),c7b330b5-a62e-420c-bf02-943ca6bb8746,Taylor Swift,231000,75,0.000456,0.514,0.821,0.0232,7.0,0.0946,-4.803,1.0,0.0444,94.884,0.298,G Mayor,1.0
911ff2d6-f4a6-4976-9362-26c6455513dd,Welcome To New York (Taylor's Version),6a508170-d4b0-47cd-8ab0-a451d5ecb266,1989 (Taylor's Version),c7b330b5-a62e-420c-bf02-943ca6bb8746,Taylor Swift,212600,67,0.00661,0.76,0.602,0.000133,7.0,0.325,-4.871,1.0,0.0316,116.989,0.685,G Mayor,1.0
f9f78cd5-1be2-42ee-9c92-113743c6b9bd,Is It Over Now? (Taylor's Version) (From The Vault),6a508170-d4b0-47cd-8ab0-a451d5ecb266,1989 (Taylor's Version),c7b330b5-a62e-420c-bf02-943ca6bb8746,Taylor Swift,229477,74,0.0486,0.599,0.651,0.0,0.0,0.126,-7.343,1.0,0.035,100.001,0.153,C Mayor,0.0
43ed5db4-1595-4ffb-a185-9ebacabf883d,Wildest Dreams (Taylor's Version),6a508170-d4b0-47cd-8ab0-a451d5ecb266,1989 (Taylor's Version),c7b330b5-a62e-420c-bf02-943ca6bb8746,Taylor Swift,220433,73,0.0348,0.587,0.663,9.95e-05,8.0,0.0971,-7.439,1.0,0.0598,139.993,0.539,Ab Mayor,4.0
43680b1c-0ea1-4096-9492-042298ff21ce,Clean (Taylor's Version),6a508170-d4b0-47cd-8ab0-a451d5ecb266,1989 (Taylor's Version),c7b330b5-a62e-420c-bf02-943ca6bb8746,Taylor Swift,271000,68,0.297,0.782,0.379,2.98e-05,4.0,0.103,-8.964,1.0,0.0303,103.99,0.267,E Mayor,4.0
840686a2-2414-40e3-a052-c08899eac89d,I Know Places (Taylor's Version),6a508170-d4b0-47cd-8ab0-a451d5ecb266,1989 (Taylor's Version),c7b330b5-a62e-420c-bf02-943ca6bb8746,Taylor Swift,195700,63,0.0846,0.572,0.807,0.0,0.0,0.071,-5.348,1.0,0.0574,160.015,0.626,C Mayor,0.0
9151ef71-2c69-4cb0-803a-034d02ef75ea,Wonderland (Taylor's Version),6a508170-d4b0-47cd-8ab0-a451d5ecb266,1989 (Taylor's Version),c7b330b5-a62e-420c-bf02-943ca6bb8746,Taylor Swift,245566,64,0.0105,0.387,0.703,1.1e-05,3.0,0.128,-5.956,1.0,0.0545,123.18,0.32,Eb Mayor,3.0
f70ac702-81fa-44c2-9bff-6fbf4ebca6aa,New Romantics (Taylor's Version),6a508170-d4b0-47cd-8ab0-a451d5ecb266,1989 (Taylor's Version),c7b330b5-a62e-420c-bf02-943ca6bb8746,Taylor Swift,230177,70,0.00516,0.653,0.848,4.24e-06,5.0,0.0798,-5.936,1.0,0.0583,122.017,0.724,F Mayor,1.0
60f0d947-10ef-4edc-ac40-81ff31e600e3,Shake It Off (Taylor's Version),6a508170-d4b0-47cd-8ab0-a451d5ecb266,1989 (Taylor's Version),c7b330b5-a62e-420c-bf02-943ca6bb8746,Taylor Swift,219209,71,0.0112,0.632,0.805,2.51e-05,7.0,0.156,-5.707,1.0,0.069,160.052,0.903,G Mayor,1.0
1e0dbc81-84ed-4026-9fdf-06444277bd10,I Wish You Would (Taylor's Version),6a508170-d4b0-47cd-8ab0-a451d5ecb266,1989 (Taylor's Version),c7b330b5-a62e-420c-bf02-943ca6bb8746,Taylor Swift,207650,64,0.00388,0.671,0.853,9.48e-06,0.0,0.0812,-6.568,1.0,0.0417,118.032,0.523,C Mayor,0.0
8a34d318-a36b-43b2-b5a6-a266512e1637,Blank Space (Taylor's Version),6a508170-d4b0-47cd-8ab0-a451d5ecb266,1989 (Taylor's Version),c7b330b5-a62e-420c-bf02-943ca6bb8746,Taylor Swift,231833,75,0.0901,0.732,0.719,0.0,0.0,0.331,-5.469,1.0,0.0645,96.035,0.71,C Mayor,0.0
d4e23851-a6ee-4bb7-abea-0dc9b36865ba,Say Don't Go (Taylor's Version) (From The Vault),6a508170-d4b0-47cd-8ab0-a451d5ecb266,1989 (Taylor's Version),c7b330b5-a62e-420c-bf02-943ca6bb8746,Taylor Swift,279833,70,0.0684,0.632,0.539,5.82e-06,4.0,0.132,-8.375,1.0,0.0342,109.962,0.186,E Mayor,4.0
de5542d4-2748-4af7-ab37-a5613de3da10,You Are In Love (Taylor's Version),6a508170-d4b0-47cd-8ab0-a451d5ecb266,1989 (Taylor's Version),c7b330b5-a62e-420c-bf02-943ca6bb8746,Taylor Swift,267389,68,0.572,0.554,0.509,2.08e-06,2.0,0.113,-9.403,1.0,0.0455,85.079,0.401,D Mayor,2.0
e6499dfe-0fc8-4962-9828-439ba449b236,Now That We Don't Talk (Taylor's Version) (From The Vault),6a508170-d4b0-47cd-8ab0-a451d5ecb266,1989 (Taylor's Version),c7b330b5-a62e-420c-bf02-943ca6bb8746,Taylor Swift,146436,74,0.16,0.8,0.509,3.05e-05,0.0,0.0834,-9.386,1.0,0.034,109.994,0.0768,C Mayor,0.0
fc0aa61a-0818-4ec4-80fa-93fee992e271,This Love (Taylor’s Version),6a508170-d4b0-47cd-8ab0-a451d5ecb266,1989 (Taylor's Version),c7b330b5-a62e-420c-bf02-943ca6bb8746,Taylor Swift,250100,65,0.302,0.47,0.494,0.0,4.0,0.0672,-8.672,1.0,0.0349,144.039,0.0524,E Mayor,4.0
95ecb4db-1f8e-436b-945a-3cba84bc2528,Bad Blood (Taylor's Version),6a508170-d4b0-47cd-8ab0-a451d5ecb266,1989 (Taylor's Version),c7b330b5-a62e-420c-bf02-943ca6bb8746,Taylor Swift,211103,66,0.0369,0.624,0.711,3.13e-06,7.0,0.19,-6.347,1.0,0.159,169.999,0.347,G Mayor,1.0
3e9289bd-45c2-447d-b57e-13929d25c3b3,All You Had To Do Was Stay (Taylor's Version),6a508170-d4b0-47cd-8ab0-a451d5ecb266,1989 (Taylor's Version),c7b330b5-a62e-420c-bf02-943ca6bb8746,Taylor Swift,193289,65,0.000778,0.589,0.713,0.0,0.0,0.188,-5.614,1.0,0.0308,97.069,0.54,C Mayor,0.0
04549fb1-2019-459c-a90a-f5768d12950e,Suburban Legends (Taylor's Version) (From The Vault),6a508170-d4b0-47cd-8ab0-a451d5ecb266,1989 (Taylor's Version),c7b330b5-a62e-420c-bf02-943ca6bb8746,Taylor Swift,171818,64,0.212,0.695,0.607,0.0,0.0,0.102,-8.84,1.0,0.0357,118.043,0.394,C Mayor,0.0
c6099693-b227-4e98-a9a6-b3dc6f748138,"""Slut!"" (Taylor's Version) (From The Vault)",6a508170-d4b0-47cd-8ab0-a451d5ecb266,1989 (Taylor's Version),c7b330b5-a62e-420c-bf02-943ca6bb8746,Taylor Swift,180381,74,0.33,0.621,0.415,0.000112,2.0,0.0634,-13.187,1.0,0.0543,77.978,0.313,D Mayor,2.0
2ee8e8ae-1b42-4181-be20-3978d99c8213,How You Get The Girl (Taylor's Version),6a508170-d4b0-47cd-8ab0-a451d5ecb266,1989 (Taylor's Version),c7b330b5-a62e-420c-bf02-943ca6bb8746,Taylor Swift,247533,64,0.00198,0.761,0.67,1.08e-05,5.0,0.0873,-5.956,1.0,0.0537,120.014,0.519,F Mayor,1.0
82b85f72-dbc6-424a-bbe7-31d6a8d9baba,Father Figure,be9944a7-0e35-49bc-8e3e-8f185f470cd8,The Life of a Showgirl,c7b330b5-a62e-420c-bf02-943ca6bb8746,Taylor Swift,212777,77,0.327,0.74,0.661,0.0,11.0,0.263,-6.235,0.0,0.039,93.979,0.284,B Menor,2.0
f5440036-e03f-47ee-9a89-2c1e92fa0614,Wood,be9944a7-0e35-49bc-8e3e-8f185f470cd8,The Life of a Showgirl,c7b330b5-a62e-420c-bf02-943ca6bb8746,Taylor Swift,150517,76,0.228,0.798,0.686,0.0,5.0,0.487,-6.926,1.0,0.141,99.921,0.765,F Mayor,1.0
319f5209-f226-4373-9efb-896e73269167,Honey,be9944a7-0e35-49bc-8e3e-8f185f470cd8,The Life of a Showgirl,c7b330b5-a62e-420c-bf02-943ca6bb8746,Taylor Swift,181534,74,0.435,0.738,0.539,0.0,11.0,0.258,-7.258,0.0,0.0767,82.08,0.539,B Menor,2.0
5cfe7d7c-876d-49dc-a3bd-99e042ea8bc6,The Fate of Ophelia,be9944a7-0e35-49bc-8e3e-8f185f470cd8,The Life of a Showgirl,c7b330b5-a62e-420c-bf02-943ca6bb8746,Taylor Swift,226073,85,0.281,0.728,0.606,0.0,5.0,0.101,-5.211,1.0,0.0283,123.966,0.536,F Mayor,1.0
13ef8f92-f797-4271-910e-2b2a117f7023,Opalite,be9944a7-0e35-49bc-8e3e-8f185f470cd8,The Life of a Showgirl,c7b330b5-a62e-420c-bf02-943ca6bb8746,Taylor Swift,235355,80,0.0809,0.806,0.821,0.0,4.0,0.0707,-5.097,0.0,0.0373,124.997,0.774,E Menor,1.0
923dbd2a-2dba-4b28-93ff-70f550a87ce4,The Life of a Showgirl (feat. Sabrina Carpenter),be9944a7-0e35-49bc-8e3e-8f185f470cd8,The Life of a Showgirl,c7b330b5-a62e-420c-bf02-943ca6bb8746,Taylor Swift,241766,76,0.256,0.559,0.538,0.0,0.0,0.563,-7.815,1.0,0.158,155.68,0.523,C Mayor,0.0
e0f2ec92-155f-4443-8c54-e7f3be59f865,Eldest Daughter,be9944a7-0e35-49bc-8e3e-8f185f470cd8,The Life of a Showgirl,c7b330b5-a62e-420c-bf02-943ca6bb8746,Taylor Swift,246356,76,0.811,0.663,0.313,0.0,7.0,0.132,-7.382,1.0,0.0303,77.005,0.313,G Mayor,1.0
887827c0-8b02-4233-a097-50db3ad02d55,Wi$h Li$t,be9944a7-0e35-49bc-8e3e-8f185f470cd8,The Life of a Showgirl,c7b330b5-a62e-420c-bf02-943ca6bb8746,Taylor Swift,207349,76,0.322,0.708,0.486,2.11e-05,0.0,0.0808,-6.518,1.0,0.0348,147.976,0.497,C Mayor,0.0
6d9dcdce-3c32-46f9-823a-05d2418b4d8a,Ruin The Friendship,be9944a7-0e35-49bc-8e3e-8f185f470cd8,The Life of a Showgirl,c7b330b5-a62e-420c-bf02-943ca6bb8746,Taylor Swift,220564,75,0.372,0.615,0.698,0.0,7.0,0.104,-5.948,1.0,0.107,159.883,0.594,G Mayor,1.0
143b2e59-9325-496e-bf09-283f93ca1346,Elizabeth Taylor,be9944a7-0e35-49bc-8e3e-8f185f470cd8,The Life of a Showgirl,c7b330b5-a62e-420c-bf02-943ca6bb8746,Taylor Swift,208291,78,0.351,0.629,0.629,0.0,9.0,0.116,-6.656,0.0,0.046,81.951,0.573,A Menor,0.0
94b1c4c6-1e0f-41f0-8cea-28592619a282,Actually Romantic,be9944a7-0e35-49bc-8e3e-8f185f470cd8,The Life of a Showgirl,c7b330b5-a62e-420c-bf02-943ca6bb8746,Taylor Swift,163699,76,0.501,0.706,0.416,0.0,4.0,0.108,-7.896,1.0,0.119,169.899,0.719,E Mayor,4.0
b358e876-f05a-4694-90a4-243f9e7530af,CANCELLED!,be9944a7-0e35-49bc-8e3e-8f185f470cd8,The Life of a Showgirl,c7b330b5-a62e-420c-bf02-943ca6bb8746,Taylor Swift,211498,75,0.52,0.726,0.411,0.0,7.0,0.225,-8.643,0.0,0.0396,90.935,0.511,G Menor,2.0
6fd355c6-dad2-4c5c-8632-56fce858317b,Father Figure,c9ecc669-5746-406f-be7c-cf8fc535fb1e,The Life of a Showgirl,c7b330b5-a62e-420c-bf02-943ca6bb8746,Taylor Swift,212777,94,0.302,0.745,0.661,0.0,11.0,0.249,-6.29,0.0,0.0354,93.949,0.321,B Menor,2.0
de502637-5f0a-4dd2-ba28-f5e90dd1c3d2,CANCELLED!,c9ecc669-5746-406f-be7c-cf8fc535fb1e,The Life of a Showgirl,c7b330b5-a62e-420c-bf02-943ca6bb8746,Taylor Swift,211498,93,0.534,0.725,0.399,0.0,7.0,0.193,-8.652,0.0,0.0371,90.911,0.463,G Menor,2.0
aff76aab-73ed-4d71-b445-b433a90bceb8,Elizabeth Taylor,c9ecc669-5746-406f-be7c-cf8fc535fb1e,The Life of a Showgirl,c7b330b5-a62e-420c-bf02-943ca6bb8746,Taylor Swift,208291,95,0.36,0.623,0.627,0.0,2.0,0.116,-6.685,1.0,0.0448,81.995,0.565,D Mayor,2.0
366c7e9d-5976-4994-b3c4-ff9248f34d98,Wi$h Li$t,c9ecc669-5746-406f-be7c-cf8fc535fb1e,The Life of a Showgirl,c7b330b5-a62e-420c-bf02-943ca6bb8746,Taylor Swift,207349,93,0.303,0.694,0.494,1.76e-05,0.0,0.0811,-6.543,1.0,0.0352,147.873,0.479,C Mayor,0.0
fc9e43a3-da68-4fa4-a5cf-3bb1723cf5b1,Actually Romantic,c9ecc669-5746-406f-be7c-cf8fc535fb1e,The Life of a Showgirl,c7b330b5-a62e-420c-bf02-943ca6bb8746,Taylor Swift,163699,93,0.497,0.708,0.427,0.0,1.0,0.103,-7.804,0.0,0.169,169.949,0.718,C# Menor,4.0
bc916d89-b433-4297-98b6-a18e9953b1e1,Opalite,c9ecc669-5746-406f-be7c-cf8fc535fb1e,The Life of a Showgirl,c7b330b5-a62e-420c-bf02-943ca6bb8746,Taylor Swift,235355,95,0.0784,0.806,0.819,0.0,4.0,0.0371,-5.033,0.0,0.0384,124.994,0.802,E Menor,1.0
1e7f219f-0b30-43ef-a6f6-155a780544f6,Honey,c9ecc669-5746-406f-be7c-cf8fc535fb1e,The Life of a Showgirl,c7b330b5-a62e-420c-bf02-943ca6bb8746,Taylor Swift,181534,92,0.394,0.683,0.544,0.0,11.0,0.332,-7.3,0.0,0.0991,164.047,0.54,B Menor,2.0
81870dae-2a92-4e1e-9172-3e0a0494d6f1,The Fate of Ophelia,c9ecc669-5746-406f-be7c-cf8fc535fb1e,The Life of a Showgirl,c7b330b5-a62e-420c-bf02-943ca6bb8746,Taylor Swift,226073,97,0.265,0.726,0.598,0.0,5.0,0.102,-5.179,1.0,0.0291,123.921,0.519,F Mayor,1.0
88127f7d-d678-4be7-a1a1-044d8e6469f0,The Life of a Showgirl (feat. Sabrina Carpenter),c9ecc669-5746-406f-be7c-cf8fc535fb1e,The Life of a Showgirl,c7b330b5-a62e-420c-bf02-943ca6bb8746,Taylor Swift,241766,93,0.261,0.541,0.54,0.0,0.0,0.494,-7.589,1.0,0.143,157.44,0.494,C Mayor,0.0
6a19089c-ef87-4371-9592-6070fbcae991,Wood,c9ecc669-5746-406f-be7c-cf8fc535fb1e,The Life of a Showgirl,c7b330b5-a62e-420c-bf02-943ca6bb8746,Taylor Swift,150517,93,0.271,0.796,0.706,0.0,5.0,0.587,-6.846,1.0,0.191,99.961,0.781,F Mayor,1.0
6ff4fcb2-5ab6-44b9-9365-337d45732a44,Eldest Daughter,c9ecc669-5746-406f-be7c-cf8fc535fb1e,The Life of a Showgirl,c7b330b5-a62e-420c-bf02-943ca6bb8746,Taylor Swift,246356,93,0.806,0.473,0.315,0.0,7.0,0.128,-7.326,1.0,0.0313,76.794,0.323,G Mayor,1.0
c789492f-90de-48f6-b411-f1822c6a23ab,Ruin The Friendship,c9ecc669-5746-406f-be7c-cf8fc535fb1e,The Life of a Showgirl,c7b330b5-a62e-420c-bf02-943ca6bb8746,Taylor Swift,220564,93,0.445,0.625,0.69,0.0,7.0,0.102,-5.913,1.0,0.0875,159.868,0.673,G Mayor,1.0
9dc63929-7578-4810-9b5f-aed5e4fbca51,I've Got A Feeling - Rooftop Performance / Take 1,bff45659-158e-4012-b551-47a6f8407265,Get Back (Rooftop Performance),4226e6f9-54a5-4896-9efb-a15967529a7f,The Beatles,283720,35,0.155,0.392,0.629,0.00699,2.0,0.0847,-11.235,1.0,0.172,165.416,0.352,D Mayor,2.0
eafaa1c2-3b72-486b-9a93-26284e575373,Don't Let Me Down - Rooftop Performance / Take 2,bff45659-158e-4012-b551-47a6f8407265,Get Back (Rooftop Performance),4226e6f9-54a5-4896-9efb-a15967529a7f,The Beatles,209586,32,0.272,0.548,0.489,0.000826,6.0,0.328,-10.463,0.0,0.0468,81.846,0.605,F# Menor,3.0
f5abd3aa-1343-431d-8a78-091cd91d8f4a,God Save The Queen - Rooftop Performance / Jam,bff45659-158e-4012-b551-47a6f8407265,Get Back (Rooftop Performance),4226e6f9-54a5-4896-9efb-a15967529a7f,The Beatles,25760,4,0.675,0.676,0.389,0.192,7.0,0.0482,-9.622,1.0,0.0988,132.388,0.898,G Mayor,1.0
78f8cf82-6293-4438-91ea-ececf6527ccb,Dig A Pony - Rooftop Performance,bff45659-158e-4012-b551-47a6f8407265,Get Back (Rooftop Performance),4226e6f9-54a5-4896-9efb-a15967529a7f,The Beatles,352040,31,0.454,0.49,0.373,4.01e-05,11.0,0.117,-12.993,0.0,0.0574,116.556,0.346,B Menor,2.0
424ae930-28f0-460b-81da-ea415aa5a9d3,Get Back - Rooftop Performance / Take 3,bff45659-158e-4012-b551-47a6f8407265,Get Back (Rooftop Performance),4226e6f9-54a5-4896-9efb-a15967529a7f,The Beatles,226586,30,0.0833,0.617,0.633,0.194,2.0,0.116,-11.507,1.0,0.0819,126.059,0.315,D Mayor,2.0
2fdce8ca-8b82-468d-b93a-dca98f9b9f82,Get Back - Rooftop Performance / Take 1,bff45659-158e-4012-b551-47a6f8407265,Get Back (Rooftop Performance),4226e6f9-54a5-4896-9efb-a15967529a7f,The Beatles,283373,34,0.325,0.628,0.524,0.0995,2.0,0.195,-11.84,1.0,0.0773,124.176,0.272,D Mayor,2.0
79001328-598f-48d7-8514-7c0c91370acf,One After 909 - Rooftop Performance,bff45659-158e-4012-b551-47a6f8407265,Get Back (Rooftop Performance),4226e6f9-54a5-4896-9efb-a15967529a7f,The Beatles,189200,31,0.0254,0.521,0.87,1.8e-06,4.0,0.622,-8.985,1.0,0.237,90.474,0.723,E Mayor,4.0
958e3f0a-4011-4b6f-984a-9de424c39b22,Get Back - Rooftop Performance / Take 2,bff45659-158e-4012-b551-47a6f8407265,Get Back (Rooftop Performance),4226e6f9-54a5-4896-9efb-a15967529a7f,The Beatles,204186,36,0.101,0.655,0.695,0.436,9.0,0.105,-9.648,1.0,0.0381,125.572,0.33,A Mayor,3.0
da3cfd1e-7c9b-444e-8bc8-681856fbbfbf,I've Got A Feeling - Rooftop Performance / Take 2,bff45659-158e-4012-b551-47a6f8407265,Get Back (Rooftop Performance),4226e6f9-54a5-4896-9efb-a15967529a7f,The Beatles,335133,29,0.346,0.521,0.532,0.00866,9.0,0.234,-11.183,1.0,0.0964,81.332,0.313,A Mayor,3.0
d3b8eddc-d678-4309-95c5-8bc8b4c3aff2,Don't Let Me Down - Rooftop Performance / Take 1,bff45659-158e-4012-b551-47a6f8407265,Get Back (Rooftop Performance),4226e6f9-54a5-4896-9efb-a15967529a7f,The Beatles,202466,38,0.321,0.592,0.513,0.00017,6.0,0.182,-8.778,0.0,0.0322,81.92,0.744,F# Menor,3.0
30fe23a7-b43c-4463-a6ab-999bf36708b4,She Loves You - 2023 Mix,b9592c7e-94dd-4147-896f-b5817b25c2f3,The Beatles 1962 – 1966 (2023 Edition),4226e6f9-54a5-4896-9efb-a15967529a7f,The Beatles,142160,45,0.385,0.396,0.854,0.0,0.0,0.0646,-6.856,1.0,0.0364,75.103,0.936,C Mayor,0.0
455f7cf1-d27b-4652-ad60-5a5778ed42a7,Help! - 2023 Mix,b9592c7e-94dd-4147-896f-b5817b25c2f3,The Beatles 1962 – 1966 (2023 Edition),4226e6f9-54a5-4896-9efb-a15967529a7f,The Beatles,139600,41,0.463,0.579,0.719,0.0,6.0,0.12,-7.26,0.0,0.036,94.96,0.81,F# Menor,3.0
8a1f758c-000a-4127-acfe-95d9f31a1214,Love Me Do - 2023 Mix,b9592c7e-94dd-4147-896f-b5817b25c2f3,The Beatles 1962 – 1966 (2023 Edition),4226e6f9-54a5-4896-9efb-a15967529a7f,The Beatles,145640,45,0.139,0.459,0.52,0.0,7.0,0.237,-7.165,1.0,0.0308,142.691,0.733,G Mayor,1.0
7579d6d9-d0ea-472c-bd0f-d3f269e05d37,I Want To Hold Your Hand - 2023 Mix,b9592c7e-94dd-4147-896f-b5817b25c2f3,The Beatles 1962 – 1966 (2023 Edition),4226e6f9-54a5-4896-9efb-a15967529a7f,The Beatles,146800,45,0.18,0.474,0.765,0.0,7.0,0.387,-6.372,1.0,0.0342,130.726,0.91,G Mayor,1.0
3783e1f6-458b-4bf4-a96e-1343d1704307,I Saw Her Standing There - 2023 Mix,b9592c7e-94dd-4147-896f-b5817b25c2f3,The Beatles 1962 – 1966 (2023 Edition),4226e6f9-54a5-4896-9efb-a15967529a7f,The Beatles,173013,45,0.0446,0.506,0.909,0.0,4.0,0.154,-4.815,1.0,0.0397,79.846,0.966,E Mayor,4.0
26f1e677-41f3-42fb-9b27-4047af2ae1ff,From Me To You - 2023 Mix,b9592c7e-94dd-4147-896f-b5817b25c2f3,The Beatles 1962 – 1966 (2023 Edition),4226e6f9-54a5-4896-9efb-a15967529a7f,The Beatles,117746,52,0.323,0.626,0.742,0.0,7.0,0.146,-5.895,1.0,0.0342,136.066,0.965,G Mayor,1.0
4bf98e62-aab3-4894-9677-5fa4c46b8963,Paperback Writer - 2022 Mix,b9592c7e-94dd-4147-896f-b5817b25c2f3,The Beatles 1962 – 1966 (2023 Edition),4226e6f9-54a5-4896-9efb-a15967529a7f,The Beatles,139226,39,0.0337,0.495,0.837,1.98e-06,7.0,0.226,-6.98,1.0,0.0724,78.53,0.752,G Mayor,1.0
8aeaa3d3-fded-4987-9f65-7642ed010e4f,Girl - 2023 Mix,b9592c7e-94dd-4147-896f-b5817b25c2f3,The Beatles 1962 – 1966 (2023 Edition),4226e6f9-54a5-4896-9efb-a15967529a7f,The Beatles,151440,39,0.65,0.666,0.385,0.0,5.0,0.172,-9.861,0.0,0.0338,96.56,0.628,F Menor,4.0
cc25e2cd-4569-43cd-beed-e4b971bab122,If I Needed Someone - 2023 Mix,b9592c7e-94dd-4147-896f-b5817b25c2f3,The Beatles 1962 – 1966 (2023 Edition),4226e6f9-54a5-4896-9efb-a15967529a7f,The Beatles,143880,38,0.000875,0.475,0.863,0.0,9.0,0.121,-5.693,1.0,0.0335,127.565,0.825,A Mayor,3.0
69405c93-88c8-486a-a649-39d355c22361,Eleanor Rigby - 2022 Mix,b9592c7e-94dd-4147-896f-b5817b25c2f3,The Beatles 1962 – 1966 (2023 Edition),4226e6f9-54a5-4896-9efb-a15967529a7f,The Beatles,128119,39,0.834,0.605,0.279,0.0,4.0,0.354,-8.918,0.0,0.0475,137.813,0.788,E Menor,1.0
b482cfba-cbe2-4b3f-9d0e-2be580d7a465,You Can't Do That - 2023 Mix,b9592c7e-94dd-4147-896f-b5817b25c2f3,The Beatles 1962 – 1966 (2023 Edition),4226e6f9-54a5-4896-9efb-a15967529a7f,The Beatles,153360,41,0.0192,0.597,0.794,0.0,0.0,0.429,-6.019,1.0,0.0302,129.048,0.959,C Mayor,0.0
d58d1ee8-4c1b-4c28-824e-75dd0232a59b,Day Tripper - 2023 Mix,b9592c7e-94dd-4147-896f-b5817b25c2f3,The Beatles 1962 – 1966 (2023 Edition),4226e6f9-54a5-4896-9efb-a15967529a7f,The Beatles,169506,42,0.0952,0.583,0.907,7.01e-06,6.0,0.107,-6.04,0.0,0.0359,137.575,0.74,F# Menor,3.0
38c51742-3f69-4486-a58a-9989d22c2969,You Really Got A Hold On Me - 2023 Mix,b9592c7e-94dd-4147-896f-b5817b25c2f3,The Beatles 1962 – 1966 (2023 Edition),4226e6f9-54a5-4896-9efb-a15967529a7f,The Beatles,181666,41,0.533,0.347,0.48,0.0,9.0,0.252,-6.147,1.0,0.0332,78.161,0.639,A Mayor,3.0
7e1f3a8a-0207-4d53-b4b4-1cb0bcdf7ed4,Eight Days A Week - 2023 Mix,b9592c7e-94dd-4147-896f-b5817b25c2f3,The Beatles 1962 – 1966 (2023 Edition),4226e6f9-54a5-4896-9efb-a15967529a7f,The Beatles,164546,41,0.308,0.642,0.77,0.0,9.0,0.101,-6.877,1.0,0.0426,138.193,0.789,A Mayor,3.0
85b9add1-bdef-41ff-82cd-22e04cbe8907,Twist And Shout - 2023 Mix,b9592c7e-94dd-4147-896f-b5817b25c2f3,The Beatles 1962 – 1966 (2023 Edition),4226e6f9-54a5-4896-9efb-a15967529a7f,The Beatles,154786,46,0.641,0.467,0.908,0.0,2.0,0.16,-5.589,1.0,0.0732,124.547,0.836,D Mayor,2.0
1efa732d-4a30-4e4c-9dd4-296942087bea,I Feel Fine - 2023 Mix,b9592c7e-94dd-4147-896f-b5817b25c2f3,The Beatles 1962 – 1966 (2023 Edition),4226e6f9-54a5-4896-9efb-a15967529a7f,The Beatles,140400,41,0.0256,0.528,0.883,0.0,7.0,0.161,-6.952,1.0,0.034,90.124,0.917,G Mayor,1.0
bf987386-6b34-4e54-8814-ef84e64218a1,Yellow Submarine - 2022 Mix,b9592c7e-94dd-4147-896f-b5817b25c2f3,The Beatles 1962 – 1966 (2023 Edition),4226e6f9-54a5-4896-9efb-a15967529a7f,The Beatles,158840,38,0.418,0.611,0.516,0.0,6.0,0.149,-9.701,1.0,0.0342,111.12,0.787,F# Mayor,5.0
df953b85-a29c-4449-a2e9-5ee0469ff072,Michelle - 2023 Mix,b9592c7e-94dd-4147-896f-b5817b25c2f3,The Beatles 1962 – 1966 (2023 Edition),4226e6f9-54a5-4896-9efb-a15967529a7f,The Beatles,162386,40,0.648,0.648,0.377,0.0,5.0,0.104,-10.17,0.0,0.0458,117.229,0.656,F Menor,4.0
d02db14a-fc0b-42e1-86d9-c6a65f01e379,"Here, There And Everywhere - 2022 Mix",b9592c7e-94dd-4147-896f-b5817b25c2f3,The Beatles 1962 – 1966 (2023 Edition),4226e6f9-54a5-4896-9efb-a15967529a7f,The Beatles,144026,39,0.886,0.552,0.271,3.47e-05,7.0,0.1,-11.965,1.0,0.0272,82.844,0.432,G Mayor,1.0
3b2c6c65-54c3-4fdf-bf54-206be1b22521,Can't Buy Me Love - 2023 Mix,b9592c7e-94dd-4147-896f-b5817b25c2f3,The Beatles 1962 – 1966 (2023 Edition),4226e6f9-54a5-4896-9efb-a15967529a7f,The Beatles,133093,42,0.122,0.426,0.748,0.0,0.0,0.314,-5.939,1.0,0.0472,171.849,0.901,C Mayor,0.0
b081c6e1-802c-4b09-beb2-d2d385e8f678,Taxman - 2022 Mix,b9592c7e-94dd-4147-896f-b5817b25c2f3,The Beatles 1962 – 1966 (2023 Edition),4226e6f9-54a5-4896-9efb-a15967529a7f,The Beatles,158266,37,0.00316,0.503,0.709,0.0,7.0,0.66,-7.87,1.0,0.0919,133.287,0.692,G Mayor,1.0
e4b3abac-53c4-431a-ac7d-0f6ab345dd4a,Tomorrow Never Knows - 2022 Mix,b9592c7e-94dd-4147-896f-b5817b25c2f3,The Beatles 1962 – 1966 (2023 Edition),4226e6f9-54a5-4896-9efb-a15967529a7f,The Beatles,177626,36,2.81e-05,0.414,0.624,1.09e-05,5.0,0.285,-7.213,1.0,0.0375,125.574,0.039,F Mayor,1.0
52a8373f-c95a-46fe-b82e-1ea145013080,Roll Over Beethoven - 2023 Mix,b9592c7e-94dd-4147-896f-b5817b25c2f3,The Beatles 1962 – 1966 (2023 Edition),4226e6f9-54a5-4896-9efb-a15967529a7f,The Beatles,165693,41,0.411,0.51,0.85,0.0,2.0,0.0844,-6.728,1.0,0.0515,80.106,0.966,D Mayor,2.0
fe7e734e-6257-46ca-808b-bcf3735ef6de,We Can Work It Out - 2023 Mix,b9592c7e-94dd-4147-896f-b5817b25c2f3,The Beatles 1962 – 1966 (2023 Edition),4226e6f9-54a5-4896-9efb-a15967529a7f,The Beatles,136106,41,0.0255,0.386,0.702,0.0,2.0,0.276,-7.479,1.0,0.0352,105.896,0.525,D Mayor,2.0
a8147d2d-dd5c-4971-84da-eca362008586,This Boy - 2023 Mix,b9592c7e-94dd-4147-896f-b5817b25c2f3,The Beatles 1962 – 1966 (2023 Edition),4226e6f9-54a5-4896-9efb-a15967529a7f,The Beatles,139160,48,0.195,0.464,0.408,4.06e-06,2.0,0.105,-8.364,1.0,0.0298,111.146,0.658,D Mayor,2.0
3a40387e-4954-41f2-b1e9-4185e36ff1f0,I'm Only Sleeping - 2022 Mix,b9592c7e-94dd-4147-896f-b5817b25c2f3,The Beatles 1962 – 1966 (2023 Edition),4226e6f9-54a5-4896-9efb-a15967529a7f,The Beatles,178586,37,0.113,0.57,0.427,0.0,11.0,0.332,-9.284,1.0,0.0264,103.471,0.636,B Mayor,5.0
51cb4264-ace1-4295-bf67-825aa1b1d3b3,Yesterday - 2023 Mix,b9592c7e-94dd-4147-896f-b5817b25c2f3,The Beatles 1962 – 1966 (2023 Edition),4226e6f9-54a5-4896-9efb-a15967529a7f,The Beatles,124426,41,0.891,0.505,0.194,0.0,5.0,0.0993,-10.535,1.0,0.0284,95.298,0.306,F Mayor,1.0
4ea73553-2b50-4280-a5e5-7cd4f5f5d5f7,Norwegian Wood (This Bird Has Flown) - 2023 Mix,b9592c7e-94dd-4147-896f-b5817b25c2f3,The Beatles 1962 – 1966 (2023 Edition),4226e6f9-54a5-4896-9efb-a15967529a7f,The Beatles,125586,40,0.246,0.437,0.41,4.9e-05,4.0,0.0916,-9.632,1.0,0.033,177.965,0.631,E Mayor,4.0
701fe950-6166-40d9-aba3-7a32d2355b25,And I Love Her - 2023 Mix,b9592c7e-94dd-4147-896f-b5817b25c2f3,The Beatles 1962 – 1966 (2023 Edition),4226e6f9-54a5-4896-9efb-a15967529a7f,The Beatles,152360,42,0.73,0.738,0.358,1.51e-06,1.0,0.0717,-11.056,0.0,0.0316,112.551,0.628,C# Menor,4.0
c46118d4-6e8d-48be-a9d0-6cd23059ab79,Drive My Car - 2023 Mix,b9592c7e-94dd-4147-896f-b5817b25c2f3,The Beatles 1962 – 1966 (2023 Edition),4226e6f9-54a5-4896-9efb-a15967529a7f,The Beatles,148493,41,0.00714,0.731,0.676,9.39e-06,7.0,0.21,-7.276,1.0,0.0328,122.49,0.88,G Mayor,1.0
b22a95ee-7489-4f0f-94e4-895c02539ed5,Please Please Me - 2023 Mix,b9592c7e-94dd-4147-896f-b5817b25c2f3,The Beatles 1962 – 1966 (2023 Edition),4226e6f9-54a5-4896-9efb-a15967529a7f,The Beatles,120573,44,0.182,0.489,0.731,0.0,4.0,0.0668,-5.487,1.0,0.0313,139.64,0.839,E Mayor,4.0
3e88fd0b-3703-4262-aed5-df2a6eac9390,Got To Get You Into My Life - 2022 Mix,b9592c7e-94dd-4147-896f-b5817b25c2f3,The Beatles 1962 – 1966 (2023 Edition),4226e6f9-54a5-4896-9efb-a15967529a7f,The Beatles,147493,37,0.28,0.534,0.584,1.1e-05,7.0,0.0876,-7.375,1.0,0.0303,136.629,0.632,G Mayor,1.0
946c9c95-6bea-4721-9c40-cb9c5db41865,Nowhere Man - 2023 Mix,b9592c7e-94dd-4147-896f-b5817b25c2f3,The Beatles 1962 – 1966 (2023 Edition),4226e6f9-54a5-4896-9efb-a15967529a7f,The Beatles,164266,40,0.00307,0.538,0.641,0.0,4.0,0.142,-8.978,1.0,0.0589,121.301,0.696,E Mayor,4.0
d6b413d8-c909-48fc-beea-b78d7256048e,In My Life - 2023 Mix,b9592c7e-94dd-4147-896f-b5817b25c2f3,The Beatles 1962 – 1966 (2023 Edition),4226e6f9-54a5-4896-9efb-a15967529a7f,The Beatles,147200,41,0.683,0.708,0.502,0.0,9.0,0.0973,-7.856,1.0,0.0308,103.468,0.506,A Mayor,3.0
b54d1846-8315-4f9c-94d8-1b247542f6d6,All My Loving - 2023 Mix,b9592c7e-94dd-4147-896f-b5817b25c2f3,The Beatles 1962 – 1966 (2023 Edition),4226e6f9-54a5-4896-9efb-a15967529a7f,The Beatles,128946,44,0.19,0.182,0.571,0.0,4.0,0.29,-7.494,1.0,0.0363,77.593,0.8,E Mayor,4.0
1c901602-7099-43f6-9e7d-98e84e64cfda,Ticket To Ride - 2023 Mix,b9592c7e-94dd-4147-896f-b5817b25c2f3,The Beatles 1962 – 1966 (2023 Edition),4226e6f9-54a5-4896-9efb-a15967529a7f,The Beatles,191080,41,0.0459,0.552,0.864,0.0,9.0,0.369,-5.962,1.0,0.0708,123.239,0.688,A Mayor,3.0
3f0a96b0-7f79-46cf-83a4-5f45ba1efd62,You've Got To Hide Your Love Away - 2023 Mix,b9592c7e-94dd-4147-896f-b5817b25c2f3,The Beatles 1962 – 1966 (2023 Edition),4226e6f9-54a5-4896-9efb-a15967529a7f,The Beatles,131386,39,0.405,0.376,0.349,0.0,7.0,0.139,-9.695,1.0,0.0297,184.306,0.41,G Mayor,1.0
ab240b22-b35e-4a16-8ec8-2c5c5f43f1f1,A Hard Day's Night - 2023 Mix,b9592c7e-94dd-4147-896f-b5817b25c2f3,The Beatles 1962 – 1966 (2023 Edition),4226e6f9-54a5-4896-9efb-a15967529a7f,The Beatles,155493,43,0.114,0.572,0.95,0.0,0.0,0.156,-4.127,1.0,0.0358,137.599,0.762,C Mayor,0.0
09c90a97-96b9-40ee-9f49-a121c46c7769,Glass Onion - 2018 Mix,00a86c43-4ae2-486f-99ba-99e53b50d03c,The Beatles 1967 – 1970 (2023 Edition),4226e6f9-54a5-4896-9efb-a15967529a7f,The Beatles,139613,36,0.00326,0.531,0.548,0.00225,7.0,0.105,-9.387,0.0,0.0493,120.362,0.62,G Menor,2.0
8507ee7c-cab8-444a-98e2-992c60a25557,Back In The U.S.S.R - 2018 Mix,00a86c43-4ae2-486f-99ba-99e53b50d03c,The Beatles 1967 – 1970 (2023 Edition),4226e6f9-54a5-4896-9efb-a15967529a7f,The Beatles,165826,38,0.00107,0.511,0.885,0.000191,9.0,0.203,-9.641,1.0,0.034,142.599,0.932,A Mayor,3.0
a52dff7e-3f5a-4ebe-a52b-f820e776df70,With A Little Help From My Friends - 2017 Mix,00a86c43-4ae2-486f-99ba-99e53b50d03c,The Beatles 1967 – 1970 (2023 Edition),4226e6f9-54a5-4896-9efb-a15967529a7f,The Beatles,164373,41,0.13,0.678,0.595,0.0,4.0,0.256,-7.9,1.0,0.0282,112.303,0.707,E Mayor,4.0
0b7c98d5-4c09-4da7-808e-9bc9dfb208f1,Blackbird - 2018 Mix,00a86c43-4ae2-486f-99ba-99e53b50d03c,The Beatles 1967 – 1970 (2023 Edition),4226e6f9-54a5-4896-9efb-a15967529a7f,The Beatles,141360,40,0.841,0.648,0.139,3.31e-06,7.0,0.0589,-14.744,1.0,0.0368,93.874,0.373,G Mayor,1.0
6c99dad8-f489-4682-8a8e-f2dafc53089c,Oh! Darling - 2019 Mix,00a86c43-4ae2-486f-99ba-99e53b50d03c,The Beatles 1967 – 1970 (2023 Edition),4226e6f9-54a5-4896-9efb-a15967529a7f,The Beatles,208640,37,0.0368,0.448,0.612,0.00199,4.0,0.345,-8.402,1.0,0.0402,174.095,0.561,E Mayor,4.0
db92900a-108d-48a0-a15d-ac95e4ee91fb,Get Back - 2015 Mix,00a86c43-4ae2-486f-99ba-99e53b50d03c,The Beatles 1967 – 1970 (2023 Edition),4226e6f9-54a5-4896-9efb-a15967529a7f,The Beatles,192506,40,0.179,0.71,0.622,0.0225,7.0,0.0868,-8.536,1.0,0.0388,122.935,0.219,G Mayor,1.0
a7d4fd98-d94e-4a34-b0a0-04c7e85b86d9,All You Need Is Love - 2015 Mix,00a86c43-4ae2-486f-99ba-99e53b50d03c,The Beatles 1967 – 1970 (2023 Edition),4226e6f9-54a5-4896-9efb-a15967529a7f,The Beatles,229480,41,0.459,0.398,0.526,1.69e-06,7.0,0.24,-8.019,1.0,0.035,103.098,0.685,G Mayor,1.0
02660d43-eadb-4a56-845f-dab8cf5c2349,Hey Jude - 2015 Mix,00a86c43-4ae2-486f-99ba-99e53b50d03c,The Beatles 1967 – 1970 (2023 Edition),4226e6f9-54a5-4896-9efb-a15967529a7f,The Beatles,431453,66,0.0161,0.378,0.557,0.0,10.0,0.115,-9.127,1.0,0.0249,147.43,0.53,Bb Mayor,2.0
c76d01ad-e16f-4e70-bf73-3888f9932794,While My Guitar Gently Weeps - 2018 Mix,00a86c43-4ae2-486f-99ba-99e53b50d03c,The Beatles 1967 – 1970 (2023 Edition),4226e6f9-54a5-4896-9efb-a15967529a7f,The Beatles,286786,39,0.00243,0.424,0.615,0.009,2.0,0.298,-9.802,1.0,0.0337,115.143,0.702,D Mayor,2.0
cfadeee5-d208-4538-9124-413b35565817,Old Brown Shoe - 2023 Mix,00a86c43-4ae2-486f-99ba-99e53b50d03c,The Beatles 1967 – 1970 (2023 Edition),4226e6f9-54a5-4896-9efb-a15967529a7f,The Beatles,198613,36,0.000864,0.519,0.7,8.19e-05,1.0,0.105,-9.697,1.0,0.0448,142.869,0.496,Db Mayor,5.0
c165cc28-221e-410f-8feb-bd614920ff39,Octopus's Garden - 2019 Mix,00a86c43-4ae2-486f-99ba-99e53b50d03c,The Beatles 1967 – 1970 (2023 Edition),4226e6f9-54a5-4896-9efb-a15967529a7f,The Beatles,172253,36,0.119,0.568,0.615,0.000176,1.0,0.124,-7.276,0.0,0.0317,92.137,0.622,C# Menor,4.0
bd0582f8-7dd0-4d08-a5d8-49b692b8b8e3,"Ob-La-Di, Ob-La-Da - 2018 Mix",00a86c43-4ae2-486f-99ba-99e53b50d03c,The Beatles 1967 – 1970 (2023 Edition),4226e6f9-54a5-4896-9efb-a15967529a7f,The Beatles,191386,39,0.171,0.8,0.731,0.0751,10.0,0.198,-8.36,1.0,0.0337,113.203,0.971,Bb Mayor,2.0
64c7fb40-02d8-4c81-921b-b692177a3ecb,Dear Prudence - 2018 Mix,00a86c43-4ae2-486f-99ba-99e53b50d03c,The Beatles 1967 – 1970 (2023 Edition),4226e6f9-54a5-4896-9efb-a15967529a7f,The Beatles,239960,38,0.0939,0.398,0.532,0.00108,2.0,0.0881,-10.439,1.0,0.0489,150.274,0.319,D Mayor,2.0
6694a6a3-f0e9-4cdc-a617-70232c3157bb,Come Together - 2019 Mix,00a86c43-4ae2-486f-99ba-99e53b50d03c,The Beatles 1967 – 1970 (2023 Edition),4226e6f9-54a5-4896-9efb-a15967529a7f,The Beatles,259693,37,0.0717,0.542,0.326,0.204,9.0,0.107,-12.498,0.0,0.0465,164.987,0.133,A Menor,0.0
c7c0d8e3-4339-4ad0-9221-8b4ef3422797,Across The Universe - 2021 Mix,00a86c43-4ae2-486f-99ba-99e53b50d03c,The Beatles 1967 – 1970 (2023 Edition),4226e6f9-54a5-4896-9efb-a15967529a7f,The Beatles,229786,37,0.577,0.422,0.438,2.7e-05,1.0,0.0803,-10.259,1.0,0.0253,76.651,0.809,Db Mayor,5.0
8fda5139-6b8c-4826-98e5-9d9380e562b6,Hey Bulldog - 2023 Mix,00a86c43-4ae2-486f-99ba-99e53b50d03c,The Beatles 1967 – 1970 (2023 Edition),4226e6f9-54a5-4896-9efb-a15967529a7f,The Beatles,191720,40,0.00147,0.525,0.845,0.401,4.0,0.252,-6.493,0.0,0.0286,100.496,0.802,E Menor,1.0
c4fc509f-066d-456b-94b0-973d7c8784a5,I Me Mine - 2021 Mix,00a86c43-4ae2-486f-99ba-99e53b50d03c,The Beatles 1967 – 1970 (2023 Edition),4226e6f9-54a5-4896-9efb-a15967529a7f,The Beatles,148000,34,0.201,0.452,0.548,0.0,4.0,0.0825,-9.164,0.0,0.0447,128.376,0.546,E Menor,1.0
68b96818-4a7f-4f33-9b57-608d7d155fbf,I Want You (She's So Heavy) - 2019 Mix,00a86c43-4ae2-486f-99ba-99e53b50d03c,The Beatles 1967 – 1970 (2023 Edition),4226e6f9-54a5-4896-9efb-a15967529a7f,The Beatles,467373,35,0.0246,0.358,0.457,0.0588,9.0,0.0821,-10.23,0.0,0.0351,115.544,0.38,A Menor,0.0
a6933e59-4e88-48f3-b855-1de058d6f3a2,Revolution - 2023 Mix,00a86c43-4ae2-486f-99ba-99e53b50d03c,The Beatles 1967 – 1970 (2023 Edition),4226e6f9-54a5-4896-9efb-a15967529a7f,The Beatles,201813,41,0.193,0.494,0.927,0.00031,6.0,0.318,-7.127,1.0,0.118,121.461,0.706,F# Mayor,5.0
ee04860b-c2bf-46cd-9b5e-09da1ef87843,"Hello, Goodbye - 2015 Mix",00a86c43-4ae2-486f-99ba-99e53b50d03c,The Beatles 1967 – 1970 (2023 Edition),4226e6f9-54a5-4896-9efb-a15967529a7f,The Beatles,209706,41,0.361,0.503,0.76,7.09e-06,0.0,0.237,-7.188,1.0,0.0264,99.355,0.663,C Mayor,0.0
9d22680f-943a-410b-be7c-1be5cd7a679d,Lucy In The Sky With Diamonds - 2017 Mix,00a86c43-4ae2-486f-99ba-99e53b50d03c,The Beatles 1967 – 1970 (2023 Edition),4226e6f9-54a5-4896-9efb-a15967529a7f,The Beatles,210453,41,0.13,0.247,0.537,0.0,2.0,0.127,-6.921,1.0,0.0442,187.405,0.497,D Mayor,2.0
19ede0b6-b5ac-4954-8951-4bb2c7d0d953,Strawberry Fields Forever - 2015 Mix,00a86c43-4ae2-486f-99ba-99e53b50d03c,The Beatles 1967 – 1970 (2023 Edition),4226e6f9-54a5-4896-9efb-a15967529a7f,The Beatles,252093,44,0.269,0.389,0.665,0.000636,10.0,0.0918,-8.727,1.0,0.292,96.705,0.22,Bb Mayor,2.0
153822c5-ad22-4c2f-87ef-7484adb3663c,The Fool On The Hill - 2023 Mix,00a86c43-4ae2-486f-99ba-99e53b50d03c,The Beatles 1967 – 1970 (2023 Edition),4226e6f9-54a5-4896-9efb-a15967529a7f,The Beatles,180306,40,0.906,0.422,0.368,4.78e-05,4.0,0.157,-9.365,0.0,0.0282,144.332,0.552,E Menor,1.0
bd02b764-72ae-454b-a37a-d1a7360b49b4,Lady Madonna - 2015 Mix,00a86c43-4ae2-486f-99ba-99e53b50d03c,The Beatles 1967 – 1970 (2023 Edition),4226e6f9-54a5-4896-9efb-a15967529a7f,The Beatles,138706,51,0.116,0.643,0.716,0.296,2.0,0.205,-6.955,1.0,0.0264,109.393,0.598,D Mayor,2.0
02314921-16f9-4a65-9fe8-954458070d0a,A Day In The Life - 2017 Remix,00a86c43-4ae2-486f-99ba-99e53b50d03c,The Beatles 1967 – 1970 (2023 Edition),4226e6f9-54a5-4896-9efb-a15967529a7f,The Beatles,307666,41,0.182,0.352,0.354,0.000298,4.0,0.119,-12.828,0.0,0.0285,78.744,0.206,E Menor,1.0
7f333601-c5f6-40cf-9d74-859a0ba19b22,Sgt. Pepper's Lonely Hearts Club Band - 2017 Mix,00a86c43-4ae2-486f-99ba-99e53b50d03c,The Beatles 1967 – 1970 (2023 Edition),4226e6f9-54a5-4896-9efb-a15967529a7f,The Beatles,122120,41,0.0378,0.36,0.837,0.0354,7.0,0.894,-7.866,1.0,0.113,95.369,0.472,G Mayor,1.0
cd92d916-ceff-4207-924d-69db5875a3c0,The Ballad Of John And Yoko - 2015 Mix,00a86c43-4ae2-486f-99ba-99e53b50d03c,The Beatles 1967 – 1970 (2023 Edition),4226e6f9-54a5-4896-9efb-a15967529a7f,The Beatles,180786,48,0.00664,0.649,0.872,3.19e-06,4.0,0.107,-7.445,1.0,0.0315,135.312,0.964,E Mayor,4.0
f15d96dd-246c-485c-a11e-f1f447c06745,Something - 2019 Mix,00a86c43-4ae2-486f-99ba-99e53b50d03c,The Beatles 1967 – 1970 (2023 Edition),4226e6f9-54a5-4896-9efb-a15967529a7f,The Beatles,183693,37,0.113,0.398,0.349,4.2e-06,0.0,0.125,-11.004,1.0,0.0288,133.417,0.453,C Mayor,0.0
c163d983-251d-493e-98aa-b2a5101eb709,Penny Lane - 2017 Mix,00a86c43-4ae2-486f-99ba-99e53b50d03c,The Beatles 1967 – 1970 (2023 Edition),4226e6f9-54a5-4896-9efb-a15967529a7f,The Beatles,180946,42,0.0898,0.631,0.506,0.00314,9.0,0.123,-8.369,1.0,0.0402,113.063,0.677,A Mayor,3.0
1e980a02-bc13-4073-ad69-e08f5956bb14,Don’t Let Me Down - 2021 Mix,00a86c43-4ae2-486f-99ba-99e53b50d03c,The Beatles 1967 – 1970 (2023 Edition),4226e6f9-54a5-4896-9efb-a15967529a7f,The Beatles,214960,41,0.51,0.56,0.389,9.58e-05,4.0,0.102,-10.369,1.0,0.025,76.605,0.797,E Mayor,4.0
32f59dca-666e-4c88-b903-11d491c361e7,I Am The Walrus - 2023 Mix,00a86c43-4ae2-486f-99ba-99e53b50d03c,The Beatles 1967 – 1970 (2023 Edition),4226e6f9-54a5-4896-9efb-a15967529a7f,The Beatles,275733,41,0.0561,0.394,0.68,0.0,9.0,0.392,-9.274,1.0,0.0577,88.209,0.524,A Mayor,3.0
22b2ef24-a9ba-4910-a754-9e9c5e3c15f0,Magical Mystery Tour - 2023 Mix,00a86c43-4ae2-486f-99ba-99e53b50d03c,The Beatles 1967 – 1970 (2023 Edition),4226e6f9-54a5-4896-9efb-a15967529a7f,The Beatles,169000,39,0.0443,0.332,0.657,0.0,9.0,0.209,-7.283,1.0,0.0576,165.353,0.359,A Mayor,3.0
a0f0cc9a-6d0c-44b1-8338-bb4ebf192a0c,Within You Without You - 2017 Mix,00a86c43-4ae2-486f-99ba-99e53b50d03c,The Beatles 1967 – 1970 (2023 Edition),4226e6f9-54a5-4896-9efb-a15967529a7f,The Beatles,311053,38,0.417,0.292,0.508,0.000184,6.0,0.0764,-9.531,1.0,0.0362,123.419,0.327,F# Mayor,5.0
69806357-b3ab-4db6-9555-c2120f5cd3e9,The Long And Winding Road - 2021 Mix,00a86c43-4ae2-486f-99ba-99e53b50d03c,The Beatles 1967 – 1970 (2023 Edition),4226e6f9-54a5-4896-9efb-a15967529a7f,The Beatles,217613,36,0.814,0.31,0.344,0.00254,3.0,0.257,-10.629,1.0,0.0279,132.692,0.316,Eb Mayor,3.0
436c90c9-0285-4d63-a1f8-8d1b99720328,Here Comes The Sun - 2019 Mix,00a86c43-4ae2-486f-99ba-99e53b50d03c,The Beatles 1967 – 1970 (2023 Edition),4226e6f9-54a5-4896-9efb-a15967529a7f,The Beatles,187346,37,0.0346,0.567,0.528,0.00016,9.0,0.0981,-10.955,1.0,0.0416,129.002,0.262,A Mayor,3.0
462bf9f4-a94f-42ff-bd0b-f7c7a648e421,Now And Then,00a86c43-4ae2-486f-99ba-99e53b50d03c,The Beatles 1967 – 1970 (2023 Edition),4226e6f9-54a5-4896-9efb-a15967529a7f,The Beatles,248640,50,0.199,0.443,0.54,2.75e-05,9.0,0.319,-7.949,0.0,0.0276,87.199,0.384,A Menor,0.0
c310abfb-aa54-4c22-a0bd-205aeba309eb,Let It Be - 2021 Mix,00a86c43-4ae2-486f-99ba-99e53b50d03c,The Beatles 1967 – 1970 (2023 Edition),4226e6f9-54a5-4896-9efb-a15967529a7f,The Beatles,231733,37,0.584,0.448,0.404,7.97e-05,0.0,0.111,-9.614,1.0,0.0336,137.983,0.505,C Mayor,0.0
65e35f92-fe83-4155-a9a3-98ebef8bac24,"Ob-La-Di, Ob-La-Da - 2018 Mix",e76acb65-de35-453e-b5da-9d9da3fc29c6,The Beatles,4226e6f9-54a5-4896-9efb-a15967529a7f,The Beatles,188813,43,0.149,0.803,0.776,0.00471,10.0,0.222,-7.561,1.0,0.0333,113.193,0.969,Bb Mayor,2.0
e0535a37-5d69-4dd4-9e7d-b678473b149e,Mother Nature's Son - 2018 Mix,e76acb65-de35-453e-b5da-9d9da3fc29c6,The Beatles,4226e6f9-54a5-4896-9efb-a15967529a7f,The Beatles,167826,34,0.614,0.564,0.197,0.208,2.0,0.271,-16.103,1.0,0.0255,84.761,0.473,D Mayor,2.0
b5746651-9b61-4e68-8b59-7b69eed28c83,Across The Universe - Take 6,e76acb65-de35-453e-b5da-9d9da3fc29c6,The Beatles,4226e6f9-54a5-4896-9efb-a15967529a7f,The Beatles,232986,27,0.6,0.386,0.258,0.0,2.0,0.519,-13.573,1.0,0.0289,152.212,0.717,D Mayor,2.0
93366797-5bb1-410c-a3cc-9a5515a2336c,Glass Onion - 2018 Mix,e76acb65-de35-453e-b5da-9d9da3fc29c6,The Beatles,4226e6f9-54a5-4896-9efb-a15967529a7f,The Beatles,137706,34,0.00236,0.529,0.555,0.003,7.0,0.093,-8.839,0.0,0.0508,120.356,0.615,G Menor,2.0
9bb4fcec-1181-4660-8315-3dbdfc9fd627,Dear Prudence - Esher Demo,e76acb65-de35-453e-b5da-9d9da3fc29c6,The Beatles,4226e6f9-54a5-4896-9efb-a15967529a7f,The Beatles,287053,29,0.655,0.387,0.266,0.0129,10.0,0.143,-12.38,0.0,0.0302,89.173,0.271,Bb Menor,5.0
a0660c19-d564-4eda-8d4f-835eeb10be1e,Honey Pie - Instrumental Backing Track,e76acb65-de35-453e-b5da-9d9da3fc29c6,The Beatles,4226e6f9-54a5-4896-9efb-a15967529a7f,The Beatles,163106,19,0.947,0.604,0.272,0.893,2.0,0.297,-14.953,1.0,0.0484,144.125,0.24,D Mayor,2.0
0e3e5a14-f68d-4c8e-b7e6-f52853b40ac3,Helter Skelter - 2018 Mix,e76acb65-de35-453e-b5da-9d9da3fc29c6,The Beatles,4226e6f9-54a5-4896-9efb-a15967529a7f,The Beatles,269773,38,0.000218,0.22,0.884,0.141,4.0,0.828,-7.21,1.0,0.0913,167.748,0.248,E Mayor,4.0
a6a4e2b6-ddb6-48a4-a633-e1e383195b9a,Blue Moon - Studio Jam,e76acb65-de35-453e-b5da-9d9da3fc29c6,The Beatles,4226e6f9-54a5-4896-9efb-a15967529a7f,The Beatles,71346,28,0.619,0.641,0.437,0.473,5.0,0.123,-12.494,1.0,0.0653,203.225,0.888,F Mayor,1.0
2c7ab293-6e27-45ea-95ea-8a4d935fb060,Rocky Raccoon - Esher Demo,e76acb65-de35-453e-b5da-9d9da3fc29c6,The Beatles,4226e6f9-54a5-4896-9efb-a15967529a7f,The Beatles,164320,25,0.619,0.6,0.297,0.0,6.0,0.301,-9.875,1.0,0.0349,82.588,0.356,F# Mayor,5.0
e033c425-5d33-44b3-84b2-4e71e8342501,Cry Baby Cry - Esher Demo,e76acb65-de35-453e-b5da-9d9da3fc29c6,The Beatles,4226e6f9-54a5-4896-9efb-a15967529a7f,The Beatles,147733,23,0.805,0.63,0.277,0.0,8.0,0.332,-11.472,0.0,0.0529,154.921,0.717,G# Menor,5.0
aa948838-e7d7-4de5-be2e-d4280091970c,Cry Baby Cry - Unnumbered Rehearsal,e76acb65-de35-453e-b5da-9d9da3fc29c6,The Beatles,4226e6f9-54a5-4896-9efb-a15967529a7f,The Beatles,182773,19,0.644,0.607,0.258,0.0033,9.0,0.257,-13.958,0.0,0.0479,126.797,0.441,A Menor,0.0
b37d7bc6-09a2-46fb-9c3e-74dfb37afe46,Revolution - Take 14 / Instrumental Backing Track,e76acb65-de35-453e-b5da-9d9da3fc29c6,The Beatles,4226e6f9-54a5-4896-9efb-a15967529a7f,The Beatles,205000,20,0.336,0.567,0.921,0.848,4.0,0.575,-10.738,0.0,0.0539,123.687,0.528,E Menor,1.0
8b05afcb-a4b8-45c8-9426-ef0fca974394,Back In The U.S.S.R. - Take 5 / Instrumental Backing Track,e76acb65-de35-453e-b5da-9d9da3fc29c6,The Beatles,4226e6f9-54a5-4896-9efb-a15967529a7f,The Beatles,189666,19,0.0266,0.668,0.827,0.372,0.0,0.176,-10.029,1.0,0.0345,127.771,0.937,C Mayor,0.0
60a687c0-2efa-4ed7-af05-2fe55a0a2af1,While My Guitar Gently Weeps - 2018 Mix,e76acb65-de35-453e-b5da-9d9da3fc29c6,The Beatles,4226e6f9-54a5-4896-9efb-a15967529a7f,The Beatles,285280,50,0.00196,0.421,0.668,0.0172,2.0,0.307,-9.234,1.0,0.0364,115.124,0.635,D Mayor,2.0
1c1e05ad-e2d9-4c67-881e-f0b0721b0701,Back In The U.S.S.R. - 2018 Mix,e76acb65-de35-453e-b5da-9d9da3fc29c6,The Beatles,4226e6f9-54a5-4896-9efb-a15967529a7f,The Beatles,163466,47,0.00102,0.51,0.893,5.85e-05,9.0,0.201,-9.267,1.0,0.0342,142.657,0.934,A Mayor,3.0
d395948d-3fd9-4b9a-8e34-45e4ca791bc7,Everybody's Got Something To Hide Except Me And My Monkey - Unnumbered Rehearsal,e76acb65-de35-453e-b5da-9d9da3fc29c6,The Beatles,4226e6f9-54a5-4896-9efb-a15967529a7f,The Beatles,163000,19,0.000776,0.676,0.603,0.824,9.0,0.0949,-11.27,1.0,0.0406,126.938,0.817,A Mayor,3.0
62d3467a-8af2-4c23-8862-3ec0ee0a20a3,Sexy Sadie - Take 3,e76acb65-de35-453e-b5da-9d9da3fc29c6,The Beatles,4226e6f9-54a5-4896-9efb-a15967529a7f,The Beatles,188093,20,0.819,0.551,0.25,0.0,7.0,0.108,-12.418,1.0,0.0542,130.228,0.37,G Mayor,1.0
63082bc1-a614-4e28-97b5-9028b7babc2b,Yer Blues - Take 5 With Guide Vocal,e76acb65-de35-453e-b5da-9d9da3fc29c6,The Beatles,4226e6f9-54a5-4896-9efb-a15967529a7f,The Beatles,237546,18,0.00218,0.388,0.565,0.288,4.0,0.316,-10.113,1.0,0.0704,107.715,0.581,E Mayor,4.0
d5abc0f4-4e33-405c-9cc8-6f4b13c21306,Piggies - 2018 Mix,e76acb65-de35-453e-b5da-9d9da3fc29c6,The Beatles,4226e6f9-54a5-4896-9efb-a15967529a7f,The Beatles,124306,31,0.2,0.527,0.471,0.0,8.0,0.0981,-9.901,1.0,0.0314,92.583,0.571,Ab Mayor,4.0
b6d00144-0a3b-4cd0-9df1-b4f644d836f8,I'm So Tired - Take 14,e76acb65-de35-453e-b5da-9d9da3fc29c6,The Beatles,4226e6f9-54a5-4896-9efb-a15967529a7f,The Beatles,137413,20,0.635,0.453,0.339,1.35e-05,9.0,0.137,-13.554,1.0,0.187,72.55,0.681,A Mayor,3.0
4b045c89-ebca-40db-9ce6-2b41897cee05,Birthday - 2018 Mix,e76acb65-de35-453e-b5da-9d9da3fc29c6,The Beatles,4226e6f9-54a5-4896-9efb-a15967529a7f,The Beatles,161986,34,2.27e-05,0.587,0.662,0.165,2.0,0.194,-8.056,1.0,0.0398,139.374,0.964,D Mayor,2.0
f09ed53d-5dae-40b8-b4e2-35035e413af3,Child Of Nature - Esher Demo,e76acb65-de35-453e-b5da-9d9da3fc29c6,The Beatles,4226e6f9-54a5-4896-9efb-a15967529a7f,The Beatles,157773,31,0.67,0.477,0.32,0.0,6.0,0.132,-10.596,1.0,0.0294,72.062,0.437,F# Mayor,5.0
d2beae94-c775-4e64-babe-eb5c5d53ec9a,The Inner Light - Take 6 / Instrumental Backing Track,e76acb65-de35-453e-b5da-9d9da3fc29c6,The Beatles,4226e6f9-54a5-4896-9efb-a15967529a7f,The Beatles,167613,19,0.618,0.295,0.542,0.81,8.0,0.338,-12.307,1.0,0.0424,102.093,0.305,Ab Mayor,4.0
27bbd563-35af-4693-8eec-c30d2fbbcc61,Not Guilty - Esher Demo,e76acb65-de35-453e-b5da-9d9da3fc29c6,The Beatles,4226e6f9-54a5-4896-9efb-a15967529a7f,The Beatles,185186,22,0.875,0.594,0.22,1.33e-05,4.0,0.358,-9.775,0.0,0.0541,103.238,0.301,E Menor,1.0
10379bdc-643d-4591-b23d-ee28512e1bdf,While My Guitar Gently Weeps - Esher Demo,e76acb65-de35-453e-b5da-9d9da3fc29c6,The Beatles,4226e6f9-54a5-4896-9efb-a15967529a7f,The Beatles,161440,30,0.835,0.503,0.321,0.0,1.0,0.353,-11.827,0.0,0.0468,82.396,0.36,C# Menor,4.0
5c3d7af7-4d33-4f73-8bc9-399b0edecab6,Revolution - Esher Demo,e76acb65-de35-453e-b5da-9d9da3fc29c6,The Beatles,4226e6f9-54a5-4896-9efb-a15967529a7f,The Beatles,246640,25,0.294,0.723,0.383,1.73e-05,5.0,0.118,-9.526,0.0,0.0682,121.509,0.569,F Menor,4.0
23fe5e21-138f-46d0-af1c-c2c97207cb35,Honey Pie - Esher Demo,e76acb65-de35-453e-b5da-9d9da3fc29c6,The Beatles,4226e6f9-54a5-4896-9efb-a15967529a7f,The Beatles,119906,23,0.4,0.633,0.47,0.0,2.0,0.261,-9.198,1.0,0.113,78.419,0.655,D Mayor,2.0
2d883268-e1fb-444c-94ec-94b0942a395e,St Louis Blues - Studio Jam,e76acb65-de35-453e-b5da-9d9da3fc29c6,The Beatles,4226e6f9-54a5-4896-9efb-a15967529a7f,The Beatles,51573,21,0.539,0.749,0.36,9.97e-05,10.0,0.138,-13.393,1.0,0.0586,51.415,0.724,Bb Mayor,2.0
e3b4bd65-14f4-4dc7-8ece-5048206153a6,Dear Prudence - 2018 Mix,e76acb65-de35-453e-b5da-9d9da3fc29c6,The Beatles,4226e6f9-54a5-4896-9efb-a15967529a7f,The Beatles,234973,38,0.0904,0.395,0.538,0.000453,2.0,0.0685,-10.3,1.0,0.0456,150.785,0.369,D Mayor,2.0
61fc049c-da9a-4521-bb0c-ae9c00613a1c,Lady Madonna - Backing Vocals From Take 3,e76acb65-de35-453e-b5da-9d9da3fc29c6,The Beatles,4226e6f9-54a5-4896-9efb-a15967529a7f,The Beatles,54120,17,0.756,0.709,0.63,0.000844,7.0,0.588,-15.178,1.0,0.308,109.878,0.622,G Mayor,1.0
c1ab152d-7a05-43d3-ba73-abd53a1b414c,Helter Skelter - First Version / Take 2,e76acb65-de35-453e-b5da-9d9da3fc29c6,The Beatles,4226e6f9-54a5-4896-9efb-a15967529a7f,The Beatles,773520,23,0.681,0.608,0.249,0.139,2.0,0.0944,-13.945,1.0,0.0575,134.531,0.481,D Mayor,2.0
cd72ff6a-a2e1-4b7e-8f6f-4ba334c14f62,Lady Madonna - Take 2 / Piano & Drums,e76acb65-de35-453e-b5da-9d9da3fc29c6,The Beatles,4226e6f9-54a5-4896-9efb-a15967529a7f,The Beatles,145400,19,0.716,0.539,0.674,0.794,2.0,0.165,-8.729,1.0,0.0415,109.299,0.906,D Mayor,2.0
b834f58b-8313-4206-8153-3ce10529cdc8,(You're So Square) Baby I Don’t Care - Studio Jam,e76acb65-de35-453e-b5da-9d9da3fc29c6,The Beatles,4226e6f9-54a5-4896-9efb-a15967529a7f,The Beatles,42693,21,0.0991,0.411,0.84,0.0,9.0,0.364,-9.919,1.0,0.0896,112.173,0.353,A Mayor,3.0
8ee8e99d-c1aa-441b-b456-0e56fd645554,Rocky Raccoon - Take 8,e76acb65-de35-453e-b5da-9d9da3fc29c6,The Beatles,4226e6f9-54a5-4896-9efb-a15967529a7f,The Beatles,297066,21,0.663,0.538,0.295,0.0,7.0,0.45,-12.135,1.0,0.053,80.606,0.613,G Mayor,1.0
9db101ce-99f3-42ec-bb54-495678ec7683,Julia - 2018 Mix,e76acb65-de35-453e-b5da-9d9da3fc29c6,The Beatles,4226e6f9-54a5-4896-9efb-a15967529a7f,The Beatles,176133,35,0.849,0.399,0.091,0.000105,2.0,0.106,-15.499,1.0,0.0314,134.702,0.185,D Mayor,2.0
f13bef17-2470-4760-848e-55c080471a41,Mother Nature's Son - Esher Demo,e76acb65-de35-453e-b5da-9d9da3fc29c6,The Beatles,4226e6f9-54a5-4896-9efb-a15967529a7f,The Beatles,144413,24,0.835,0.356,0.324,0.000122,8.0,0.351,-9.269,1.0,0.0282,174.134,0.331,Ab Mayor,4.0
a0361f0a-4077-4310-a54e-84a17d3c55ca,Revolution 1 - Take 18,e76acb65-de35-453e-b5da-9d9da3fc29c6,The Beatles,4226e6f9-54a5-4896-9efb-a15967529a7f,The Beatles,628906,21,0.151,0.436,0.576,0.0158,2.0,0.643,-11.874,1.0,0.0871,100.654,0.333,D Mayor,2.0
89d339af-397b-4f52-b59c-4350e1e59b54,Hey Jude - Take 1,e76acb65-de35-453e-b5da-9d9da3fc29c6,The Beatles,4226e6f9-54a5-4896-9efb-a15967529a7f,The Beatles,404480,28,0.637,0.378,0.513,0.000104,5.0,0.28,-10.365,1.0,0.0282,80.304,0.672,F Mayor,1.0
535d131d-e609-4e88-a1ed-87038a1e9ce2,Rocky Raccoon - 2018 Mix,e76acb65-de35-453e-b5da-9d9da3fc29c6,The Beatles,4226e6f9-54a5-4896-9efb-a15967529a7f,The Beatles,213080,35,0.424,0.543,0.429,0.0,7.0,0.25,-10.249,1.0,0.0397,78.943,0.638,G Mayor,1.0
9bc1dee2-246e-4107-b4fc-2e129863d031,Blackbird - 2018 Mix,e76acb65-de35-453e-b5da-9d9da3fc29c6,The Beatles,4226e6f9-54a5-4896-9efb-a15967529a7f,The Beatles,138360,44,0.825,0.649,0.123,3.14e-06,7.0,0.0627,-15.657,1.0,0.0396,93.82,0.358,G Mayor,1.0
35af7e5e-fb2a-4245-933c-49ee33d47ee0,Julia - Esher Demo,e76acb65-de35-453e-b5da-9d9da3fc29c6,The Beatles,4226e6f9-54a5-4896-9efb-a15967529a7f,The Beatles,236466,26,0.845,0.507,0.278,0.0344,3.0,0.228,-11.235,1.0,0.0306,138.715,0.261,Eb Mayor,3.0
f047b88b-a2e8-404c-8335-e278dd9ac382,Good Night - 2018 Mix,e76acb65-de35-453e-b5da-9d9da3fc29c6,The Beatles,4226e6f9-54a5-4896-9efb-a15967529a7f,The Beatles,195213,29,0.888,0.131,0.343,0.383,7.0,0.107,-15.122,1.0,0.0349,95.082,0.137,G Mayor,1.0
5c5cfc03-44e7-4262-bfa1-d34a260f9c1d,Savoy Truffle - 2018 Mix,e76acb65-de35-453e-b5da-9d9da3fc29c6,The Beatles,4226e6f9-54a5-4896-9efb-a15967529a7f,The Beatles,174440,31,0.00938,0.63,0.616,0.00962,11.0,0.0792,-7.972,0.0,0.0504,120.922,0.912,B Menor,2.0
577163ab-7308-4603-b14a-a431bf07f36e,Sexy Sadie - Esher Demo,e76acb65-de35-453e-b5da-9d9da3fc29c6,The Beatles,4226e6f9-54a5-4896-9efb-a15967529a7f,The Beatles,146693,22,0.783,0.432,0.283,1.95e-06,5.0,0.358,-11.616,0.0,0.0528,147.869,0.257,F Menor,4.0
e81b06a4-1421-4ff5-bbcc-5c94a5624fdf,Happiness Is A Warm Gun - Esher Demo,e76acb65-de35-453e-b5da-9d9da3fc29c6,The Beatles,4226e6f9-54a5-4896-9efb-a15967529a7f,The Beatles,115026,24,0.771,0.587,0.18,2.41e-05,5.0,0.161,-12.486,1.0,0.0424,138.625,0.186,F Mayor,1.0
e1490130-cbdc-413e-888c-a3503e798916,Back In The U.S.S.R. - Esher Demo,e76acb65-de35-453e-b5da-9d9da3fc29c6,The Beatles,4226e6f9-54a5-4896-9efb-a15967529a7f,The Beatles,179906,28,0.756,0.658,0.53,0.0,7.0,0.185,-8.48,1.0,0.0845,127.719,0.557,G Mayor,1.0
be430a28-dbbf-4a6e-85fe-b9642f4e7308,Happiness Is A Warm Gun - Take 19,e76acb65-de35-453e-b5da-9d9da3fc29c6,The Beatles,4226e6f9-54a5-4896-9efb-a15967529a7f,The Beatles,189040,20,0.516,0.484,0.347,0.0233,9.0,0.136,-13.306,0.0,0.0636,73.112,0.433,A Menor,0.0
79a1b421-f9f7-4061-9462-6d5db6ea7890,Good Night - Unnumbered Rehearsal,e76acb65-de35-453e-b5da-9d9da3fc29c6,The Beatles,4226e6f9-54a5-4896-9efb-a15967529a7f,The Beatles,39066,20,0.982,0.528,0.261,0.105,9.0,0.0928,-18.822,1.0,0.127,84.522,0.624,A Mayor,3.0
bf3605f6-df64-4fbd-8dfa-9e1315f419ac,Los Paranoias - Studio Jam,e76acb65-de35-453e-b5da-9d9da3fc29c6,The Beatles,4226e6f9-54a5-4896-9efb-a15967529a7f,The Beatles,238053,20,0.277,0.609,0.523,0.0175,0.0,0.194,-11.71,1.0,0.304,163.524,0.914,C Mayor,0.0
3622a20c-cfe0-4ce9-974c-424b51fca997,Cry Baby Cry - 2018 Mix,e76acb65-de35-453e-b5da-9d9da3fc29c6,The Beatles,4226e6f9-54a5-4896-9efb-a15967529a7f,The Beatles,181866,31,0.129,0.481,0.475,0.0209,0.0,0.196,-11.762,1.0,0.0264,76.795,0.489,C Mayor,0.0
f20b7646-ac80-4ff7-921d-8a8e10be9648,Junk - Esher Demo,e76acb65-de35-453e-b5da-9d9da3fc29c6,The Beatles,4226e6f9-54a5-4896-9efb-a15967529a7f,The Beatles,156586,27,0.9,0.37,0.171,0.353,8.0,0.105,-14.625,1.0,0.0289,137.685,0.263,Ab Mayor,4.0
a225fb84-0ec7-4a04-910c-d64b063ea9e4,Everybody's Got Something To Hide Except Me And My Monkey - Esher Demo,e76acb65-de35-453e-b5da-9d9da3fc29c6,The Beatles,4226e6f9-54a5-4896-9efb-a15967529a7f,The Beatles,183893,21,0.131,0.678,0.587,0.0,6.0,0.31,-9.721,1.0,0.0398,118.018,0.704,F# Mayor,5.0
2933d6ba-e2ae-42f3-a93f-20a1e6a5cfc0,Why Don’t We Do It In The Road? - Take 5,e76acb65-de35-453e-b5da-9d9da3fc29c6,The Beatles,4226e6f9-54a5-4896-9efb-a15967529a7f,The Beatles,123053,18,0.642,0.784,0.141,1.17e-06,2.0,0.718,-14.54,1.0,0.0854,93.916,0.582,D Mayor,2.0
e188d2b7-1e55-4730-a055-85af523223c3,Revolution - Unnumbered Rehearsal,e76acb65-de35-453e-b5da-9d9da3fc29c6,The Beatles,4226e6f9-54a5-4896-9efb-a15967529a7f,The Beatles,136266,20,0.664,0.729,0.853,0.00346,11.0,0.388,-11.475,1.0,0.051,122.493,0.931,B Mayor,5.0
76295642-ff32-4408-b176-ff3940da12c4,While My Guitar Gently Weeps - Third Version / Take 27,e76acb65-de35-453e-b5da-9d9da3fc29c6,The Beatles,4226e6f9-54a5-4896-9efb-a15967529a7f,The Beatles,197306,23,0.24,0.54,0.512,0.0181,4.0,0.587,-9.839,0.0,0.0348,113.158,0.759,E Menor,1.0
9faa0b59-fdd8-4710-890c-ecd5294ed9ff,What’s The New Mary Jane - Take 1,e76acb65-de35-453e-b5da-9d9da3fc29c6,The Beatles,4226e6f9-54a5-4896-9efb-a15967529a7f,The Beatles,126746,17,0.624,0.714,0.32,0.0,2.0,0.0769,-14.093,1.0,0.224,79.59,0.184,D Mayor,2.0
adf69e9f-d4d1-41b3-9792-2421bdfa0e7c,Sour Milk Sea - Esher Demo,e76acb65-de35-453e-b5da-9d9da3fc29c6,The Beatles,4226e6f9-54a5-4896-9efb-a15967529a7f,The Beatles,223533,25,0.86,0.662,0.392,8.4e-06,7.0,0.378,-9.967,1.0,0.0509,127.317,0.402,G Mayor,1.0
fcdabd5a-f765-4fbb-a3bb-4e439a66781a,Blackbird - Esher Demo,e76acb65-de35-453e-b5da-9d9da3fc29c6,The Beatles,4226e6f9-54a5-4896-9efb-a15967529a7f,The Beatles,154520,27,0.699,0.585,0.272,0.000274,7.0,0.0758,-12.194,1.0,0.0342,89.156,0.388,G Mayor,1.0
0bf5c36d-fea7-4f8d-a0f0-528b1e2d72c6,I'm So Tired - Esher Demo,e76acb65-de35-453e-b5da-9d9da3fc29c6,The Beatles,4226e6f9-54a5-4896-9efb-a15967529a7f,The Beatles,190760,26,0.756,0.473,0.285,0.0,11.0,0.925,-11.598,1.0,0.101,152.361,0.42,B Mayor,5.0
279d32eb-ff57-4978-b52d-2b92c0044c1e,While My Guitar Gently Weeps - Acoustic Version / Take 2,e76acb65-de35-453e-b5da-9d9da3fc29c6,The Beatles,4226e6f9-54a5-4896-9efb-a15967529a7f,The Beatles,182613,26,0.83,0.379,0.162,0.413,2.0,0.194,-14.769,0.0,0.0346,127.517,0.34,D Menor,1.0
7df4a07a-3444-4e5e-87ea-e7d3906a6ec0,Martha My Dear - Without Brass And Strings,e76acb65-de35-453e-b5da-9d9da3fc29c6,The Beatles,4226e6f9-54a5-4896-9efb-a15967529a7f,The Beatles,149413,25,0.98,0.64,0.294,0.935,10.0,0.162,-14.073,1.0,0.0512,88.977,0.89,Bb Mayor,2.0
24b4683a-6c9d-4887-90d2-b6f2d4b750ba,Happiness Is A Warm Gun - 2018 Mix,e76acb65-de35-453e-b5da-9d9da3fc29c6,The Beatles,4226e6f9-54a5-4896-9efb-a15967529a7f,The Beatles,164520,37,0.131,0.461,0.534,5.63e-06,9.0,0.107,-9.912,0.0,0.0592,138.935,0.459,A Menor,0.0
0e8a9132-3709-4951-94c7-d8870f137722,The Continuing Story Of Bungalow Bill - Take 2,e76acb65-de35-453e-b5da-9d9da3fc29c6,The Beatles,4226e6f9-54a5-4896-9efb-a15967529a7f,The Beatles,192533,17,0.329,0.758,0.343,0.0,0.0,0.386,-14.32,1.0,0.134,114.268,0.76,C Mayor,0.0
a027de5e-8b69-4491-999d-4df11ce70253,Let It Be - Unnumbered Rehearsal,e76acb65-de35-453e-b5da-9d9da3fc29c6,The Beatles,4226e6f9-54a5-4896-9efb-a15967529a7f,The Beatles,77986,19,0.482,0.551,0.528,0.594,2.0,0.405,-9.891,1.0,0.0273,72.065,0.654,D Mayor,2.0
61498413-ff2b-4cb0-9476-e6bdba0eb159,Not Guilty - Take 102,e76acb65-de35-453e-b5da-9d9da3fc29c6,The Beatles,4226e6f9-54a5-4896-9efb-a15967529a7f,The Beatles,268920,22,0.0311,0.579,0.656,0.0304,4.0,0.152,-10.746,1.0,0.0761,119.04,0.647,E Mayor,4.0
66a0dd78-f5bd-4662-a409-95ed411325ff,Circles - Esher Demo,e76acb65-de35-453e-b5da-9d9da3fc29c6,The Beatles,4226e6f9-54a5-4896-9efb-a15967529a7f,The Beatles,136706,25,0.351,0.267,0.132,1.52e-05,8.0,0.1,-11.61,1.0,0.0378,101.504,0.121,Ab Mayor,4.0
1fb8af62-1dd2-415f-8e18-942a9cdefa29,Martha My Dear - 2018 Mix,e76acb65-de35-453e-b5da-9d9da3fc29c6,The Beatles,4226e6f9-54a5-4896-9efb-a15967529a7f,The Beatles,148480,38,0.788,0.641,0.328,7.77e-05,10.0,0.157,-10.709,1.0,0.0313,89.212,0.858,Bb Mayor,2.0
8642756e-aa05-4d77-ab82-0e9bc74f6f3c,"Long, Long, Long - 2018 Mix",e76acb65-de35-453e-b5da-9d9da3fc29c6,The Beatles,4226e6f9-54a5-4896-9efb-a15967529a7f,The Beatles,186426,32,0.35,0.337,0.23,0.139,5.0,0.103,-11.589,1.0,0.0282,104.767,0.106,F Mayor,1.0
d28a9246-945b-49f9-b303-e1cf3cf3a66a,I Will - Take 29,e76acb65-de35-453e-b5da-9d9da3fc29c6,The Beatles,4226e6f9-54a5-4896-9efb-a15967529a7f,The Beatles,26826,2,0.747,0.756,0.319,0.329,5.0,0.141,-15.665,1.0,0.181,99.902,0.801,F Mayor,1.0
8555f5ec-45a1-49a1-b549-2483f8351a73,The Continuing Story Of Bungalow Bill - Esher Demo,e76acb65-de35-453e-b5da-9d9da3fc29c6,The Beatles,4226e6f9-54a5-4896-9efb-a15967529a7f,The Beatles,160920,24,0.642,0.594,0.357,0.0,8.0,0.163,-9.262,0.0,0.0397,109.317,0.494,G# Menor,5.0
9c9ddcd8-1232-4810-bd65-f2b4bb3abb2c,Piggies - Take 12 / Instrumental Backing Track,e76acb65-de35-453e-b5da-9d9da3fc29c6,The Beatles,4226e6f9-54a5-4896-9efb-a15967529a7f,The Beatles,130093,17,0.165,0.537,0.266,0.0519,8.0,0.194,-14.649,1.0,0.0348,93.736,0.671,Ab Mayor,4.0
0925337d-1fcc-431a-bd21-e9d98d96bed2,Glass Onion - Take 10,e76acb65-de35-453e-b5da-9d9da3fc29c6,The Beatles,4226e6f9-54a5-4896-9efb-a15967529a7f,The Beatles,132346,18,0.0862,0.803,0.445,0.514,9.0,0.0472,-9.786,0.0,0.0608,114.973,0.922,A Menor,0.0
7a291c02-bcb9-4e7c-80dd-324d90c57522,Step Inside Love - Studio Jam,e76acb65-de35-453e-b5da-9d9da3fc29c6,The Beatles,4226e6f9-54a5-4896-9efb-a15967529a7f,The Beatles,94920,21,0.696,0.807,0.308,0.0198,7.0,0.364,-12.651,1.0,0.058,131.756,0.835,G Mayor,1.0
04a0ef59-d17b-4459-ab5a-32e20af13904,Everybody's Got Something To Hide Except Me And My Monkey - 2018 Mix,e76acb65-de35-453e-b5da-9d9da3fc29c6,The Beatles,4226e6f9-54a5-4896-9efb-a15967529a7f,The Beatles,144653,32,0.00445,0.503,0.775,5.31e-05,2.0,0.0554,-6.719,1.0,0.0683,117.153,0.738,D Mayor,2.0
f7bb9f8f-d48b-4dac-a4b2-4d8e3dccf449,Yer Blues - Esher Demo,e76acb65-de35-453e-b5da-9d9da3fc29c6,The Beatles,4226e6f9-54a5-4896-9efb-a15967529a7f,The Beatles,211386,23,0.374,0.567,0.467,0.000416,8.0,0.511,-10.586,1.0,0.0432,148.643,0.643,Ab Mayor,4.0
44e89477-524b-495e-bb8c-9f87e3af7f74,Mother Nature's Son - Take 15,e76acb65-de35-453e-b5da-9d9da3fc29c6,The Beatles,4226e6f9-54a5-4896-9efb-a15967529a7f,The Beatles,191426,21,0.78,0.526,0.0916,8.61e-05,2.0,0.108,-18.28,1.0,0.0419,169.167,0.553,D Mayor,2.0
683b69f1-1f4d-4a1c-88da-302c383defe6,A Beginning (Take 4) / Don’t Pass Me By (Take 7),e76acb65-de35-453e-b5da-9d9da3fc29c6,The Beatles,4226e6f9-54a5-4896-9efb-a15967529a7f,The Beatles,305973,19,0.717,0.527,0.522,0.000595,0.0,0.142,-10.614,1.0,0.0259,85.155,0.73,C Mayor,0.0
378ce638-9d66-4ec6-b323-d5c0c0bd4f43,What’s The New Mary Jane - Esher Demo,e76acb65-de35-453e-b5da-9d9da3fc29c6,The Beatles,4226e6f9-54a5-4896-9efb-a15967529a7f,The Beatles,162973,19,0.191,0.642,0.337,0.0,1.0,0.172,-9.282,1.0,0.0375,78.431,0.558,Db Mayor,5.0
3a916385-0946-4988-95b8-11ceb749dc32,"Ob-La-Di, Ob-La-Da - Esher Demo",e76acb65-de35-453e-b5da-9d9da3fc29c6,The Beatles,4226e6f9-54a5-4896-9efb-a15967529a7f,The Beatles,190600,28,0.403,0.76,0.601,0.0,8.0,0.0859,-7.883,1.0,0.0495,118.73,0.549,Ab Mayor,4.0
8e90bc9d-b158-4844-b16c-67e145d98499,I'm So Tired - Take 7,e76acb65-de35-453e-b5da-9d9da3fc29c6,The Beatles,4226e6f9-54a5-4896-9efb-a15967529a7f,The Beatles,149880,20,0.768,0.628,0.243,4.83e-05,2.0,0.165,-14.782,1.0,0.371,143.151,0.66,D Mayor,2.0
4b5c6648-f351-4df8-8c37-50eb82a83f38,Honey Pie - 2018 Mix,e76acb65-de35-453e-b5da-9d9da3fc29c6,The Beatles,4226e6f9-54a5-4896-9efb-a15967529a7f,The Beatles,161160,31,0.893,0.592,0.357,4.96e-05,7.0,0.136,-11.976,1.0,0.0622,144.06,0.489,G Mayor,1.0
26c4ac80-b10b-4530-95b5-c119e4597070,I'm So Tired - 2018 Mix,e76acb65-de35-453e-b5da-9d9da3fc29c6,The Beatles,4226e6f9-54a5-4896-9efb-a15967529a7f,The Beatles,123400,36,0.496,0.44,0.485,1.11e-05,9.0,0.508,-10.989,1.0,0.28,69.925,0.717,A Mayor,3.0
2982f21d-d916-425a-b9c1-0a4eccdc2afd,Don't Pass Me By - 2018 Mix,e76acb65-de35-453e-b5da-9d9da3fc29c6,The Beatles,4226e6f9-54a5-4896-9efb-a15967529a7f,The Beatles,230306,31,0.472,0.598,0.58,1.07e-06,0.0,0.248,-8.082,1.0,0.0262,84.995,0.961,C Mayor,0.0
3ca4dab9-d2bf-40bc-b5b4-b95958a8a0f3,Blackbird - Take 28,e76acb65-de35-453e-b5da-9d9da3fc29c6,The Beatles,4226e6f9-54a5-4896-9efb-a15967529a7f,The Beatles,135973,24,0.758,0.689,0.11,2.64e-05,7.0,0.309,-18.192,1.0,0.045,93.146,0.456,G Mayor,1.0
6c730a3a-84d7-47d0-9c19-578173c9c9d7,Can You Take Me Back? - Take 1,e76acb65-de35-453e-b5da-9d9da3fc29c6,The Beatles,4226e6f9-54a5-4896-9efb-a15967529a7f,The Beatles,142213,26,0.682,0.728,0.276,0.0,5.0,0.154,-13.381,1.0,0.0539,79.355,0.746,F Mayor,1.0
a66406c6-19d6-42dd-9e1c-be6571a8c843,"Ob-La-Di, Ob-La-Da - Take 3",e76acb65-de35-453e-b5da-9d9da3fc29c6,The Beatles,4226e6f9-54a5-4896-9efb-a15967529a7f,The Beatles,174186,24,0.348,0.765,0.815,0.0,9.0,0.326,-8.903,1.0,0.0376,121.962,0.962,A Mayor,3.0
3e739db7-077a-405f-892b-b1db86cb2415,Good Night - Take 22,e76acb65-de35-453e-b5da-9d9da3fc29c6,The Beatles,4226e6f9-54a5-4896-9efb-a15967529a7f,The Beatles,226306,18,0.942,0.502,0.127,1.4e-06,7.0,0.117,-16.894,1.0,0.0345,133.98,0.444,G Mayor,1.0
d6ed4e3e-c90f-4c93-b8c2-3c0b8b50c91e,I Will - 2018 Mix,e76acb65-de35-453e-b5da-9d9da3fc29c6,The Beatles,4226e6f9-54a5-4896-9efb-a15967529a7f,The Beatles,105786,37,0.661,0.621,0.348,0.000294,5.0,0.0899,-12.808,1.0,0.0251,103.123,0.9,F Mayor,1.0
aabb15f5-b1cb-44e8-810d-cae0d0c78f7d,Birthday - Take 2 / Instrumental Backing Track,e76acb65-de35-453e-b5da-9d9da3fc29c6,The Beatles,4226e6f9-54a5-4896-9efb-a15967529a7f,The Beatles,160373,18,1.33e-05,0.667,0.571,0.946,1.0,0.323,-10.754,0.0,0.0933,137.779,0.961,C# Menor,4.0
6c0c3e3c-673a-4774-8522-57787fbdd282,Glass Onion - Esher Demo,e76acb65-de35-453e-b5da-9d9da3fc29c6,The Beatles,4226e6f9-54a5-4896-9efb-a15967529a7f,The Beatles,115600,24,0.689,0.697,0.288,0.0,4.0,0.127,-9.951,1.0,0.0441,113.622,0.616,E Mayor,4.0
ca11f843-3304-42ec-a7f5-bf4d35c5d12f,Why Don't We Do It In The Road? - 2018 Mix,e76acb65-de35-453e-b5da-9d9da3fc29c6,The Beatles,4226e6f9-54a5-4896-9efb-a15967529a7f,The Beatles,101733,31,0.493,0.532,0.524,8.68e-06,7.0,0.0601,-8.057,1.0,0.0545,188.181,0.845,G Mayor,1.0
ccb7b1f3-7550-4739-8468-7454995f4c1f,Revolution 9 - 2018 Mix,e76acb65-de35-453e-b5da-9d9da3fc29c6,The Beatles,4226e6f9-54a5-4896-9efb-a15967529a7f,The Beatles,500853,25,0.775,0.193,0.706,0.0908,9.0,0.782,-12.392,0.0,0.369,82.224,0.119,A Menor,0.0
72efb096-1bf6-4949-a0e7-6101ce67908a,Sexy Sadie - 2018 Mix,e76acb65-de35-453e-b5da-9d9da3fc29c6,The Beatles,4226e6f9-54a5-4896-9efb-a15967529a7f,The Beatles,195426,33,0.279,0.483,0.546,0.00113,7.0,0.198,-9.039,1.0,0.0299,149.62,0.732,G Mayor,1.0
7323212f-aa1f-48f0-9481-5e02aeca86c1,Helter Skelter - Second Version / Take 17,e76acb65-de35-453e-b5da-9d9da3fc29c6,The Beatles,4226e6f9-54a5-4896-9efb-a15967529a7f,The Beatles,219213,22,0.208,0.361,0.611,4.94e-05,9.0,0.368,-10.167,1.0,0.0464,83.305,0.242,A Mayor,3.0
7a6c5360-5f5e-425b-903d-0f42d0959732,I Will - Take 13,e76acb65-de35-453e-b5da-9d9da3fc29c6,The Beatles,4226e6f9-54a5-4896-9efb-a15967529a7f,The Beatles,140866,22,0.77,0.769,0.355,0.0224,5.0,0.127,-13.967,1.0,0.0428,100.136,0.626,F Mayor,1.0
a47a75e7-fdbf-418e-b0e0-b12653cc2f01,Yer Blues - 2018 Mix,e76acb65-de35-453e-b5da-9d9da3fc29c6,The Beatles,4226e6f9-54a5-4896-9efb-a15967529a7f,The Beatles,241000,33,0.000652,0.328,0.608,0.216,4.0,0.0948,-9.17,1.0,0.0467,104.258,0.48,E Mayor,4.0
290121e8-cb26-4d78-b4f2-05384aaa8703,Mean Mr Mustard - Esher Demo,e76acb65-de35-453e-b5da-9d9da3fc29c6,The Beatles,4226e6f9-54a5-4896-9efb-a15967529a7f,The Beatles,125586,21,0.649,0.645,0.529,6.33e-06,8.0,0.0618,-8.006,1.0,0.0317,104.941,0.598,Ab Mayor,4.0
10983baf-49b1-4746-b635-f3ebd5181588,Piggies - Esher Demo,e76acb65-de35-453e-b5da-9d9da3fc29c6,The Beatles,4226e6f9-54a5-4896-9efb-a15967529a7f,The Beatles,125786,23,0.868,0.447,0.225,0.0,2.0,0.341,-11.622,1.0,0.0445,175.566,0.464,D Mayor,2.0
bd8c8a2e-9a9b-4beb-80c6-ec1fb303048c,Wild Honey Pie - 2018 Mix,e76acb65-de35-453e-b5da-9d9da3fc29c6,The Beatles,4226e6f9-54a5-4896-9efb-a15967529a7f,The Beatles,53000,29,0.278,0.749,0.689,0.759,9.0,0.796,-10.883,0.0,0.0346,89.897,0.299,A Menor,0.0
01e2b150-56fc-4cc2-9606-779b979f9428,Good Night - Take 10 With A Guitar Part From Take 5,e76acb65-de35-453e-b5da-9d9da3fc29c6,The Beatles,4226e6f9-54a5-4896-9efb-a15967529a7f,The Beatles,151013,23,0.97,0.329,0.115,1.17e-06,7.0,0.257,-16.428,1.0,0.0335,141.588,0.343,G Mayor,1.0
e81fac98-557b-4d32-bd3a-d916b7550709,Polythene Pam - Esher Demo,e76acb65-de35-453e-b5da-9d9da3fc29c6,The Beatles,4226e6f9-54a5-4896-9efb-a15967529a7f,The Beatles,86240,21,0.372,0.671,0.636,2.48e-06,8.0,0.069,-7.248,1.0,0.0679,166.246,0.963,Ab Mayor,4.0
07ecfb5c-de13-4f90-81f9-3cd86d807851,Julia - Two Rehearsals,e76acb65-de35-453e-b5da-9d9da3fc29c6,The Beatles,4226e6f9-54a5-4896-9efb-a15967529a7f,The Beatles,271000,19,0.747,0.509,0.15,0.00292,4.0,0.19,-17.688,0.0,0.0676,135.807,0.34,E Menor,1.0
d0440a8d-4864-4e49-8b0b-dcbbfd08376a,The Continuing Story Of Bungalow Bill - 2018 Mix,e76acb65-de35-453e-b5da-9d9da3fc29c6,The Beatles,4226e6f9-54a5-4896-9efb-a15967529a7f,The Beatles,194186,32,0.295,0.659,0.56,0.0,0.0,0.683,-9.561,1.0,0.0648,114.796,0.738,C Mayor,0.0
3396b40b-7824-4a4d-8de9-b84f4c81beeb,Savoy Truffle - Instrumental Backing Track,e76acb65-de35-453e-b5da-9d9da3fc29c6,The Beatles,4226e6f9-54a5-4896-9efb-a15967529a7f,The Beatles,176973,17,0.166,0.721,0.602,0.827,2.0,0.0426,-8.776,1.0,0.051,121.437,0.886,D Mayor,2.0
023ea36e-a191-42cf-b8c6-c4df73dd58d0,Revolution 1 - 2018 Mix,e76acb65-de35-453e-b5da-9d9da3fc29c6,The Beatles,4226e6f9-54a5-4896-9efb-a15967529a7f,The Beatles,255653,31,0.0974,0.37,0.674,0.000296,9.0,0.427,-8.39,1.0,0.0411,98.997,0.583,A Mayor,3.0
fb9657ff-70c1-4e99-9c44-4e66cf3eff1f,"Long, Long, Long - Take 44",e76acb65-de35-453e-b5da-9d9da3fc29c6,The Beatles,4226e6f9-54a5-4896-9efb-a15967529a7f,The Beatles,174866,18,0.659,0.515,0.133,5.4e-05,5.0,0.402,-16.563,1.0,0.0467,103.745,0.185,F Mayor,1.0
1b9aea39-e3d6-40c5-964b-6053cbd1da6d,"Dear Prudence - Vocal, Guitar & Drums",e76acb65-de35-453e-b5da-9d9da3fc29c6,The Beatles,4226e6f9-54a5-4896-9efb-a15967529a7f,The Beatles,239840,22,0.691,0.415,0.498,0.0129,2.0,0.0764,-10.404,1.0,0.0371,151.524,0.291,D Mayor,2.0
8c5bc1d2-2ef1-4883-b58e-2bc0473a3c73,Think For Yourself,6cf07174-d21b-4d57-b63b-7bd0add28787,Yellow Submarine Songtrack,4226e6f9-54a5-4896-9efb-a15967529a7f,The Beatles,138640,32,0.0162,0.528,0.591,0.0,0.0,0.0726,-7.411,1.0,0.0282,130.438,0.796,C Mayor,0.0
d038f704-9f64-45c0-9951-84368dd411c4,It's All Too Much,6cf07174-d21b-4d57-b63b-7bd0add28787,Yellow Submarine Songtrack,4226e6f9-54a5-4896-9efb-a15967529a7f,The Beatles,385600,33,4.71e-05,0.48,0.81,0.0327,7.0,0.262,-6.167,1.0,0.0382,113.521,0.208,G Mayor,1.0
db6329e6-699c-4644-bf91-6f3c236b2a30,Yellow Submarine,6cf07174-d21b-4d57-b63b-7bd0add28787,Yellow Submarine Songtrack,4226e6f9-54a5-4896-9efb-a15967529a7f,The Beatles,159160,58,0.208,0.616,0.636,0.0,1.0,0.517,-7.055,1.0,0.0325,110.618,0.654,Db Mayor,5.0
1f24da6d-3a73-4cfd-82ee-1f0a818a010d,When I'm Sixty Four,6cf07174-d21b-4d57-b63b-7bd0add28787,Yellow Submarine Songtrack,4226e6f9-54a5-4896-9efb-a15967529a7f,The Beatles,159093,39,0.683,0.717,0.224,0.0,1.0,0.13,-10.832,1.0,0.056,140.164,0.594,Db Mayor,5.0
56c1c88d-3d27-4b95-921d-20034d31ae54,Sgt Pepper's Lonely Hearts Club Band,6cf07174-d21b-4d57-b63b-7bd0add28787,Yellow Submarine Songtrack,4226e6f9-54a5-4896-9efb-a15967529a7f,The Beatles,121360,35,0.126,0.33,0.85,1.51e-05,7.0,0.834,-5.788,1.0,0.374,189.782,0.602,G Mayor,1.0
ad2771e3-9996-478d-a0a1-d577c6845652,Baby You're A Rich Man,6cf07174-d21b-4d57-b63b-7bd0add28787,Yellow Submarine Songtrack,4226e6f9-54a5-4896-9efb-a15967529a7f,The Beatles,180600,34,0.0215,0.663,0.606,0.0,7.0,0.119,-5.758,1.0,0.0307,96.886,0.412,G Mayor,1.0
6e124c8c-8599-4bd2-9f12-f413fad0396f,Only A Northern Song,6cf07174-d21b-4d57-b63b-7bd0add28787,Yellow Submarine Songtrack,4226e6f9-54a5-4896-9efb-a15967529a7f,The Beatles,204506,32,0.000409,0.364,0.723,0.000192,6.0,0.0859,-7.378,0.0,0.0506,106.807,0.78,F# Menor,3.0
e6f59033-0606-4226-ad95-5ae09b195916,With A Little Help From My Friends,6cf07174-d21b-4d57-b63b-7bd0add28787,Yellow Submarine Songtrack,4226e6f9-54a5-4896-9efb-a15967529a7f,The Beatles,165666,36,0.355,0.707,0.558,0.0,4.0,0.159,-6.697,1.0,0.0349,112.277,0.758,E Mayor,4.0
0e0d42e6-97ab-4782-bb3f-1fba907d54e4,Hey Bulldog,6cf07174-d21b-4d57-b63b-7bd0add28787,Yellow Submarine Songtrack,4226e6f9-54a5-4896-9efb-a15967529a7f,The Beatles,191840,40,0.0318,0.568,0.824,0.0126,4.0,0.197,-4.413,0.0,0.0333,102.424,0.826,E Menor,1.0
bd3f716b-732b-402b-857d-e1181fda1aa5,All Together Now,6cf07174-d21b-4d57-b63b-7bd0add28787,Yellow Submarine Songtrack,4226e6f9-54a5-4896-9efb-a15967529a7f,The Beatles,130626,39,0.116,0.606,0.413,0.0,11.0,0.352,-7.902,0.0,0.0622,96.245,0.889,B Menor,2.0
aa3a9538-fc48-47c2-952d-98562db16615,Lucy In The Sky With Diamonds,6cf07174-d21b-4d57-b63b-7bd0add28787,Yellow Submarine Songtrack,4226e6f9-54a5-4896-9efb-a15967529a7f,The Beatles,208400,41,0.0137,0.421,0.388,0.0,2.0,0.297,-7.754,1.0,0.0302,138.311,0.651,D Mayor,2.0
bc0a624e-d8d1-4d24-ad84-5a77df11ea39,All You Need Is Love,6cf07174-d21b-4d57-b63b-7bd0add28787,Yellow Submarine Songtrack,4226e6f9-54a5-4896-9efb-a15967529a7f,The Beatles,226666,48,0.281,0.364,0.483,1.53e-06,7.0,0.113,-8.22,1.0,0.0317,102.967,0.7,G Mayor,1.0
2d6b1d56-18fa-44ed-b830-0a7126b20b9f,Love You To,6cf07174-d21b-4d57-b63b-7bd0add28787,Yellow Submarine Songtrack,4226e6f9-54a5-4896-9efb-a15967529a7f,The Beatles,178706,33,0.555,0.399,0.649,4.53e-05,5.0,0.113,-8.879,1.0,0.0508,124.655,0.657,F Mayor,1.0
536b6953-3a66-4b3e-b10b-d0f7b271612a,Eleanor Rigby,6cf07174-d21b-4d57-b63b-7bd0add28787,Yellow Submarine Songtrack,4226e6f9-54a5-4896-9efb-a15967529a7f,The Beatles,125226,59,0.836,0.521,0.301,0.0,4.0,0.398,-7.118,0.0,0.0356,137.382,0.621,E Menor,1.0
0fdc9e85-d138-4d26-8a11-e485cdbfa81e,Nowhere Man,6cf07174-d21b-4d57-b63b-7bd0add28787,Yellow Submarine Songtrack,4226e6f9-54a5-4896-9efb-a15967529a7f,The Beatles,162400,37,0.0155,0.534,0.646,1.42e-05,4.0,0.142,-8.998,1.0,0.0366,122.174,0.852,E Mayor,4.0
a08ca4ef-e95e-41bd-9489-b13681b11d13,Ain't She Sweet,36b75e33-950c-4326-87fa-a8011b9306d4,The First Recordings,4226e6f9-54a5-4896-9efb-a15967529a7f,The Beatles,145320,0,0.585,0.511,0.738,4.06e-05,0.0,0.0573,-10.914,1.0,0.0338,144.643,0.837,C Mayor,0.0
9a47a2cf-b9d5-4329-8df1-e8ca56e2024c,Cayenne,36b75e33-950c-4326-87fa-a8011b9306d4,The First Recordings,4226e6f9-54a5-4896-9efb-a15967529a7f,The Beatles,73960,0,0.955,0.474,0.492,0.879,10.0,0.299,-11.484,0.0,0.039,72.26,0.725,Bb Menor,5.0
5096ca76-0eb1-4ef9-a867-f864a714da69,Cry for a Shadow,36b75e33-950c-4326-87fa-a8011b9306d4,The First Recordings,4226e6f9-54a5-4896-9efb-a15967529a7f,The Beatles,135210,0,0.15,0.537,0.711,0.0,1.0,0.0345,-10.103,0.0,0.0604,78.863,0.778,C# Menor,4.0
acdf714f-fad5-4b27-bb9a-1c1cd47ec97f,Baby It's You,f6200822-bb8a-44be-9398-46fa21ad48f5,Please Please Me (Stereo Version),4226e6f9-54a5-4896-9efb-a15967529a7f,The Beatles,157762,0,0.832,0.563,0.444,0.000133,4.0,0.312,-14.086,0.0,0.0341,112.542,0.843,E Menor,1.0
97f45f39-8f94-4d4b-8c41-42a5d9c74531,Please Please Me,f6200822-bb8a-44be-9398-46fa21ad48f5,Please Please Me (Stereo Version),4226e6f9-54a5-4896-9efb-a15967529a7f,The Beatles,118752,0,0.478,0.503,0.441,0.00176,4.0,0.183,-13.293,1.0,0.0289,139.783,0.806,E Mayor,4.0
6a7491cb-1fa1-42db-8d7f-eae4c764c0dd,I Saw Her Standing There,f6200822-bb8a-44be-9398-46fa21ad48f5,Please Please Me (Stereo Version),4226e6f9-54a5-4896-9efb-a15967529a7f,The Beatles,171490,0,0.385,0.464,0.597,0.00116,4.0,0.12,-12.516,1.0,0.0328,160.862,0.964,E Mayor,4.0
b0ecb354-c244-40c1-a614-d73310fce05d,Twist and Shout,f6200822-bb8a-44be-9398-46fa21ad48f5,Please Please Me (Stereo Version),4226e6f9-54a5-4896-9efb-a15967529a7f,The Beatles,152363,0,0.672,0.447,0.768,0.101,2.0,0.111,-11.758,1.0,0.0435,125.111,0.93,D Mayor,2.0
514ff228-6b58-48a3-821e-e8ce39c0b8cd,Boys,f6200822-bb8a-44be-9398-46fa21ad48f5,Please Please Me (Stereo Version),4226e6f9-54a5-4896-9efb-a15967529a7f,The Beatles,143638,0,0.541,0.39,0.782,0.000131,9.0,0.913,-12.064,1.0,0.0438,143.072,0.835,A Mayor,3.0
549b31a4-80b0-4366-bf87-871002147bb5,Chains,f6200822-bb8a-44be-9398-46fa21ad48f5,Please Please Me (Stereo Version),4226e6f9-54a5-4896-9efb-a15967529a7f,The Beatles,143290,0,0.769,0.642,0.471,0.0,10.0,0.613,-13.555,1.0,0.0292,130.136,0.885,Bb Mayor,2.0
5f72f6f4-f954-48f7-97aa-557ae0068ea7,A Taste of Honey,f6200822-bb8a-44be-9398-46fa21ad48f5,Please Please Me (Stereo Version),4226e6f9-54a5-4896-9efb-a15967529a7f,The Beatles,121861,0,0.661,0.444,0.324,2.13e-06,1.0,0.155,-14.076,0.0,0.0397,101.028,0.373,C# Menor,4.0
c60324dd-a3ec-42bd-bd68-018560803896,Ask Me Why,f6200822-bb8a-44be-9398-46fa21ad48f5,Please Please Me (Stereo Version),4226e6f9-54a5-4896-9efb-a15967529a7f,The Beatles,143847,0,0.804,0.57,0.289,0.00528,4.0,0.111,-13.846,1.0,0.0313,134.522,0.777,E Mayor,4.0
ae315e07-eed2-4a0e-93fa-11b0166010c8,Misery,f6200822-bb8a-44be-9398-46fa21ad48f5,Please Please Me (Stereo Version),4226e6f9-54a5-4896-9efb-a15967529a7f,The Beatles,107868,0,0.769,0.573,0.451,1.69e-05,0.0,0.299,-14.615,1.0,0.0336,133.691,0.901,C Mayor,0.0
2d4746b6-7b16-402a-834b-7de424f800a4,There's a Place,f6200822-bb8a-44be-9398-46fa21ad48f5,Please Please Me (Stereo Version),4226e6f9-54a5-4896-9efb-a15967529a7f,The Beatles,108989,0,0.624,0.422,0.46,0.00313,4.0,0.814,-12.366,1.0,0.0304,141.557,0.883,E Mayor,4.0
3b12cc52-1476-4378-8815-48a6c47eb676,P.S. I Love You,f6200822-bb8a-44be-9398-46fa21ad48f5,Please Please Me (Stereo Version),4226e6f9-54a5-4896-9efb-a15967529a7f,The Beatles,121626,0,0.373,0.62,0.236,0.000758,2.0,0.184,-15.9,1.0,0.0319,134.825,0.659,D Mayor,2.0
1b598347-848c-4da6-aefa-aab55f02d834,Anna (Go to Him),f6200822-bb8a-44be-9398-46fa21ad48f5,Please Please Me (Stereo Version),4226e6f9-54a5-4896-9efb-a15967529a7f,The Beatles,175229,0,0.771,0.589,0.491,0.00649,2.0,0.326,-12.6,1.0,0.0312,109.719,0.82,D Mayor,2.0
854a0713-0920-40dd-86ff-d1d0791b18be,Love Me Do,f6200822-bb8a-44be-9398-46fa21ad48f5,Please Please Me (Stereo Version),4226e6f9-54a5-4896-9efb-a15967529a7f,The Beatles,138599,0,0.244,0.536,0.522,0.00683,0.0,0.114,-14.482,1.0,0.0456,148.44,0.801,C Mayor,0.0
86a26bca-2bda-4585-b5fc-20fa549204e3,Do You Want to Know a Secret,f6200822-bb8a-44be-9398-46fa21ad48f5,Please Please Me (Stereo Version),4226e6f9-54a5-4896-9efb-a15967529a7f,The Beatles,115799,0,0.666,0.642,0.298,2.79e-05,1.0,0.311,-14.948,0.0,0.0342,124.94,0.553,C# Menor,4.0
5cb43124-5ec4-4075-a705-f4b01d1d1ad5,Love of the Loved,8ef63d26-8370-4b3c-9bb2-25a8e2842cee,The Beatles (The Capricorn Tapes),4226e6f9-54a5-4896-9efb-a15967529a7f,The Beatles,109000,0,0.808,0.586,0.502,4.81e-06,5.0,0.103,-11.764,0.0,0.0346,134.266,0.708,F Menor,4.0
99e05ca3-c16b-444a-8e91-ad3bd3952cc1,Till There Was You,8ef63d26-8370-4b3c-9bb2-25a8e2842cee,The Beatles (The Capricorn Tapes),4226e6f9-54a5-4896-9efb-a15967529a7f,The Beatles,174000,0,0.773,0.515,0.297,0.0,6.0,0.102,-16.927,1.0,0.0502,127.647,0.788,F# Mayor,5.0
2f0da25e-75f2-430b-9a83-8625fd06b795,To Know Her Is to Love Her,8ef63d26-8370-4b3c-9bb2-25a8e2842cee,The Beatles (The Capricorn Tapes),4226e6f9-54a5-4896-9efb-a15967529a7f,The Beatles,151173,0,0.801,0.696,0.468,0.0,0.0,0.111,-14.05,0.0,0.0324,118.271,0.804,C Menor,3.0
401bf3c7-c154-4055-a709-8a276704a919,Three Cool Cats,8ef63d26-8370-4b3c-9bb2-25a8e2842cee,The Beatles (The Capricorn Tapes),4226e6f9-54a5-4896-9efb-a15967529a7f,The Beatles,140333,0,0.505,0.531,0.606,0.0,5.0,0.398,-9.568,1.0,0.0436,73.418,0.696,F Mayor,1.0
cc33ec25-8646-48c1-89a1-fbcba0745edc,Bésame Mucho,8ef63d26-8370-4b3c-9bb2-25a8e2842cee,The Beatles (The Capricorn Tapes),4226e6f9-54a5-4896-9efb-a15967529a7f,The Beatles,155506,0,0.63,0.41,0.649,0.0,5.0,0.11,-12.209,0.0,0.0402,168.345,0.543,F Menor,4.0
a274d1a9-c321-4f3a-bccc-cf72fc8cbe03,The Sheik of Araby,8ef63d26-8370-4b3c-9bb2-25a8e2842cee,The Beatles (The Capricorn Tapes),4226e6f9-54a5-4896-9efb-a15967529a7f,The Beatles,99666,0,0.824,0.373,0.728,0.0,3.0,0.139,-9.598,1.0,0.0386,195.45,0.847,Eb Mayor,3.0
ce61de5f-53e5-4ae8-beae-a88980026606,Sure To Fall - In Love With You,8ef63d26-8370-4b3c-9bb2-25a8e2842cee,The Beatles (The Capricorn Tapes),4226e6f9-54a5-4896-9efb-a15967529a7f,The Beatles,119666,0,0.114,0.479,0.673,0.0,10.0,0.0665,-10.317,1.0,0.0359,142.479,0.896,Bb Mayor,2.0
2652f9e1-6e7d-41a3-819f-efb4e681e4a2,Like Dreamers Do,8ef63d26-8370-4b3c-9bb2-25a8e2842cee,The Beatles (The Capricorn Tapes),4226e6f9-54a5-4896-9efb-a15967529a7f,The Beatles,151493,0,0.412,0.602,0.534,0.0,2.0,0.0952,-11.848,0.0,0.0569,81.255,0.834,D Menor,1.0
438e794a-2f1e-4dd4-b006-61537a7e7ec2,Memphis,8ef63d26-8370-4b3c-9bb2-25a8e2842cee,The Beatles (The Capricorn Tapes),4226e6f9-54a5-4896-9efb-a15967529a7f,The Beatles,137000,0,0.701,0.515,0.673,0.0,0.0,0.109,-10.395,1.0,0.148,200.766,0.61,C Mayor,0.0
4dbbfe64-2f7b-4372-b2ce-f17efbde0f75,"Crying, Waiting, Hoping",8ef63d26-8370-4b3c-9bb2-25a8e2842cee,The Beatles (The Capricorn Tapes),4226e6f9-54a5-4896-9efb-a15967529a7f,The Beatles,119666,0,0.341,0.605,0.626,0.0,3.0,0.253,-11.314,1.0,0.0358,151.879,0.844,Eb Mayor,3.0
4e3fd262-31d3-42ed-8aba-7929c2de9907,Hello Little Girl,8ef63d26-8370-4b3c-9bb2-25a8e2842cee,The Beatles (The Capricorn Tapes),4226e6f9-54a5-4896-9efb-a15967529a7f,The Beatles,97333,0,0.573,0.634,0.527,0.0,10.0,0.303,-11.152,1.0,0.0504,78.595,0.794,Bb Mayor,2.0
63bcb628-9936-43b7-948b-9a37f12f30f6,September in the Rain,8ef63d26-8370-4b3c-9bb2-25a8e2842cee,The Beatles (The Capricorn Tapes),4226e6f9-54a5-4896-9efb-a15967529a7f,The Beatles,112333,0,0.0808,0.584,0.687,0.0,3.0,0.278,-9.743,1.0,0.0394,71.841,0.808,Eb Mayor,3.0
28ea8580-2f14-4349-b94f-453f52772cf9,Searchin',8ef63d26-8370-4b3c-9bb2-25a8e2842cee,The Beatles (The Capricorn Tapes),4226e6f9-54a5-4896-9efb-a15967529a7f,The Beatles,177826,0,0.752,0.661,0.57,0.0,3.0,0.0779,-10.805,1.0,0.0431,77.959,0.719,Eb Mayor,3.0
1ceb36ed-3ace-4194-9df1-1a5f2f170af7,Money - That's What I Want,8ef63d26-8370-4b3c-9bb2-25a8e2842cee,The Beatles (The Capricorn Tapes),4226e6f9-54a5-4896-9efb-a15967529a7f,The Beatles,139666,0,0.73,0.569,0.811,4.28e-05,0.0,0.0958,-10.744,0.0,0.0393,156.323,0.665,C Menor,3.0
2870f842-9a7c-403d-8b28-afb35a951f45,Take Good Care of My Baby,8ef63d26-8370-4b3c-9bb2-25a8e2842cee,The Beatles (The Capricorn Tapes),4226e6f9-54a5-4896-9efb-a15967529a7f,The Beatles,143493,0,0.685,0.545,0.51,0.0,8.0,0.0643,-12.534,1.0,0.0349,92.554,0.831,Ab Mayor,4.0
ab6b0a88-e02b-4d7f-86a9-d494d95af973,Cry for a Shadow,a89d56a4-9c91-44ee-ad9f-abbee4b9d68a,The Beatles Featuring Tony Sheridan in the Beginning 1960 (feat. Tony Sheridan),4226e6f9-54a5-4896-9efb-a15967529a7f,The Beatles,147973,8,0.439,0.51,0.729,0.000805,0.0,0.0537,-10.039,1.0,0.0391,143.772,0.744,C Mayor,0.0
50c62165-f970-4cef-a7c7-4d0b08ac7ca6,I'm Happy Just to Dance with You,759ffb40-ba87-4b18-81ac-225d6535fdd9,A Hard Day's Night,4226e6f9-54a5-4896-9efb-a15967529a7f,The Beatles,115391,0,0.779,0.679,0.44,0.0,1.0,0.235,-9.535,0.0,0.0328,130.976,0.933,C# Menor,4.0
123609fe-da6f-4e85-bc9e-b86e023d42e0,Can't Buy Me Love,759ffb40-ba87-4b18-81ac-225d6535fdd9,A Hard Day's Night,4226e6f9-54a5-4896-9efb-a15967529a7f,The Beatles,131657,0,0.782,0.589,0.415,0.0,0.0,0.392,-12.701,1.0,0.0378,84.768,0.922,C Mayor,0.0
362ed2cf-68e7-40cd-afe4-b6747bafc73d,And I Love Her,759ffb40-ba87-4b18-81ac-225d6535fdd9,A Hard Day's Night,4226e6f9-54a5-4896-9efb-a15967529a7f,The Beatles,149577,0,0.874,0.752,0.219,1.39e-05,1.0,0.107,-15.68,0.0,0.0359,112.131,0.638,C# Menor,4.0
e8914a18-66db-4293-8188-7a7b53d62698,If I Feel,759ffb40-ba87-4b18-81ac-225d6535fdd9,A Hard Day's Night,4226e6f9-54a5-4896-9efb-a15967529a7f,The Beatles,137798,0,0.942,0.638,0.19,0.0,2.0,0.133,-11.986,1.0,0.0284,107.189,0.597,D Mayor,2.0
9e86d78a-84ec-4a0b-b328-24c462ec4b09,Tell Me Why,759ffb40-ba87-4b18-81ac-225d6535fdd9,A Hard Day's Night,4226e6f9-54a5-4896-9efb-a15967529a7f,The Beatles,128140,0,0.718,0.334,0.56,0.0,9.0,0.359,-10.544,1.0,0.0329,77.852,0.719,A Mayor,3.0
4a6acde9-bfbb-409a-92e6-05c18836fbd8,I Should Have Known Better,759ffb40-ba87-4b18-81ac-225d6535fdd9,A Hard Day's Night,4226e6f9-54a5-4896-9efb-a15967529a7f,The Beatles,163573,0,0.671,0.651,0.344,2.32e-06,7.0,0.703,-10.532,1.0,0.034,129.708,0.819,G Mayor,1.0
6265e7de-d058-46c7-969f-e34889d29cdc,I'll Cry Instead,759ffb40-ba87-4b18-81ac-225d6535fdd9,A Hard Day's Night,4226e6f9-54a5-4896-9efb-a15967529a7f,The Beatles,105778,0,0.603,0.615,0.513,0.0,7.0,0.295,-12.165,1.0,0.0441,95.792,0.956,G Mayor,1.0
5423b568-a7eb-4108-b96f-4021e9f8e8ad,When I Get Home,759ffb40-ba87-4b18-81ac-225d6535fdd9,A Hard Day's Night,4226e6f9-54a5-4896-9efb-a15967529a7f,The Beatles,135859,0,0.774,0.58,0.604,1.94e-06,4.0,0.942,-11.107,0.0,0.0488,124.449,0.699,E Menor,1.0
415434ba-c4a6-40dd-912c-ab06fc200da8,Any Time at All,759ffb40-ba87-4b18-81ac-225d6535fdd9,A Hard Day's Night,4226e6f9-54a5-4896-9efb-a15967529a7f,The Beatles,130635,0,0.761,0.573,0.616,1.58e-06,2.0,0.931,-10.754,1.0,0.0443,139.968,0.811,D Mayor,2.0
7942feb4-ac14-4252-9d19-50eb35f2e77a,You Can't Do That,759ffb40-ba87-4b18-81ac-225d6535fdd9,A Hard Day's Night,4226e6f9-54a5-4896-9efb-a15967529a7f,The Beatles,153762,0,0.712,0.623,0.687,0.0,0.0,0.562,-10.217,1.0,0.0393,128.306,0.963,C Mayor,0.0
10fb39ae-7a0b-4e7f-aaf0-c4b86239be39,A Hard Day's Night,759ffb40-ba87-4b18-81ac-225d6535fdd9,A Hard Day's Night,4226e6f9-54a5-4896-9efb-a15967529a7f,The Beatles,152943,0,0.55,0.585,0.711,0.0,0.0,0.156,-9.744,1.0,0.0373,137.772,0.941,C Mayor,0.0
621c7601-b033-4465-8b94-f08328fcfb9c,Things We Said Today,759ffb40-ba87-4b18-81ac-225d6535fdd9,A Hard Day's Night,4226e6f9-54a5-4896-9efb-a15967529a7f,The Beatles,155202,0,0.748,0.575,0.413,0.0,2.0,0.465,-12.522,0.0,0.0442,136.213,0.509,D Menor,1.0
9eef44b1-671f-4c89-93ab-a80eddc90305,I'll Be Back,759ffb40-ba87-4b18-81ac-225d6535fdd9,A Hard Day's Night,4226e6f9-54a5-4896-9efb-a15967529a7f,The Beatles,142315,0,0.822,0.705,0.384,0.0,9.0,0.16,-12.818,1.0,0.0315,123.06,0.653,A Mayor,3.0
8ab0fb9a-329f-440b-94ec-1dfbf91bbc97,I Saw Her Standing There,e4ec7292-0c44-4b98-9199-8cf772f8e55d,The Beatles - 50 Años de la Grabación en la Caberna de Hamburgo en 1961,4226e6f9-54a5-4896-9efb-a15967529a7f,The Beatles,160680,0,0.299,0.509,0.757,0.461,9.0,0.0414,-7.298,1.0,0.0531,79.715,0.883,A Mayor,3.0
1e60eae9-8544-4277-9edb-6bb6b6468fbe,Nothing´s Shaking (But the Leaves On the Trees),e4ec7292-0c44-4b98-9199-8cf772f8e55d,The Beatles - 50 Años de la Grabación en la Caberna de Hamburgo en 1961,4226e6f9-54a5-4896-9efb-a15967529a7f,The Beatles,179640,0,0.957,0.61,0.838,0.028,9.0,0.475,-8.653,1.0,0.0433,118.304,0.963,A Mayor,3.0
cfbdebb2-800c-46a0-88ce-a63ea5a176f9,Sweet Little Sixteen,e4ec7292-0c44-4b98-9199-8cf772f8e55d,The Beatles - 50 Años de la Grabación en la Caberna de Hamburgo en 1961,4226e6f9-54a5-4896-9efb-a15967529a7f,The Beatles,140080,0,0.977,0.414,0.835,0.676,4.0,0.726,-7.734,1.0,0.0666,171.234,0.97,E Mayor,4.0
6ed84a2a-fa8a-4dc0-a716-b9d533aafe4c,Leave My Kitten Alone,e4ec7292-0c44-4b98-9199-8cf772f8e55d,The Beatles - 50 Años de la Grabación en la Caberna de Hamburgo en 1961,4226e6f9-54a5-4896-9efb-a15967529a7f,The Beatles,175960,0,0.519,0.592,0.83,0.583,5.0,0.0837,-8.659,1.0,0.0329,98.434,0.843,F Mayor,1.0
28eea0fa-c97f-4854-8f7a-54844d733e86,Johnny B.Goode,e4ec7292-0c44-4b98-9199-8cf772f8e55d,The Beatles - 50 Años de la Grabación en la Caberna de Hamburgo en 1961,4226e6f9-54a5-4896-9efb-a15967529a7f,The Beatles,173333,0,0.0519,0.457,0.879,0.000947,9.0,0.237,-5.966,1.0,0.0452,156.236,0.964,A Mayor,3.0
e043f1fb-573c-4a31-a447-0e09a8e4c945,I Wanna Hold Your Hand,e4ec7292-0c44-4b98-9199-8cf772f8e55d,The Beatles - 50 Años de la Grabación en la Caberna de Hamburgo en 1961,4226e6f9-54a5-4896-9efb-a15967529a7f,The Beatles,138360,0,0.181,0.41,0.906,0.229,7.0,0.248,-6.971,1.0,0.0577,137.221,0.617,G Mayor,1.0
532d1ca6-e894-43b8-86f5-6e26335969c0,From Me to You,e4ec7292-0c44-4b98-9199-8cf772f8e55d,The Beatles - 50 Años de la Grabación en la Caberna de Hamburgo en 1961,4226e6f9-54a5-4896-9efb-a15967529a7f,The Beatles,111493,0,0.752,0.475,0.906,0.00783,7.0,0.377,-6.772,1.0,0.0752,142.755,0.712,G Mayor,1.0
77ca7ba2-03e1-4192-afdd-1f69df599f96,Too Much Monkey Bussiness,e4ec7292-0c44-4b98-9199-8cf772f8e55d,The Beatles - 50 Años de la Grabación en la Caberna de Hamburgo en 1961,4226e6f9-54a5-4896-9efb-a15967529a7f,The Beatles,130160,0,0.0879,0.489,0.932,0.377,9.0,0.129,-5.419,1.0,0.0742,92.14,0.955,A Mayor,3.0
af9b3ae7-377a-4f99-8e79-ab223e7c805d,Sure to Fall,e4ec7292-0c44-4b98-9199-8cf772f8e55d,The Beatles - 50 Años de la Grabación en la Caberna de Hamburgo en 1961,4226e6f9-54a5-4896-9efb-a15967529a7f,The Beatles,143333,0,0.519,0.506,0.533,0.0796,9.0,0.13,-8.322,1.0,0.0301,119.467,0.692,A Mayor,3.0
77f3dcba-1664-44c3-82b0-6c1549501bc8,All My Loving,e4ec7292-0c44-4b98-9199-8cf772f8e55d,The Beatles - 50 Años de la Grabación en la Caberna de Hamburgo en 1961,4226e6f9-54a5-4896-9efb-a15967529a7f,The Beatles,117360,0,0.0364,0.297,0.667,0.0113,9.0,0.177,-7.171,1.0,0.0441,124.46,0.704,A Mayor,3.0
7e435622-6252-446f-8942-2695108ddb4a,You Really Got a Hold On Me,e4ec7292-0c44-4b98-9199-8cf772f8e55d,The Beatles - 50 Años de la Grabación en la Caberna de Hamburgo en 1961,4226e6f9-54a5-4896-9efb-a15967529a7f,The Beatles,173946,0,0.0484,0.394,0.652,4.44e-06,9.0,0.317,-7.435,1.0,0.0347,80.512,0.488,A Mayor,3.0
e8c22791-2224-4f8f-966a-7b31aaca5c41,She Loves You,e4ec7292-0c44-4b98-9199-8cf772f8e55d,The Beatles - 50 Años de la Grabación en la Caberna de Hamburgo en 1961,4226e6f9-54a5-4896-9efb-a15967529a7f,The Beatles,135253,0,0.325,0.396,0.924,0.00253,11.0,0.0547,-4.32,0.0,0.0612,77.815,0.497,B Menor,2.0
c2e52618-e224-45f0-8b0d-e8eb4f96b5ef,I´ll Get You,e4ec7292-0c44-4b98-9199-8cf772f8e55d,The Beatles - 50 Años de la Grabación en la Caberna de Hamburgo en 1961,4226e6f9-54a5-4896-9efb-a15967529a7f,The Beatles,125986,0,0.115,0.541,0.896,0.0179,4.0,0.368,-5.941,1.0,0.0489,125.325,0.928,E Mayor,4.0
4f2f3990-0a4e-41a0-baf7-32eb2a986f92,Memphis Tennessee,e4ec7292-0c44-4b98-9199-8cf772f8e55d,The Beatles - 50 Años de la Grabación en la Caberna de Hamburgo en 1961,4226e6f9-54a5-4896-9efb-a15967529a7f,The Beatles,133880,0,0.0617,0.556,0.47,0.000423,1.0,0.0412,-8.726,0.0,0.0336,98.81,0.733,C# Menor,4.0
d9cb837e-b99e-4391-bb2d-cbe931d95fe0,She´s a Woman,e4ec7292-0c44-4b98-9199-8cf772f8e55d,The Beatles - 50 Años de la Grabación en la Caberna de Hamburgo en 1961,4226e6f9-54a5-4896-9efb-a15967529a7f,The Beatles,260986,0,0.221,0.683,0.293,0.0,9.0,0.0782,-11.229,1.0,0.0925,86.438,0.886,A Mayor,3.0
6c21bd3a-1080-4e6d-b8a4-d89205ecf954,Long Tally Sally,e4ec7292-0c44-4b98-9199-8cf772f8e55d,The Beatles - 50 Años de la Grabación en la Caberna de Hamburgo en 1961,4226e6f9-54a5-4896-9efb-a15967529a7f,The Beatles,107146,0,0.022,0.458,0.662,0.79,2.0,0.303,-12.777,1.0,0.0518,99.925,0.661,D Mayor,2.0
afab6ff6-0d8c-4c13-8e34-410975e886c4,Lucille,e4ec7292-0c44-4b98-9199-8cf772f8e55d,The Beatles - 50 Años de la Grabación en la Caberna de Hamburgo en 1961,4226e6f9-54a5-4896-9efb-a15967529a7f,The Beatles,108173,0,0.348,0.44,0.911,7.43e-06,5.0,0.293,-7.183,1.0,0.0344,144.23,0.946,F Mayor,1.0
7de01b4b-2ec9-4025-b4fa-c6d630bcdebd,Some Other Guy,e4ec7292-0c44-4b98-9199-8cf772f8e55d,The Beatles - 50 Años de la Grabación en la Caberna de Hamburgo en 1961,4226e6f9-54a5-4896-9efb-a15967529a7f,The Beatles,126920,0,6.21e-05,0.449,0.791,0.154,2.0,0.0996,-11.231,1.0,0.039,93.617,0.817,D Mayor,2.0
8ad43bf1-abe7-4cdf-9554-bc9a4bc6e86d,Ask Me Why,e4ec7292-0c44-4b98-9199-8cf772f8e55d,The Beatles - 50 Años de la Grabación en la Caberna de Hamburgo en 1961,4226e6f9-54a5-4896-9efb-a15967529a7f,The Beatles,116773,0,0.771,0.538,0.458,0.0611,9.0,0.0777,-8.028,1.0,0.0307,140.436,0.795,A Mayor,3.0
9eaee223-9388-40f3-aad3-8aeff07a373b,Love Me Do,e4ec7292-0c44-4b98-9199-8cf772f8e55d,The Beatles - 50 Años de la Grabación en la Caberna de Hamburgo en 1961,4226e6f9-54a5-4896-9efb-a15967529a7f,The Beatles,149386,0,0.409,0.278,0.798,0.00439,7.0,0.395,-4.048,1.0,0.0447,140.756,0.759,G Mayor,1.0
bd4b9082-c5ad-4ce3-a534-fe0159569b22,Thank You Girl,e4ec7292-0c44-4b98-9199-8cf772f8e55d,The Beatles - 50 Años de la Grabación en la Caberna de Hamburgo en 1961,4226e6f9-54a5-4896-9efb-a15967529a7f,The Beatles,131200,0,0.000416,0.413,0.719,5e-05,2.0,0.386,-11.844,1.0,0.032,139.62,0.879,D Mayor,2.0
af5bbcc0-0731-4d6c-a19c-01b4b8e6e034,Chains,e4ec7292-0c44-4b98-9199-8cf772f8e55d,The Beatles - 50 Años de la Grabación en la Caberna de Hamburgo en 1961,4226e6f9-54a5-4896-9efb-a15967529a7f,The Beatles,139266,0,0.00734,0.349,0.856,0.00465,3.0,0.295,-7.34,0.0,0.0499,139.596,0.684,D# Menor,5.0
772239de-7e47-48ae-8cea-c844410f8c20,I´ll Be On My Way,e4ec7292-0c44-4b98-9199-8cf772f8e55d,The Beatles - 50 Años de la Grabación en la Caberna de Hamburgo en 1961,4226e6f9-54a5-4896-9efb-a15967529a7f,The Beatles,121293,0,0.472,0.625,0.409,0.0673,2.0,0.132,-16.361,1.0,0.0367,124.197,0.765,D Mayor,2.0
9a8fa129-26df-4e11-ad14-848c34f71a93,Devil in Her Heart,e4ec7292-0c44-4b98-9199-8cf772f8e55d,The Beatles - 50 Años de la Grabación en la Caberna de Hamburgo en 1961,4226e6f9-54a5-4896-9efb-a15967529a7f,The Beatles,144920,0,0.604,0.606,0.654,0.0326,7.0,0.116,-7.887,1.0,0.0301,123.581,0.885,G Mayor,1.0
78c0847f-5547-4ba8-921c-2f4e2b4cfd7c,Halo On Fire,5fa0fea9-9bb8-4294-a979-ddb577e65a8c,Hardwired…To Self-Destruct,2ddc2ff5-92ff-4fa5-be9f-1862cb40f476,Metallica,495016,42,1.43e-05,0.323,0.936,0.00437,4.0,0.0983,-3.514,0.0,0.0504,126.367,0.21,E Menor,1.0
c471c2e1-8e41-476e-a69d-de86fb5be273,Hardwired,5fa0fea9-9bb8-4294-a979-ddb577e65a8c,Hardwired…To Self-Destruct,2ddc2ff5-92ff-4fa5-be9f-1862cb40f476,Metallica,189347,59,1.11e-05,0.128,0.991,0.00379,11.0,0.219,-3.289,1.0,0.0582,186.12,0.534,B Mayor,5.0
f275c808-320a-400f-9c59-e2473dc8ff5e,Murder One,5fa0fea9-9bb8-4294-a979-ddb577e65a8c,Hardwired…To Self-Destruct,2ddc2ff5-92ff-4fa5-be9f-1862cb40f476,Metallica,345277,37,2.18e-05,0.456,0.948,0.00252,6.0,0.106,-3.595,1.0,0.0406,107.516,0.34,F# Mayor,5.0
b72baea8-cf06-451c-8d6e-e3e837b53456,Dream No More,5fa0fea9-9bb8-4294-a979-ddb577e65a8c,Hardwired…To Self-Destruct,2ddc2ff5-92ff-4fa5-be9f-1862cb40f476,Metallica,389597,39,6.26e-05,0.509,0.944,0.00404,7.0,0.0629,-3.698,1.0,0.0577,97.505,0.299,G Mayor,1.0
895e7707-b9bb-4017-8b48-94210358edd3,Now That We’re Dead,5fa0fea9-9bb8-4294-a979-ddb577e65a8c,Hardwired…To Self-Destruct,2ddc2ff5-92ff-4fa5-be9f-1862cb40f476,Metallica,419074,46,9.24e-05,0.565,0.949,0.099,2.0,0.254,-3.828,1.0,0.0464,128.303,0.331,D Mayor,2.0
4ef369ec-1ce1-440b-a365-a8742c046e1b,Spit Out The Bone,5fa0fea9-9bb8-4294-a979-ddb577e65a8c,Hardwired…To Self-Destruct,2ddc2ff5-92ff-4fa5-be9f-1862cb40f476,Metallica,429198,49,9.07e-06,0.154,0.987,0.0559,9.0,0.153,-3.951,1.0,0.0875,168.127,0.454,A Mayor,3.0
7fc04742-7362-4149-88c3-afaf6e86c804,Moth Into Flame,5fa0fea9-9bb8-4294-a979-ddb577e65a8c,Hardwired…To Self-Destruct,2ddc2ff5-92ff-4fa5-be9f-1862cb40f476,Metallica,350644,55,3.64e-05,0.163,0.977,0.0052,4.0,0.0555,-3.585,0.0,0.0591,178.44,0.369,E Menor,1.0
edaa5788-186b-4c10-b3d6-c854e0c60e0a,Confusion,5fa0fea9-9bb8-4294-a979-ddb577e65a8c,Hardwired…To Self-Destruct,2ddc2ff5-92ff-4fa5-be9f-1862cb40f476,Metallica,401226,37,2.94e-05,0.447,0.99,0.0344,4.0,0.125,-3.752,1.0,0.0639,122.288,0.35,E Mayor,4.0
0e4bdc3a-53ef-48e9-8d3e-1e1827102530,ManUNkind,5fa0fea9-9bb8-4294-a979-ddb577e65a8c,Hardwired…To Self-Destruct,2ddc2ff5-92ff-4fa5-be9f-1862cb40f476,Metallica,415599,35,2.25e-05,0.299,0.937,0.0051,4.0,0.0977,-4.375,0.0,0.0468,136.079,0.353,E Menor,1.0
928ebc07-e323-4b74-a3b0-4ba415eec9b3,Here Comes Revenge,5fa0fea9-9bb8-4294-a979-ddb577e65a8c,Hardwired…To Self-Destruct,2ddc2ff5-92ff-4fa5-be9f-1862cb40f476,Metallica,437625,37,6.57e-05,0.496,0.98,0.122,6.0,0.118,-4.049,0.0,0.0688,131.691,0.305,F# Menor,3.0
c6f6ac23-d6d8-43a7-88b1-feb6df04655d,Am I Savage?,5fa0fea9-9bb8-4294-a979-ddb577e65a8c,Hardwired…To Self-Destruct,2ddc2ff5-92ff-4fa5-be9f-1862cb40f476,Metallica,389662,35,2.15e-05,0.327,0.943,0.000882,0.0,0.0738,-3.898,1.0,0.0485,144.016,0.242,C Mayor,0.0
ad742e93-1fd0-44cc-ad45-8918508e417c,"Atlas, Rise!",5fa0fea9-9bb8-4294-a979-ddb577e65a8c,Hardwired…To Self-Destruct,2ddc2ff5-92ff-4fa5-be9f-1862cb40f476,Metallica,388624,47,2.93e-05,0.416,0.994,0.0299,4.0,0.0704,-3.354,0.0,0.0609,95.205,0.434,E Menor,1.0
23ad72f2-9ff5-4c79-98d6-faa17480610a,Hero Of The Day,f60811cd-25ab-4695-a865-de732418f3f8,Load,2ddc2ff5-92ff-4fa5-be9f-1862cb40f476,Metallica,261906,55,8.82e-05,0.35,0.902,0.0425,8.0,0.111,-7.125,1.0,0.0357,115.909,0.78,Ab Mayor,4.0
18892b5a-07a5-4903-b007-8fe1abad5815,2 X 4,f60811cd-25ab-4695-a865-de732418f3f8,Load,2ddc2ff5-92ff-4fa5-be9f-1862cb40f476,Metallica,328200,44,4.57e-06,0.512,0.907,0.00857,1.0,0.549,-4.432,0.0,0.0345,115.217,0.673,C# Menor,4.0
66351e5b-641d-4545-b957-6e3d7a620cef,Thorn Within,f60811cd-25ab-4695-a865-de732418f3f8,Load,2ddc2ff5-92ff-4fa5-be9f-1862cb40f476,Metallica,351666,39,2.24e-05,0.545,0.889,0.309,10.0,0.3,-5.89,0.0,0.0288,117.655,0.646,Bb Menor,5.0
1fa0f4bb-de4c-456b-b6e9-801d371b743e,Ronnie,f60811cd-25ab-4695-a865-de732418f3f8,Load,2ddc2ff5-92ff-4fa5-be9f-1862cb40f476,Metallica,317133,39,0.0011,0.554,0.911,0.00306,1.0,0.0542,-5.464,1.0,0.0338,84.474,0.612,Db Mayor,5.0
a52481f2-635d-408d-ad79-95efe6bbab29,Until It Sleeps,f60811cd-25ab-4695-a865-de732418f3f8,Load,2ddc2ff5-92ff-4fa5-be9f-1862cb40f476,Metallica,267933,62,0.000248,0.568,0.92,0.0714,8.0,0.149,-4.434,0.0,0.0297,113.394,0.719,G# Menor,5.0
960fb9ee-f1df-4868-9b14-0185a686e166,Poor Twisted Me,f60811cd-25ab-4695-a865-de732418f3f8,Load,2ddc2ff5-92ff-4fa5-be9f-1862cb40f476,Metallica,240000,38,8.75e-05,0.485,0.92,0.0414,1.0,0.037,-4.811,1.0,0.0749,118.138,0.432,Db Mayor,5.0
103fd600-cac4-4e68-9181-c8e0f1f7e79b,The House Jack Built,f60811cd-25ab-4695-a865-de732418f3f8,Load,2ddc2ff5-92ff-4fa5-be9f-1862cb40f476,Metallica,398866,42,1.81e-05,0.478,0.859,0.00341,4.0,0.155,-5.347,1.0,0.0307,94.437,0.286,E Mayor,4.0
5a06d402-2995-4bf0-a3c8-740654138ad9,King Nothing,f60811cd-25ab-4695-a865-de732418f3f8,Load,2ddc2ff5-92ff-4fa5-be9f-1862cb40f476,Metallica,329760,57,8.39e-05,0.527,0.907,0.00755,8.0,0.0891,-5.772,1.0,0.0377,112.089,0.364,Ab Mayor,4.0
7cb9d624-0e16-482a-b8b4-d65278189b49,Mama Said,f60811cd-25ab-4695-a865-de732418f3f8,Load,2ddc2ff5-92ff-4fa5-be9f-1862cb40f476,Metallica,319693,55,0.0171,0.448,0.504,0.000849,8.0,0.38,-7.749,0.0,0.0317,135.254,0.391,G# Menor,5.0
0a9a41f1-aef3-43ce-8db0-6f1f0d36edab,Wasting My Hate,f60811cd-25ab-4695-a865-de732418f3f8,Load,2ddc2ff5-92ff-4fa5-be9f-1862cb40f476,Metallica,237240,44,9.49e-05,0.521,0.921,0.0283,8.0,0.127,-5.73,1.0,0.0421,81.476,0.506,Ab Mayor,4.0
8dab4bcd-eff3-4c13-935c-5fdd9c45f666,Ain't My Bitch,f60811cd-25ab-4695-a865-de732418f3f8,Load,2ddc2ff5-92ff-4fa5-be9f-1862cb40f476,Metallica,304400,47,2.23e-05,0.426,0.903,0.0522,10.0,0.0979,-4.535,0.0,0.0314,157.825,0.442,Bb Menor,5.0
c9a71c4d-bacd-420d-92d1-f0adb983d4dd,Cure,f60811cd-25ab-4695-a865-de732418f3f8,Load,2ddc2ff5-92ff-4fa5-be9f-1862cb40f476,Metallica,294293,41,2.63e-05,0.61,0.848,0.000576,8.0,0.0526,-5.46,1.0,0.0273,115.262,0.792,Ab Mayor,4.0
4c8954d2-4fb6-419a-961c-e641cfcb7622,The Outlaw Torn,f60811cd-25ab-4695-a865-de732418f3f8,Load,2ddc2ff5-92ff-4fa5-be9f-1862cb40f476,Metallica,588666,44,0.000246,0.619,0.724,0.0584,1.0,0.312,-6.783,1.0,0.0316,118.509,0.445,Db Mayor,5.0
f9a7af4b-2952-4b40-93a8-48eb8933fbd8,Bleeding Me,f60811cd-25ab-4695-a865-de732418f3f8,Load,2ddc2ff5-92ff-4fa5-be9f-1862cb40f476,Metallica,497933,48,0.000994,0.393,0.762,0.0305,1.0,0.123,-6.072,1.0,0.0324,117.115,0.225,Db Mayor,5.0
cbfb3d98-fc15-4cac-9434-881aeac4fafd,Damage Case - Live,9fec7019-33fb-4926-9811-f77587a7b34d,"Garage, Inc.",2ddc2ff5-92ff-4fa5-be9f-1862cb40f476,Metallica,220333,32,9.19e-05,0.355,0.989,0.237,1.0,0.413,-2.797,1.0,0.0973,163.003,0.32,Db Mayor,5.0
1e7cca71-46e8-476b-b666-fa4232df57bd,Breadfan - Remastered,9fec7019-33fb-4926-9811-f77587a7b34d,"Garage, Inc.",2ddc2ff5-92ff-4fa5-be9f-1862cb40f476,Metallica,343780,33,0.000252,0.371,0.855,0.129,0.0,0.601,-10.184,1.0,0.0693,122.63,0.225,C Mayor,0.0
9da101cf-8e42-438e-826f-3fe3e29a1daf,"Die, Die My Darling",9fec7019-33fb-4926-9811-f77587a7b34d,"Garage, Inc.",2ddc2ff5-92ff-4fa5-be9f-1862cb40f476,Metallica,146560,60,0.000369,0.438,0.976,0.0,10.0,0.194,-2.757,0.0,0.0576,178.03,0.791,Bb Menor,5.0
ca52e8df-3465-4fb0-baa4-f6241810a92e,Sabbra Cadabra,9fec7019-33fb-4926-9811-f77587a7b34d,"Garage, Inc.",2ddc2ff5-92ff-4fa5-be9f-1862cb40f476,Metallica,380240,44,0.000223,0.338,0.951,8.04e-06,5.0,0.107,-3.313,1.0,0.0576,141.377,0.363,F Mayor,1.0
e6da8ae1-e2e8-47bb-9098-680ca2a07498,So What,9fec7019-33fb-4926-9811-f77587a7b34d,"Garage, Inc.",2ddc2ff5-92ff-4fa5-be9f-1862cb40f476,Metallica,188933,51,0.00111,0.543,0.982,1.78e-05,2.0,0.417,-2.988,1.0,0.0702,94.977,0.383,D Mayor,2.0
2f45d0ec-6d03-4f78-aa63-46e9602dcf9e,Turn The Page,9fec7019-33fb-4926-9811-f77587a7b34d,"Garage, Inc.",2ddc2ff5-92ff-4fa5-be9f-1862cb40f476,Metallica,366466,63,1.94e-05,0.426,0.813,0.022,8.0,0.0937,-3.963,1.0,0.0318,149.013,0.228,Ab Mayor,4.0
9ed3cf40-d320-4347-8292-7d4a9e9eba3f,The More I See,9fec7019-33fb-4926-9811-f77587a7b34d,"Garage, Inc.",2ddc2ff5-92ff-4fa5-be9f-1862cb40f476,Metallica,288666,37,3.28e-06,0.304,0.957,0.0233,1.0,0.122,-5.144,1.0,0.0515,94.84,0.0455,Db Mayor,5.0
97726395-d200-4c76-96d9-14230a57b444,Astronomy,9fec7019-33fb-4926-9811-f77587a7b34d,"Garage, Inc.",2ddc2ff5-92ff-4fa5-be9f-1862cb40f476,Metallica,397840,44,0.000146,0.345,0.778,0.0124,3.0,0.136,-5.631,0.0,0.0407,86.221,0.148,D# Menor,5.0
fd31023b-c900-4968-89f4-b81361b825d7,Tuesday's Gone,9fec7019-33fb-4926-9811-f77587a7b34d,"Garage, Inc.",2ddc2ff5-92ff-4fa5-be9f-1862cb40f476,Metallica,543866,46,0.0116,0.457,0.594,5.11e-06,8.0,0.691,-5.722,1.0,0.028,136.237,0.33,Ab Mayor,4.0
6fd223a7-5c81-4213-969e-9576b79bdd3d,Whiskey In The Jar,9fec7019-33fb-4926-9811-f77587a7b34d,"Garage, Inc.",2ddc2ff5-92ff-4fa5-be9f-1862cb40f476,Metallica,304693,71,5.6e-06,0.511,0.97,0.00136,10.0,0.18,-3.72,1.0,0.0414,132.986,0.566,Bb Mayor,2.0
72986d94-84af-45a6-bfad-16a817b44b85,Last Caress / Green Hell,9fec7019-33fb-4926-9811-f77587a7b34d,"Garage, Inc.",2ddc2ff5-92ff-4fa5-be9f-1862cb40f476,Metallica,210000,43,2.79e-05,0.333,0.998,0.0318,0.0,0.0213,-4.566,1.0,0.0543,102.381,0.281,C Mayor,0.0
493a6611-60cd-4ac4-bd26-e998a902c576,The Small Hours,9fec7019-33fb-4926-9811-f77587a7b34d,"Garage, Inc.",2ddc2ff5-92ff-4fa5-be9f-1862cb40f476,Metallica,400800,37,0.00062,0.487,0.861,0.233,7.0,0.1,-4.655,1.0,0.0388,90.6,0.505,G Mayor,1.0
2508d409-bd2a-47d7-8d37-b0cba6fac0b9,The Prince - Remastered,9fec7019-33fb-4926-9811-f77587a7b34d,"Garage, Inc.",2ddc2ff5-92ff-4fa5-be9f-1862cb40f476,Metallica,266312,27,3.65e-05,0.262,0.915,0.0438,9.0,0.096,-8.934,0.0,0.088,164.204,0.621,A Menor,0.0
d6308767-882a-4f4d-8f79-608d1916d8c1,Am I Evil?,9fec7019-33fb-4926-9811-f77587a7b34d,"Garage, Inc.",2ddc2ff5-92ff-4fa5-be9f-1862cb40f476,Metallica,470066,46,0.00127,0.296,0.946,0.474,4.0,0.0563,-5.693,1.0,0.105,78.684,0.572,E Mayor,4.0
adaa11c3-3d9a-4bfc-a613-89ced39778ad,Mercyful Fate,9fec7019-33fb-4926-9811-f77587a7b34d,"Garage, Inc.",2ddc2ff5-92ff-4fa5-be9f-1862cb40f476,Metallica,670373,41,1.09e-05,0.329,0.95,0.000225,1.0,0.0516,-4.059,1.0,0.063,139.312,0.534,Db Mayor,5.0
62af34df-9b6d-44a5-b3b4-ae72d93c8018,Loverman,9fec7019-33fb-4926-9811-f77587a7b34d,"Garage, Inc.",2ddc2ff5-92ff-4fa5-be9f-1862cb40f476,Metallica,472826,43,0.00145,0.522,0.517,0.000159,9.0,0.103,-6.0,1.0,0.0415,129.148,0.236,A Mayor,3.0
d5c901eb-c6c0-44b7-8955-f62466523485,The Wait,9fec7019-33fb-4926-9811-f77587a7b34d,"Garage, Inc.",2ddc2ff5-92ff-4fa5-be9f-1862cb40f476,Metallica,292960,42,5.28e-05,0.338,0.975,0.602,0.0,0.246,-4.915,1.0,0.0507,162.589,0.674,C Mayor,0.0
29d92b44-97a0-458a-bb78-785660799115,Stone Cold Crazy,9fec7019-33fb-4926-9811-f77587a7b34d,"Garage, Inc.",2ddc2ff5-92ff-4fa5-be9f-1862cb40f476,Metallica,137706,46,0.000197,0.478,0.94,0.000564,7.0,0.0614,-3.298,1.0,0.0851,126.151,0.671,G Mayor,1.0
73945579-8352-4ab9-9348-f1cae28b10c7,Overkill - Live,9fec7019-33fb-4926-9811-f77587a7b34d,"Garage, Inc.",2ddc2ff5-92ff-4fa5-be9f-1862cb40f476,Metallica,245000,34,4.56e-06,0.398,0.996,0.814,8.0,0.137,-3.916,1.0,0.2,132.253,0.0399,Ab Mayor,4.0
55f7a864-749a-4e1b-be2c-e25e7e657460,Free Speech For The Dumb,9fec7019-33fb-4926-9811-f77587a7b34d,"Garage, Inc.",2ddc2ff5-92ff-4fa5-be9f-1862cb40f476,Metallica,155493,39,1.76e-06,0.446,0.943,0.765,8.0,0.37,-4.584,0.0,0.0385,101.684,0.561,G# Menor,5.0
a6f8bbc1-849e-4021-bb85-6499dcdf7dcd,Blitzkrieg - Remastered,9fec7019-33fb-4926-9811-f77587a7b34d,"Garage, Inc.",2ddc2ff5-92ff-4fa5-be9f-1862cb40f476,Metallica,216800,44,0.00015,0.489,0.971,0.434,4.0,0.0911,-6.04,0.0,0.0582,99.031,0.594,E Menor,1.0
fea85341-f059-4e47-8c30-c09d59be22de,Too Late Too Late - Live,9fec7019-33fb-4926-9811-f77587a7b34d,"Garage, Inc.",2ddc2ff5-92ff-4fa5-be9f-1862cb40f476,Metallica,192493,32,3.73e-05,0.461,0.988,0.0295,1.0,0.0264,-3.439,1.0,0.0738,98.107,0.366,Db Mayor,5.0
72d3a399-bdfd-4185-8a34-86db3cce2298,Helpless,9fec7019-33fb-4926-9811-f77587a7b34d,"Garage, Inc.",2ddc2ff5-92ff-4fa5-be9f-1862cb40f476,Metallica,396920,37,4.78e-06,0.308,0.986,0.0121,11.0,0.0979,-5.232,0.0,0.0716,150.299,0.612,B Menor,2.0
788fe67b-f24e-4fdc-a01a-6b0fa1c4e49c,Killing Time,9fec7019-33fb-4926-9811-f77587a7b34d,"Garage, Inc.",2ddc2ff5-92ff-4fa5-be9f-1862cb40f476,Metallica,183666,41,0.000153,0.447,0.99,0.00438,1.0,0.156,-3.525,1.0,0.0595,116.962,0.356,Db Mayor,5.0
bc7cfbb0-17cf-43ff-a0a1-c7074b9094a8,It's Electric,9fec7019-33fb-4926-9811-f77587a7b34d,"Garage, Inc.",2ddc2ff5-92ff-4fa5-be9f-1862cb40f476,Metallica,213933,42,0.000233,0.485,0.967,0.0,10.0,0.173,-3.151,0.0,0.0909,90.905,0.63,Bb Menor,5.0
6055bf6d-584e-42cc-8a99-4151530f0c7b,Stone Dead Forever - Live,9fec7019-33fb-4926-9811-f77587a7b34d,"Garage, Inc.",2ddc2ff5-92ff-4fa5-be9f-1862cb40f476,Metallica,291933,32,3.57e-05,0.348,0.988,0.196,1.0,0.157,-3.349,1.0,0.0845,102.373,0.318,Db Mayor,5.0
3be206b5-cc0c-4039-be19-8c443a6cf041,Crash Course In Brain Surgery,9fec7019-33fb-4926-9811-f77587a7b34d,"Garage, Inc.",2ddc2ff5-92ff-4fa5-be9f-1862cb40f476,Metallica,188826,40,5.01e-05,0.561,0.983,0.254,2.0,0.0338,-4.249,1.0,0.125,87.675,0.459,D Mayor,2.0
a5f18538-6700-4c45-b8cb-0ac9f939a3f8,Enter Sandman - Live,35d6e86e-c3b0-4d11-9a88-b9f4ef32f739,S&M2,2ddc2ff5-92ff-4fa5-be9f-1862cb40f476,Metallica,525759,33,0.000348,0.281,0.95,0.0184,5.0,0.94,-7.242,0.0,0.145,130.205,0.094,F Menor,4.0
ec022622-df3a-42f5-9d6a-42a9305a2641,For Whom The Bell Tolls - Live,35d6e86e-c3b0-4d11-9a88-b9f4ef32f739,S&M2,2ddc2ff5-92ff-4fa5-be9f-1862cb40f476,Metallica,276640,36,7.55e-06,0.276,0.949,0.109,1.0,0.876,-7.676,1.0,0.087,131.589,0.118,Db Mayor,5.0
e80ca60e-a631-4687-b6e5-1bd32e62fbf4,"Mosolov: The Iron Foundry, Op. 19 - Live",35d6e86e-c3b0-4d11-9a88-b9f4ef32f739,S&M2,2ddc2ff5-92ff-4fa5-be9f-1862cb40f476,Metallica,255972,25,0.00154,0.39,0.72,0.689,7.0,0.982,-8.312,1.0,0.069,131.626,0.278,G Mayor,1.0
57cf6e93-6048-4ec2-9cfb-be8c09533bd8,The Unforgiven III - Live,35d6e86e-c3b0-4d11-9a88-b9f4ef32f739,S&M2,2ddc2ff5-92ff-4fa5-be9f-1862cb40f476,Metallica,499093,35,0.676,0.308,0.481,8.23e-06,3.0,0.875,-9.719,0.0,0.0332,120.238,0.227,D# Menor,5.0
45718df3-02c8-4d6e-b200-7d5e385078d0,Wherever I May Roam - Live,35d6e86e-c3b0-4d11-9a88-b9f4ef32f739,S&M2,2ddc2ff5-92ff-4fa5-be9f-1862cb40f476,Metallica,392439,31,9.88e-06,0.271,0.937,0.0162,4.0,0.22,-6.458,1.0,0.0715,137.964,0.148,E Mayor,4.0
6582a948-afd2-4609-b4da-7151ed8056b9,The Outlaw Torn - Live,35d6e86e-c3b0-4d11-9a88-b9f4ef32f739,S&M2,2ddc2ff5-92ff-4fa5-be9f-1862cb40f476,Metallica,602720,33,2.15e-05,0.328,0.848,0.017,1.0,0.976,-8.467,1.0,0.0616,126.572,0.338,Db Mayor,5.0
5b6e72b8-d280-4e27-a5e5-b2eec026d091,Moth Into Flame - Live,35d6e86e-c3b0-4d11-9a88-b9f4ef32f739,S&M2,2ddc2ff5-92ff-4fa5-be9f-1862cb40f476,Metallica,377800,33,1.59e-05,0.324,0.943,0.0115,8.0,0.775,-8.036,1.0,0.067,93.584,0.209,Ab Mayor,4.0
e1346450-6f75-4431-a2fe-ad445c3485db,The Call Of Ktulu - Live,35d6e86e-c3b0-4d11-9a88-b9f4ef32f739,S&M2,2ddc2ff5-92ff-4fa5-be9f-1862cb40f476,Metallica,554413,34,5.02e-05,0.226,0.899,0.79,8.0,0.552,-8.021,0.0,0.0754,133.271,0.0811,G# Menor,5.0
88302ff1-d820-456b-a2a6-e3a9dce0a20e,Intro To The Iron Foundry - Live,35d6e86e-c3b0-4d11-9a88-b9f4ef32f739,S&M2,2ddc2ff5-92ff-4fa5-be9f-1862cb40f476,Metallica,62533,23,0.633,0.674,0.374,0.0,1.0,0.895,-17.452,1.0,0.854,82.178,0.759,Db Mayor,5.0
7e7aa653-dee3-44f4-ab42-391ebad477fe,No Leaf Clover - Live,35d6e86e-c3b0-4d11-9a88-b9f4ef32f739,S&M2,2ddc2ff5-92ff-4fa5-be9f-1862cb40f476,Metallica,330106,37,0.000588,0.212,0.926,0.000747,11.0,0.986,-7.362,1.0,0.0883,79.408,0.18,B Mayor,5.0
cd579604-ac02-4644-8599-6ab2791305e7,Nothing Else Matters - Live,35d6e86e-c3b0-4d11-9a88-b9f4ef32f739,S&M2,2ddc2ff5-92ff-4fa5-be9f-1862cb40f476,Metallica,399600,41,0.0123,0.274,0.648,0.00152,3.0,0.977,-8.703,0.0,0.0349,75.465,0.0907,D# Menor,5.0
ec3c7e80-54be-4fa1-b2b1-5c32deb3a4a0,The Ecstasy Of Gold - Live,35d6e86e-c3b0-4d11-9a88-b9f4ef32f739,S&M2,2ddc2ff5-92ff-4fa5-be9f-1862cb40f476,Metallica,161053,34,0.0741,0.11,0.616,0.303,9.0,0.975,-11.209,0.0,0.0837,68.482,0.124,A Menor,0.0
171096c0-5bda-435c-b119-f0c5d4602e9a,All Within My Hands - Live,35d6e86e-c3b0-4d11-9a88-b9f4ef32f739,S&M2,2ddc2ff5-92ff-4fa5-be9f-1862cb40f476,Metallica,373973,39,0.0101,0.323,0.618,2.89e-05,3.0,0.926,-8.946,0.0,0.0312,115.195,0.171,D# Menor,5.0
79734de9-56c3-49fb-9665-3527990e7dea,(Anesthesia) - Pulling Teeth - Live,35d6e86e-c3b0-4d11-9a88-b9f4ef32f739,S&M2,2ddc2ff5-92ff-4fa5-be9f-1862cb40f476,Metallica,447586,27,0.226,0.197,0.545,0.726,2.0,0.757,-12.236,1.0,0.0794,104.678,0.246,D Mayor,2.0
1cf83f1a-09f3-45b7-8b44-3564efcdc8d8,One - Live,35d6e86e-c3b0-4d11-9a88-b9f4ef32f739,S&M2,2ddc2ff5-92ff-4fa5-be9f-1862cb40f476,Metallica,563667,32,0.00015,0.317,0.868,0.23,10.0,0.74,-8.622,0.0,0.0684,123.395,0.235,Bb Menor,5.0
06ca5456-212b-439f-9df2-c48847feabdb,The Day That Never Comes - Live,35d6e86e-c3b0-4d11-9a88-b9f4ef32f739,S&M2,2ddc2ff5-92ff-4fa5-be9f-1862cb40f476,Metallica,506853,36,0.000116,0.298,0.917,0.0416,6.0,0.906,-9.244,1.0,0.0797,136.026,0.231,F# Mayor,5.0
77165b96-e130-4d81-b6aa-8c789a646d4c,Intro To Scythian Suite - Live,35d6e86e-c3b0-4d11-9a88-b9f4ef32f739,S&M2,2ddc2ff5-92ff-4fa5-be9f-1862cb40f476,Metallica,316920,25,0.769,0.414,0.558,0.0,4.0,0.736,-16.717,0.0,0.782,168.483,0.166,E Menor,1.0
41f9bac0-7395-4926-88fc-de22df544522,The Memory Remains - Live,35d6e86e-c3b0-4d11-9a88-b9f4ef32f739,S&M2,2ddc2ff5-92ff-4fa5-be9f-1862cb40f476,Metallica,342437,35,0.00225,0.176,0.831,0.00234,1.0,0.903,-9.025,1.0,0.0638,81.541,0.11,Db Mayor,5.0
b795a8a1-4386-4ce4-bd37-361e8c9295c0,Halo On Fire - Live,35d6e86e-c3b0-4d11-9a88-b9f4ef32f739,S&M2,2ddc2ff5-92ff-4fa5-be9f-1862cb40f476,Metallica,497466,32,2.49e-05,0.274,0.91,0.00687,3.0,0.844,-7.479,0.0,0.079,137.409,0.222,D# Menor,5.0
75e62223-b912-4c4b-bfb1-38f27e20f46c,"Prokofiev: Scythian Suite, Op. 20 II: The Enemy God And The Dance Of The Dark Spirits - Live",35d6e86e-c3b0-4d11-9a88-b9f4ef32f739,S&M2,2ddc2ff5-92ff-4fa5-be9f-1862cb40f476,Metallica,219240,25,0.376,0.437,0.642,0.0027,0.0,0.732,-10.793,1.0,0.0864,117.358,0.16,C Mayor,0.0
e46a968c-9740-431f-be30-e4a23cb368fd,Confusion - Live,35d6e86e-c3b0-4d11-9a88-b9f4ef32f739,S&M2,2ddc2ff5-92ff-4fa5-be9f-1862cb40f476,Metallica,401295,31,2.2e-05,0.356,0.969,0.0607,8.0,0.972,-7.569,1.0,0.0977,126.284,0.216,Ab Mayor,4.0
11da2085-df6c-4141-bbe4-cb1c33c75e7a,Master Of Puppets - Live,35d6e86e-c3b0-4d11-9a88-b9f4ef32f739,S&M2,2ddc2ff5-92ff-4fa5-be9f-1862cb40f476,Metallica,509986,33,6.63e-06,0.299,0.946,0.00306,1.0,0.976,-7.866,1.0,0.0865,112.79,0.219,Db Mayor,5.0
820d2fb3-0d47-4108-a6e9-7dd5a322614e,The Judas Kiss,b66c1d12-94ec-4f72-b677-a38cedd5237b,Death Magnetic,2ddc2ff5-92ff-4fa5-be9f-1862cb40f476,Metallica,480760,41,0.000806,0.323,0.96,0.0177,4.0,0.039,-2.712,0.0,0.0816,179.341,0.503,E Menor,1.0
3e219163-21c1-4726-904d-f40f3aa27047,The Unforgiven III,b66c1d12-94ec-4f72-b677-a38cedd5237b,Death Magnetic,2ddc2ff5-92ff-4fa5-be9f-1862cb40f476,Metallica,466586,56,0.00196,0.297,0.692,3.75e-06,4.0,0.115,-5.625,0.0,0.0344,121.52,0.103,E Menor,1.0
c8934621-638e-4638-aa73-76de1f1123ba,The Day That Never Comes,b66c1d12-94ec-4f72-b677-a38cedd5237b,Death Magnetic,2ddc2ff5-92ff-4fa5-be9f-1862cb40f476,Metallica,476266,62,9.11e-05,0.334,0.982,0.149,4.0,0.106,-2.293,0.0,0.0619,126.883,0.501,E Menor,1.0
74b9956e-981c-477d-9842-e244c6e4122b,That Was Just Your Life,b66c1d12-94ec-4f72-b677-a38cedd5237b,Death Magnetic,2ddc2ff5-92ff-4fa5-be9f-1862cb40f476,Metallica,428320,44,0.000502,0.247,0.989,0.00154,5.0,0.084,-4.401,1.0,0.0936,189.929,0.344,F Mayor,1.0
0a7c7e38-dd8f-40a7-9194-68e70e98568f,Cyanide,b66c1d12-94ec-4f72-b677-a38cedd5237b,Death Magnetic,2ddc2ff5-92ff-4fa5-be9f-1862cb40f476,Metallica,399546,46,0.000108,0.313,0.985,0.000747,11.0,0.313,-2.603,0.0,0.0731,129.778,0.498,B Menor,2.0
fca84f67-50f7-41ca-a647-0dc257d0dcf6,Suicide & Redemption,b66c1d12-94ec-4f72-b677-a38cedd5237b,Death Magnetic,2ddc2ff5-92ff-4fa5-be9f-1862cb40f476,Metallica,597720,41,4.69e-05,0.254,0.928,0.835,4.0,0.0908,-4.357,0.0,0.067,164.351,0.41,E Menor,1.0
acfd8ef9-4ca7-4db3-b22a-68e1e09be3da,"Broken, Beat & Scarred",b66c1d12-94ec-4f72-b677-a38cedd5237b,Death Magnetic,2ddc2ff5-92ff-4fa5-be9f-1862cb40f476,Metallica,385466,44,5.55e-05,0.321,0.974,0.0154,9.0,0.31,-2.792,1.0,0.0789,121.567,0.519,A Mayor,3.0
9f81f199-4f98-4816-8362-bb8f438ca2b4,All Nightmare Long,b66c1d12-94ec-4f72-b677-a38cedd5237b,Death Magnetic,2ddc2ff5-92ff-4fa5-be9f-1862cb40f476,Metallica,477026,55,0.00067,0.268,0.974,0.00106,9.0,0.0772,-2.948,1.0,0.114,182.095,0.342,A Mayor,3.0
30e137e4-5eab-40c5-a5c6-0021a199446c,The End Of The Line,b66c1d12-94ec-4f72-b677-a38cedd5237b,Death Magnetic,2ddc2ff5-92ff-4fa5-be9f-1862cb40f476,Metallica,472360,46,0.000122,0.337,0.974,0.00096,11.0,0.145,-4.516,0.0,0.083,107.176,0.2,B Menor,2.0
bf54f0b3-c1c5-4306-b51b-c27fbc90072e,My Apocalypse,b66c1d12-94ec-4f72-b677-a38cedd5237b,Death Magnetic,2ddc2ff5-92ff-4fa5-be9f-1862cb40f476,Metallica,301026,42,0.000139,0.265,0.988,0.00452,0.0,0.13,-2.934,1.0,0.184,200.091,0.266,C Mayor,0.0
54015a41-aa8b-4714-864a-1abdcdfc718b,Chasing Light,8cbf6589-f0a4-4424-b273-89b6e608c04e,72 Seasons,2ddc2ff5-92ff-4fa5-be9f-1862cb40f476,Metallica,405106,44,2e-05,0.243,0.982,0.0448,0.0,0.421,-3.626,1.0,0.0547,182.806,0.652,C Mayor,0.0
1ea03590-4c43-4f96-8b1f-cd4fafc95cc7,You Must Burn!,8cbf6589-f0a4-4424-b273-89b6e608c04e,72 Seasons,2ddc2ff5-92ff-4fa5-be9f-1862cb40f476,Metallica,423013,46,0.000122,0.397,0.958,0.0203,6.0,0.0378,-3.088,0.0,0.0341,85.836,0.416,F# Menor,3.0
945e58ae-dec3-44e5-86ec-405b535fff1e,If Darkness Had a Son,8cbf6589-f0a4-4424-b273-89b6e608c04e,72 Seasons,2ddc2ff5-92ff-4fa5-be9f-1862cb40f476,Metallica,396293,49,2.3e-05,0.47,0.945,0.00544,9.0,0.0399,-4.378,1.0,0.045,123.398,0.379,A Mayor,3.0
96473f9c-1673-4bb4-ad9b-299dfca00e5a,Screaming Suicide,8cbf6589-f0a4-4424-b273-89b6e608c04e,72 Seasons,2ddc2ff5-92ff-4fa5-be9f-1862cb40f476,Metallica,330453,53,2.42e-05,0.425,0.972,0.0202,4.0,0.239,-3.448,0.0,0.045,101.125,0.282,E Menor,1.0
ebb105c1-1611-450c-82c7-c80934b4e410,Too Far Gone?,8cbf6589-f0a4-4424-b273-89b6e608c04e,72 Seasons,2ddc2ff5-92ff-4fa5-be9f-1862cb40f476,Metallica,273693,48,2.77e-05,0.462,0.99,0.0261,0.0,0.0999,-4.134,1.0,0.047,96.579,0.492,C Mayor,0.0
ec7eb9d0-85dc-4e81-837e-7fff7e29342f,Room of Mirrors,8cbf6589-f0a4-4424-b273-89b6e608c04e,72 Seasons,2ddc2ff5-92ff-4fa5-be9f-1862cb40f476,Metallica,333706,44,1.95e-05,0.263,0.989,0.0535,6.0,0.112,-3.45,0.0,0.0533,159.332,0.68,F# Menor,3.0
c1f5b259-5300-4ac9-bdd1-404f5778fcd6,72 Seasons,8cbf6589-f0a4-4424-b273-89b6e608c04e,72 Seasons,2ddc2ff5-92ff-4fa5-be9f-1862cb40f476,Metallica,459120,53,4.01e-05,0.193,0.983,0.0375,9.0,0.0645,-3.929,1.0,0.0591,168.193,0.385,A Mayor,3.0
300ede5a-f79f-437e-9287-259c77079786,Inamorata,8cbf6589-f0a4-4424-b273-89b6e608c04e,72 Seasons,2ddc2ff5-92ff-4fa5-be9f-1862cb40f476,Metallica,670253,47,0.000289,0.495,0.872,0.00894,11.0,0.0626,-4.062,1.0,0.0329,120.443,0.308,B Mayor,5.0
1756fbf4-fe54-45c6-836e-4c6ba43f4cd4,Shadows Follow,8cbf6589-f0a4-4424-b273-89b6e608c04e,72 Seasons,2ddc2ff5-92ff-4fa5-be9f-1862cb40f476,Metallica,371880,51,0.000121,0.313,0.979,0.0313,11.0,0.261,-3.907,1.0,0.0462,178.884,0.678,B Mayor,5.0
8e2a840c-a16d-4238-a6dc-447468c4fc6b,Crown of Barbed Wire,8cbf6589-f0a4-4424-b273-89b6e608c04e,72 Seasons,2ddc2ff5-92ff-4fa5-be9f-1862cb40f476,Metallica,349400,44,2.06e-05,0.437,0.964,0.0411,9.0,0.0598,-4.012,1.0,0.0367,111.699,0.249,A Mayor,3.0
5f66ba84-ec35-47f0-a1ee-96562674f402,Lux Æterna,8cbf6589-f0a4-4424-b273-89b6e608c04e,72 Seasons,2ddc2ff5-92ff-4fa5-be9f-1862cb40f476,Metallica,201760,57,9.63e-06,0.408,0.995,0.00173,11.0,0.128,-3.349,0.0,0.0823,130.583,0.209,B Menor,2.0
c465ca83-57de-4c00-85a9-43fb0e34660c,Sleepwalk My Life Away,8cbf6589-f0a4-4424-b273-89b6e608c04e,72 Seasons,2ddc2ff5-92ff-4fa5-be9f-1862cb40f476,Metallica,416066,46,1.73e-05,0.43,0.95,0.0641,11.0,0.103,-4.203,1.0,0.034,124.931,0.543,B Mayor,5.0
e0f41903-8c20-4177-b191-14048afb9a15,Hardwired,e6ec75e2-b4ae-48a7-9e55-eaf75a46f0fa,Hardwired…To Self-Destruct,2ddc2ff5-92ff-4fa5-be9f-1862cb40f476,Metallica,189347,42,1.11e-05,0.128,0.991,0.00362,11.0,0.219,-3.289,1.0,0.0582,186.124,0.53,B Mayor,5.0
835eeab3-cfe1-4d08-b29d-db298d09c607,Blitzkrieg,9803f014-ed2c-41a5-a4f4-4a19e9636c62,Garage Inc.,2ddc2ff5-92ff-4fa5-be9f-1862cb40f476,Metallica,216960,38,0.000802,0.493,0.97,0.611,4.0,0.0661,-6.34,1.0,0.0581,98.736,0.645,E Mayor,4.0
726f371d-844a-42c8-9150-923ad5745bf0,Breadfan,9803f014-ed2c-41a5-a4f4-4a19e9636c62,Garage Inc.,2ddc2ff5-92ff-4fa5-be9f-1862cb40f476,Metallica,341066,39,0.000336,0.354,0.93,0.111,9.0,0.62,-7.46,1.0,0.0729,103.549,0.152,A Mayor,3.0
c9edf4a2-e2c6-44a0-a9da-9c9260de723e,The Prince,9803f014-ed2c-41a5-a4f4-4a19e9636c62,Garage Inc.,2ddc2ff5-92ff-4fa5-be9f-1862cb40f476,Metallica,264800,34,4.35e-05,0.264,0.957,0.0233,7.0,0.0949,-6.229,1.0,0.102,163.959,0.551,G Mayor,1.0
d4b3be7f-0aed-48c6-8594-eeaf13495125,Sweet Amber,436920e5-d415-4bb5-ad9a-7d60940eac3d,St. Anger,2ddc2ff5-92ff-4fa5-be9f-1862cb40f476,Metallica,327132,37,0.00129,0.471,0.911,7.64e-05,7.0,0.216,-5.373,0.0,0.0664,93.262,0.394,G Menor,2.0
9bec5900-90b1-4344-b57e-220ff7a8a678,Invisible Kid,436920e5-d415-4bb5-ad9a-7d60940eac3d,St. Anger,2ddc2ff5-92ff-4fa5-be9f-1862cb40f476,Metallica,510092,37,0.00641,0.49,0.988,0.326,1.0,0.149,-5.229,1.0,0.0851,157.47,0.377,Db Mayor,5.0
7fa726a6-2c99-40c0-a20e-dd9b5e2a4449,Frantic,436920e5-d415-4bb5-ad9a-7d60940eac3d,St. Anger,2ddc2ff5-92ff-4fa5-be9f-1862cb40f476,Metallica,350358,49,0.00608,0.482,0.977,0.17,0.0,0.0812,-3.091,1.0,0.0892,161.818,0.571,C Mayor,0.0
47b46606-c35b-4286-9c5d-c732b0807d80,The Unnamed Feeling,436920e5-d415-4bb5-ad9a-7d60940eac3d,St. Anger,2ddc2ff5-92ff-4fa5-be9f-1862cb40f476,Metallica,427892,40,0.000794,0.469,0.907,0.00447,0.0,0.0872,-5.239,0.0,0.066,140.328,0.433,C Menor,3.0
af385283-8b69-4e69-9e3f-582dd6eaa238,My World,436920e5-d415-4bb5-ad9a-7d60940eac3d,St. Anger,2ddc2ff5-92ff-4fa5-be9f-1862cb40f476,Metallica,345532,36,0.00198,0.525,0.982,0.00585,0.0,0.309,-4.447,1.0,0.0742,99.421,0.388,C Mayor,0.0
70a2f2a9-13a9-4e98-abab-0fcf106b151f,Some Kind Of Monster,436920e5-d415-4bb5-ad9a-7d60940eac3d,St. Anger,2ddc2ff5-92ff-4fa5-be9f-1862cb40f476,Metallica,505532,44,0.000493,0.333,0.938,0.208,0.0,0.185,-5.215,1.0,0.0516,104.817,0.641,C Mayor,0.0
944408e8-99e6-4910-ab24-3befc7f2d4ec,St. Anger,436920e5-d415-4bb5-ad9a-7d60940eac3d,St. Anger,2ddc2ff5-92ff-4fa5-be9f-1862cb40f476,Metallica,441132,58,0.00115,0.396,0.947,0.0179,2.0,0.089,-2.652,0.0,0.0477,93.043,0.443,D Menor,1.0
ca317f20-0330-45fa-86b2-2807e4f35d65,All Within My Hands,436920e5-d415-4bb5-ad9a-7d60940eac3d,St. Anger,2ddc2ff5-92ff-4fa5-be9f-1862cb40f476,Metallica,527892,35,0.00398,0.552,0.965,0.00347,5.0,0.115,-4.515,0.0,0.0893,105.821,0.294,F Menor,4.0
28461eec-1808-4f9c-b02e-40b296952515,Shoot Me Again,436920e5-d415-4bb5-ad9a-7d60940eac3d,St. Anger,2ddc2ff5-92ff-4fa5-be9f-1862cb40f476,Metallica,430105,38,0.000714,0.551,0.926,0.0139,8.0,0.0441,-4.301,1.0,0.0813,111.367,0.337,Ab Mayor,4.0
7876eb66-1da8-4195-8aef-29eeb15d4e3a,Dirty Window,436920e5-d415-4bb5-ad9a-7d60940eac3d,St. Anger,2ddc2ff5-92ff-4fa5-be9f-1862cb40f476,Metallica,324905,40,0.0103,0.369,0.978,9.02e-05,1.0,0.159,-4.246,1.0,0.0827,127.607,0.445,Db Mayor,5.0
7a91e1ff-0338-4d39-91b9-93f33781b87c,Purify,436920e5-d415-4bb5-ad9a-7d60940eac3d,St. Anger,2ddc2ff5-92ff-4fa5-be9f-1862cb40f476,Metallica,313932,35,0.00221,0.497,0.987,0.00664,0.0,0.36,-3.104,1.0,0.0668,105.526,0.254,C Mayor,0.0
c607c98f-ea5e-43e2-b5d1-086b32f73b14,Enter Sandman - Live,59a502c0-22be-4971-beb5-3e6430eea38e,S&M,2ddc2ff5-92ff-4fa5-be9f-1862cb40f476,Metallica,459133,39,0.000137,0.283,0.972,0.0641,1.0,0.965,-4.538,1.0,0.153,130.677,0.156,Db Mayor,5.0
ac4c1089-c9f3-4faa-bacc-0ce3f7306e3c,Wherever I May Roam - Live,59a502c0-22be-4971-beb5-3e6430eea38e,S&M,2ddc2ff5-92ff-4fa5-be9f-1862cb40f476,Metallica,421466,39,1.57e-05,0.26,0.94,0.00393,3.0,0.964,-4.16,1.0,0.0641,136.743,0.206,Eb Mayor,3.0
5934e416-246d-491f-9426-300cbcd44d10,Sad But True - Live,59a502c0-22be-4971-beb5-3e6430eea38e,S&M,2ddc2ff5-92ff-4fa5-be9f-1862cb40f476,Metallica,346266,39,1.58e-05,0.292,0.982,0.00184,7.0,0.928,-3.698,1.0,0.0729,92.307,0.225,G Mayor,1.0
0a88968d-cded-4dc3-80b2-d3dadf67451b,For Whom The Bell Tolls - Live,59a502c0-22be-4971-beb5-3e6430eea38e,S&M,2ddc2ff5-92ff-4fa5-be9f-1862cb40f476,Metallica,292160,41,1.51e-05,0.323,0.977,0.0116,10.0,0.978,-3.924,0.0,0.13,127.052,0.183,Bb Menor,5.0
cf97c0bb-ca91-4731-bcbe-3fbadc881c8f,Hero Of The Day - Live,59a502c0-22be-4971-beb5-3e6430eea38e,S&M,2ddc2ff5-92ff-4fa5-be9f-1862cb40f476,Metallica,284640,42,0.000817,0.249,0.898,0.000429,8.0,0.984,-5.362,1.0,0.0923,119.544,0.208,Ab Mayor,4.0
23b943e9-6af1-471a-a2b5-a54837d23761,No Leaf Clover - Live,59a502c0-22be-4971-beb5-3e6430eea38e,S&M,2ddc2ff5-92ff-4fa5-be9f-1862cb40f476,Metallica,343200,52,0.000598,0.246,0.95,0.00166,3.0,0.959,-5.034,0.0,0.107,151.568,0.359,D# Menor,5.0
4268fe30-c0f1-4006-bb4a-cb3987fcc5b8,Devil's Dance - Live,59a502c0-22be-4971-beb5-3e6430eea38e,S&M,2ddc2ff5-92ff-4fa5-be9f-1862cb40f476,Metallica,326000,39,2.7e-05,0.48,0.924,0.00598,0.0,0.988,-3.596,0.0,0.0458,96.289,0.442,C Menor,3.0
052d0be5-b4fe-44d6-82e7-8532eecf13fc,The Ecstasy Of Gold - Live,59a502c0-22be-4971-beb5-3e6430eea38e,S&M,2ddc2ff5-92ff-4fa5-be9f-1862cb40f476,Metallica,150600,44,0.304,0.112,0.591,0.643,0.0,0.822,-8.84,1.0,0.0579,85.434,0.0529,C Mayor,0.0
9c5b223f-d193-44a6-9426-80ebcd5a3098,Of Wolf And Man - Live,59a502c0-22be-4971-beb5-3e6430eea38e,S&M,2ddc2ff5-92ff-4fa5-be9f-1862cb40f476,Metallica,258866,40,1.32e-05,0.389,0.976,4.83e-05,1.0,0.977,-3.51,0.0,0.0701,125.681,0.321,C# Menor,4.0
f173d156-d9ea-4ec5-9db6-f93b6233106b,Until It Sleeps - Live,59a502c0-22be-4971-beb5-3e6430eea38e,S&M,2ddc2ff5-92ff-4fa5-be9f-1862cb40f476,Metallica,269973,40,9.23e-06,0.27,0.942,0.000286,1.0,0.404,-4.145,1.0,0.061,125.098,0.304,Db Mayor,5.0
537ac1fa-d93f-44cb-90e1-e34123609f26,The Memory Remains - Live,59a502c0-22be-4971-beb5-3e6430eea38e,S&M,2ddc2ff5-92ff-4fa5-be9f-1862cb40f476,Metallica,282360,42,0.000211,0.203,0.976,0.00025,1.0,0.961,-4.73,1.0,0.115,152.919,0.324,Db Mayor,5.0
7d8c3392-3bfd-438b-a50d-646eddc21943,Outlaw Torn - Live,59a502c0-22be-4971-beb5-3e6430eea38e,S&M,2ddc2ff5-92ff-4fa5-be9f-1862cb40f476,Metallica,598906,39,1.74e-05,0.328,0.875,0.00413,1.0,0.985,-5.327,1.0,0.0476,125.755,0.39,Db Mayor,5.0
64006882-b2d3-4923-8873-0f9313b33f61,The Thing That Should Not Be - Live,59a502c0-22be-4971-beb5-3e6430eea38e,S&M,2ddc2ff5-92ff-4fa5-be9f-1862cb40f476,Metallica,446866,40,9.88e-06,0.282,0.909,0.0603,3.0,0.373,-5.473,0.0,0.0586,113.34,0.187,D# Menor,5.0
047ad192-3029-4828-b115-723ff4e695a6,Master Of Puppets - Live,59a502c0-22be-4971-beb5-3e6430eea38e,S&M,2ddc2ff5-92ff-4fa5-be9f-1862cb40f476,Metallica,534760,44,6.43e-06,0.285,0.99,0.0052,1.0,0.718,-3.344,1.0,0.102,106.829,0.232,Db Mayor,5.0
bdf7caed-5f94-4a78-9599-8dae9eb1c4e8,Nothing Else Matters - Live,59a502c0-22be-4971-beb5-3e6430eea38e,S&M,2ddc2ff5-92ff-4fa5-be9f-1862cb40f476,Metallica,407760,48,0.000586,0.273,0.609,0.123,3.0,0.966,-7.856,0.0,0.0348,144.808,0.0997,D# Menor,5.0
a317a89b-d841-43dd-b20f-46859573b3de,- Human - Live,59a502c0-22be-4971-beb5-3e6430eea38e,S&M,2ddc2ff5-92ff-4fa5-be9f-1862cb40f476,Metallica,259800,39,3.29e-05,0.247,0.921,0.00667,6.0,0.989,-4.697,1.0,0.0618,99.594,0.35,F# Mayor,5.0
451416cc-f3c9-4717-9404-528f181be834,Battery - Live,59a502c0-22be-4971-beb5-3e6430eea38e,S&M,2ddc2ff5-92ff-4fa5-be9f-1862cb40f476,Metallica,444666,37,8.63e-05,0.243,0.977,0.288,11.0,0.96,-5.274,1.0,0.32,96.59,0.118,B Mayor,5.0
cc5ea42a-929b-4e9f-8db2-7e8ae546f120,One - Live,59a502c0-22be-4971-beb5-3e6430eea38e,S&M,2ddc2ff5-92ff-4fa5-be9f-1862cb40f476,Metallica,473066,40,6.72e-06,0.291,0.948,0.271,10.0,0.992,-5.713,0.0,0.124,123.76,0.267,Bb Menor,5.0
b60c06c2-f289-4e08-8dd3-e4d57a88d0aa,Fuel - Live,59a502c0-22be-4971-beb5-3e6430eea38e,S&M,2ddc2ff5-92ff-4fa5-be9f-1862cb40f476,Metallica,275706,42,1.76e-05,0.292,0.989,0.000196,1.0,0.702,-4.061,1.0,0.172,115.573,0.157,Db Mayor,5.0
57f9fb39-71fc-40bb-9161-7268d563d12b,Bleeding Me - Live,59a502c0-22be-4971-beb5-3e6430eea38e,S&M,2ddc2ff5-92ff-4fa5-be9f-1862cb40f476,Metallica,541626,40,6.44e-05,0.281,0.91,6.58e-05,1.0,0.978,-5.003,1.0,0.0583,114.344,0.314,Db Mayor,5.0
010399fd-0ca1-4fe4-b1bf-bfbe242b5e9e,The Call Of Ktulu - Live,59a502c0-22be-4971-beb5-3e6430eea38e,S&M,2ddc2ff5-92ff-4fa5-be9f-1862cb40f476,Metallica,574266,42,3.53e-05,0.286,0.941,0.896,1.0,0.429,-5.137,0.0,0.0554,132.023,0.0986,C# Menor,4.0
aaeb2f01-e16a-4774-b5d0-3160160ad60d,Orion - Live,a40bad03-410e-4a3e-b1f8-dacedd91f887,Metallica Through The Never (Music From The Motion Picture),2ddc2ff5-92ff-4fa5-be9f-1862cb40f476,Metallica,506866,37,0.00124,0.29,0.76,0.924,8.0,0.0544,-8.37,1.0,0.0427,166.573,0.477,Ab Mayor,4.0
880f1888-4b19-4ebd-8723-b166fb238b33,The Memory Remains - Live,a40bad03-410e-4a3e-b1f8-dacedd91f887,Metallica Through The Never (Music From The Motion Picture),2ddc2ff5-92ff-4fa5-be9f-1862cb40f476,Metallica,342800,34,0.00422,0.289,0.887,4.09e-05,1.0,0.875,-7.15,1.0,0.0679,81.819,0.194,Db Mayor,5.0
7049d401-52a4-43dc-b47d-3336ce5c9556,For Whom The Bell Tolls - Live,a40bad03-410e-4a3e-b1f8-dacedd91f887,Metallica Through The Never (Music From The Motion Picture),2ddc2ff5-92ff-4fa5-be9f-1862cb40f476,Metallica,279506,38,0.000198,0.329,0.912,0.0238,10.0,0.739,-7.796,0.0,0.094,137.924,0.251,Bb Menor,5.0
e396dac1-b767-4afa-9653-88c1868707ff,Battery - Live,a40bad03-410e-4a3e-b1f8-dacedd91f887,Metallica Through The Never (Music From The Motion Picture),2ddc2ff5-92ff-4fa5-be9f-1862cb40f476,Metallica,313586,32,0.000157,0.341,0.982,0.00246,8.0,0.412,-6.925,1.0,0.126,101.51,0.0833,Ab Mayor,4.0
ee86b0d3-d55c-4cf4-ad33-e90ae1c85899,Fuel - Live,a40bad03-410e-4a3e-b1f8-dacedd91f887,Metallica Through The Never (Music From The Motion Picture),2ddc2ff5-92ff-4fa5-be9f-1862cb40f476,Metallica,237426,36,3.71e-05,0.264,0.942,0.000178,1.0,0.951,-6.936,1.0,0.066,126.268,0.248,Db Mayor,5.0
14694aae-ca3f-4873-8a27-7d1b081e6a6b,Creeping Death - Live,a40bad03-410e-4a3e-b1f8-dacedd91f887,Metallica Through The Never (Music From The Motion Picture),2ddc2ff5-92ff-4fa5-be9f-1862cb40f476,Metallica,379013,37,3.46e-05,0.296,0.953,0.053,1.0,0.364,-7.456,1.0,0.103,121.442,0.202,Db Mayor,5.0
ec010269-cd02-4f49-b7a2-6bf5c8879319,Wherever I May Roam - Live,a40bad03-410e-4a3e-b1f8-dacedd91f887,Metallica Through The Never (Music From The Motion Picture),2ddc2ff5-92ff-4fa5-be9f-1862cb40f476,Metallica,378280,33,0.00037,0.318,0.921,0.00282,4.0,0.924,-5.793,1.0,0.0546,145.103,0.239,E Mayor,4.0
d0a1964a-c8eb-40cf-b68e-f15246808d4b,One - Live,a40bad03-410e-4a3e-b1f8-dacedd91f887,Metallica Through The Never (Music From The Motion Picture),2ddc2ff5-92ff-4fa5-be9f-1862cb40f476,Metallica,504573,36,0.000586,0.355,0.91,0.295,10.0,0.877,-9.655,0.0,0.11,131.185,0.147,Bb Menor,5.0
bb7216cb-4f81-4323-ab24-eda06167517c,Cyanide - Live,a40bad03-410e-4a3e-b1f8-dacedd91f887,Metallica Through The Never (Music From The Motion Picture),2ddc2ff5-92ff-4fa5-be9f-1862cb40f476,Metallica,421426,30,6.93e-05,0.295,0.933,0.0155,10.0,0.938,-6.966,0.0,0.0598,140.476,0.248,Bb Menor,5.0
d3e9c72d-3484-41a7-82f6-bc37c05e01f1,Ride The Lightning - Live,a40bad03-410e-4a3e-b1f8-dacedd91f887,Metallica Through The Never (Music From The Motion Picture),2ddc2ff5-92ff-4fa5-be9f-1862cb40f476,Metallica,414306,34,0.000105,0.277,0.933,0.105,1.0,0.952,-8.073,1.0,0.0565,153.551,0.366,Db Mayor,5.0
cc9d4a2e-108a-49ed-81b4-f4143f768135,Enter Sandman - Live,a40bad03-410e-4a3e-b1f8-dacedd91f887,Metallica Through The Never (Music From The Motion Picture),2ddc2ff5-92ff-4fa5-be9f-1862cb40f476,Metallica,381666,35,0.00265,0.323,0.914,0.000381,1.0,0.953,-7.349,1.0,0.0891,139.058,0.185,Db Mayor,5.0
d0fc8dcf-f894-4b1b-b08e-cd94fd436880,...And Justice For All - Live,a40bad03-410e-4a3e-b1f8-dacedd91f887,Metallica Through The Never (Music From The Motion Picture),2ddc2ff5-92ff-4fa5-be9f-1862cb40f476,Metallica,557733,32,4.88e-05,0.368,0.898,0.0931,1.0,0.956,-7.376,1.0,0.0397,95.023,0.308,Db Mayor,5.0
1e657894-d239-48fd-ad5f-afcd5de0aafb,Master Of Puppets - Live,a40bad03-410e-4a3e-b1f8-dacedd91f887,Metallica Through The Never (Music From The Motion Picture),2ddc2ff5-92ff-4fa5-be9f-1862cb40f476,Metallica,505360,40,4.95e-05,0.326,0.947,0.0174,1.0,0.965,-7.177,1.0,0.0612,116.188,0.283,Db Mayor,5.0
970e935c-af90-41b2-88c6-a19e1a7b47f3,Hit The Lights - Live,a40bad03-410e-4a3e-b1f8-dacedd91f887,Metallica Through The Never (Music From The Motion Picture),2ddc2ff5-92ff-4fa5-be9f-1862cb40f476,Metallica,279866,29,3.96e-05,0.231,0.908,0.0626,1.0,0.89,-7.77,1.0,0.0772,166.523,0.429,Db Mayor,5.0
71d40207-9c38-4ea3-887d-7df2bfd0dc1f,Nothing Else Matters - Live,a40bad03-410e-4a3e-b1f8-dacedd91f887,Metallica Through The Never (Music From The Motion Picture),2ddc2ff5-92ff-4fa5-be9f-1862cb40f476,Metallica,441960,36,0.0723,0.265,0.658,0.00113,3.0,0.659,-6.855,0.0,0.0314,163.236,0.06,D# Menor,5.0
b350af60-0b17-426f-8922-c520fa9e2188,Fixxxer,ac4091ca-6d04-4e11-a1b3-919735adcbd9,Reload,2ddc2ff5-92ff-4fa5-be9f-1862cb40f476,Metallica,495226,8,0.000155,0.477,0.713,0.000188,1.0,0.0631,-8.482,1.0,0.0399,132.85,0.398,Db Mayor,5.0
1065f142-fba2-459f-9585-6a9e9239d813,Carpe Diem Baby,ac4091ca-6d04-4e11-a1b3-919735adcbd9,Reload,2ddc2ff5-92ff-4fa5-be9f-1862cb40f476,Metallica,372400,6,1.28e-05,0.386,0.748,0.0632,3.0,0.131,-9.175,0.0,0.033,142.294,0.541,D# Menor,5.0
81c5ee5d-bfda-4342-a7e9-446ee687b3fa,The Memory Remains,ac4091ca-6d04-4e11-a1b3-919735adcbd9,Reload,2ddc2ff5-92ff-4fa5-be9f-1862cb40f476,Metallica,279333,15,0.000339,0.431,0.807,0.00744,10.0,0.256,-7.658,0.0,0.0382,144.383,0.589,Bb Menor,5.0
cb6e4b22-f633-4fc2-80c3-f3dea62433b2,The Unforgiven II,ac4091ca-6d04-4e11-a1b3-919735adcbd9,Reload,2ddc2ff5-92ff-4fa5-be9f-1862cb40f476,Metallica,396213,14,0.000628,0.498,0.801,0.00122,8.0,0.264,-8.522,0.0,0.0427,133.216,0.237,G# Menor,5.0
7fc5e98e-802f-4cd0-b161-12601fd44fef,Better Than You,ac4091ca-6d04-4e11-a1b3-919735adcbd9,Reload,2ddc2ff5-92ff-4fa5-be9f-1862cb40f476,Metallica,321826,8,3.43e-05,0.437,0.911,0.564,1.0,0.911,-9.295,1.0,0.047,156.476,0.504,Db Mayor,5.0
8d8aaa0a-3b7d-456d-a241-9ca73896a530,Where The Wild Things Are,ac4091ca-6d04-4e11-a1b3-919735adcbd9,Reload,2ddc2ff5-92ff-4fa5-be9f-1862cb40f476,Metallica,414226,6,0.000456,0.451,0.79,0.0113,11.0,0.0974,-8.697,1.0,0.0422,92.27,0.171,B Mayor,5.0
1a6720ea-2d87-4c89-a2ff-a7f979efb8b8,Prince Charming,ac4091ca-6d04-4e11-a1b3-919735adcbd9,Reload,2ddc2ff5-92ff-4fa5-be9f-1862cb40f476,Metallica,365000,5,2.44e-05,0.545,0.942,0.000936,3.0,0.0343,-7.511,0.0,0.0414,99.835,0.525,D# Menor,5.0
fa87b142-064b-493e-b017-d58bed11f89a,Fuel,ac4091ca-6d04-4e11-a1b3-919735adcbd9,Reload,2ddc2ff5-92ff-4fa5-be9f-1862cb40f476,Metallica,268596,31,2.35e-05,0.5,0.926,0.0035,11.0,0.0377,-6.619,0.0,0.0571,109.152,0.46,B Menor,2.0
4645f82f-9835-406b-946a-d7f76805e756,Devil's Dance,ac4091ca-6d04-4e11-a1b3-919735adcbd9,Reload,2ddc2ff5-92ff-4fa5-be9f-1862cb40f476,Metallica,319000,9,4.49e-05,0.614,0.691,0.144,0.0,0.0619,-8.711,0.0,0.028,92.621,0.538,C Menor,3.0
c8ced579-4777-45f5-995d-f0665a2d0d4c,Bad Seed,ac4091ca-6d04-4e11-a1b3-919735adcbd9,Reload,2ddc2ff5-92ff-4fa5-be9f-1862cb40f476,Metallica,245333,6,3.66e-05,0.549,0.883,0.0164,6.0,0.242,-8.093,1.0,0.0392,126.909,0.74,F# Mayor,5.0
bd85c042-02b4-4718-bb78-cb183397a707,Slither,ac4091ca-6d04-4e11-a1b3-919735adcbd9,Reload,2ddc2ff5-92ff-4fa5-be9f-1862cb40f476,Metallica,313000,5,3.13e-05,0.505,0.746,0.0129,8.0,0.23,-7.755,1.0,0.0314,110.392,0.538,Ab Mayor,4.0
bfe39fb3-5033-4334-9d94-855b03b55c0d,Low Man's Lyric,ac4091ca-6d04-4e11-a1b3-919735adcbd9,Reload,2ddc2ff5-92ff-4fa5-be9f-1862cb40f476,Metallica,457400,11,0.00353,0.458,0.562,6.85e-05,1.0,0.357,-10.072,1.0,0.0277,130.965,0.183,Db Mayor,5.0
e40f0235-7926-47ea-9d1e-d204acbf7ff0,Attitude,ac4091ca-6d04-4e11-a1b3-919735adcbd9,Reload,2ddc2ff5-92ff-4fa5-be9f-1862cb40f476,Metallica,316333,4,1.38e-05,0.466,0.936,0.00312,1.0,0.342,-8.253,1.0,0.0407,155.425,0.598,Db Mayor,5.0
df46a669-62e6-463a-9bde-3dc67a5bfa1e,"Damage, Inc. - Live",9cd44da7-da3b-4d7b-97bb-234463172ede,Some Kind Of Monster,2ddc2ff5-92ff-4fa5-be9f-1862cb40f476,Metallica,299238,19,7.06e-05,0.32,0.979,0.0313,10.0,0.853,-3.418,0.0,0.0607,98.362,0.336,Bb Menor,5.0
a4a24486-3150-463f-aadc-8f8e476a182a,Some Kind Of Monster - Edit,9cd44da7-da3b-4d7b-97bb-234463172ede,Some Kind Of Monster,2ddc2ff5-92ff-4fa5-be9f-1862cb40f476,Metallica,256798,29,0.000183,0.405,0.893,0.00529,0.0,0.121,-3.453,1.0,0.0715,104.882,0.439,C Mayor,0.0
daf78e3a-e957-46c3-9831-a263ece440a2,Leper Messiah - Live,9cd44da7-da3b-4d7b-97bb-234463172ede,Some Kind Of Monster,2ddc2ff5-92ff-4fa5-be9f-1862cb40f476,Metallica,355678,20,6.37e-05,0.367,0.973,0.0157,1.0,0.832,-3.091,1.0,0.057,139.929,0.428,Db Mayor,5.0
d2503e94-b7ba-4f9a-b7c7-d0f8aa6832fd,Ride The Lightning - Live,9cd44da7-da3b-4d7b-97bb-234463172ede,Some Kind Of Monster,2ddc2ff5-92ff-4fa5-be9f-1862cb40f476,Metallica,400918,19,3.15e-05,0.286,0.988,0.184,10.0,0.97,-2.91,0.0,0.0562,151.126,0.54,Bb Menor,5.0
092baaae-cd12-413e-9fcd-1ebaeca5a401,The Four Horsemen - Live,9cd44da7-da3b-4d7b-97bb-234463172ede,Some Kind Of Monster,2ddc2ff5-92ff-4fa5-be9f-1862cb40f476,Metallica,320585,21,7.67e-05,0.319,0.987,0.00617,8.0,0.351,-3.069,1.0,0.0577,110.84,0.319,Ab Mayor,4.0
cb698083-505e-4d57-a675-50966970a04d,Hit The Lights - Live,9cd44da7-da3b-4d7b-97bb-234463172ede,Some Kind Of Monster,2ddc2ff5-92ff-4fa5-be9f-1862cb40f476,Metallica,252358,17,0.000104,0.252,0.993,0.197,1.0,0.904,-2.618,1.0,0.15,169.31,0.332,Db Mayor,5.0
c2afb762-81f2-4544-ad07-f14a5814714b,Some Kind Of Monster,9cd44da7-da3b-4d7b-97bb-234463172ede,Some Kind Of Monster,2ddc2ff5-92ff-4fa5-be9f-1862cb40f476,Metallica,505705,27,0.000487,0.339,0.937,0.197,5.0,0.178,-5.248,1.0,0.053,106.981,0.633,F Mayor,1.0
1764060e-091d-40d7-b189-44a14f2bc3a3,Motorbreath - Live,9cd44da7-da3b-4d7b-97bb-234463172ede,Some Kind Of Monster,2ddc2ff5-92ff-4fa5-be9f-1862cb40f476,Metallica,199932,19,0.000786,0.316,0.994,0.000437,10.0,0.516,-2.727,0.0,0.104,101.203,0.354,Bb Menor,5.0
60a7b07e-9c33-4222-8fb5-261116ac4e25,Whiplash,e8940ec3-1864-47f8-b164-dd4c45a6d70f,Kill 'Em All,2ddc2ff5-92ff-4fa5-be9f-1862cb40f476,Metallica,248573,0,0.000596,0.37,0.883,0.425,11.0,0.143,-10.45,1.0,0.112,157.759,0.198,B Mayor,5.0
64d6fe7a-de5d-42f4-a392-4ba91db3829e,Metal Militia,e8940ec3-1864-47f8-b164-dd4c45a6d70f,Kill 'Em All,2ddc2ff5-92ff-4fa5-be9f-1862cb40f476,Metallica,307153,0,3.83e-05,0.281,0.942,0.0347,9.0,0.269,-9.646,1.0,0.0838,87.748,0.19,A Mayor,3.0
674a104f-f0de-497f-81d8-59f0870173c9,Jump In The Fire,e8940ec3-1864-47f8-b164-dd4c45a6d70f,Kill 'Em All,2ddc2ff5-92ff-4fa5-be9f-1862cb40f476,Metallica,280093,0,0.0057,0.278,0.897,0.00599,5.0,0.385,-9.621,1.0,0.0755,178.823,0.597,F Mayor,1.0
d85ab692-ab56-4e66-a225-22db090d16a2,The Four Horsemen,e8940ec3-1864-47f8-b164-dd4c45a6d70f,Kill 'Em All,2ddc2ff5-92ff-4fa5-be9f-1862cb40f476,Metallica,430986,0,0.000348,0.309,0.88,0.0565,4.0,0.117,-10.672,0.0,0.0845,102.389,0.306,E Menor,1.0
356b5cfe-fb81-4e1a-9671-1c1349152399,Seek & Destroy,e8940ec3-1864-47f8-b164-dd4c45a6d70f,Kill 'Em All,2ddc2ff5-92ff-4fa5-be9f-1862cb40f476,Metallica,412000,0,0.0207,0.441,0.896,0.017,9.0,0.111,-10.997,1.0,0.245,140.618,0.414,A Mayor,3.0
814933c5-60ee-4d2e-add5-14bdba632993,No Remorse,e8940ec3-1864-47f8-b164-dd4c45a6d70f,Kill 'Em All,2ddc2ff5-92ff-4fa5-be9f-1862cb40f476,Metallica,383906,0,0.000265,0.299,0.874,0.491,4.0,0.38,-10.248,0.0,0.148,96.279,0.366,E Menor,1.0
0286e820-95ea-454b-a868-38be9f925ef2,Bad Seed,9f16a08f-cf0f-4404-8774-d4bdad80265b,Reload,2ddc2ff5-92ff-4fa5-be9f-1862cb40f476,Metallica,245333,39,2.44e-05,0.532,0.952,0.0111,6.0,0.332,-4.191,1.0,0.0424,126.917,0.727,F# Mayor,5.0
e3add558-7234-4f09-bcb8-ca8ec535efc0,Slither,9f16a08f-cf0f-4404-8774-d4bdad80265b,Reload,2ddc2ff5-92ff-4fa5-be9f-1862cb40f476,Metallica,313200,38,3.7e-05,0.509,0.851,0.00882,8.0,0.154,-3.84,1.0,0.0345,110.364,0.546,Ab Mayor,4.0
0d82244a-8915-4aba-8284-69502ce3a5a5,Where The Wild Things Are,9f16a08f-cf0f-4404-8774-d4bdad80265b,Reload,2ddc2ff5-92ff-4fa5-be9f-1862cb40f476,Metallica,412960,37,0.000352,0.456,0.887,0.0211,11.0,0.0832,-4.788,1.0,0.0472,92.193,0.152,B Mayor,5.0
00b80c65-422f-466a-9062-de585e522d19,Devil's Dance,9f16a08f-cf0f-4404-8774-d4bdad80265b,Reload,2ddc2ff5-92ff-4fa5-be9f-1862cb40f476,Metallica,318960,46,4.04e-05,0.611,0.792,0.146,0.0,0.0587,-4.836,0.0,0.0327,92.609,0.477,C Menor,3.0
833c4738-6a80-4306-8a78-52436669cd2d,Attitude,9f16a08f-cf0f-4404-8774-d4bdad80265b,Reload,2ddc2ff5-92ff-4fa5-be9f-1862cb40f476,Metallica,316533,36,1.22e-05,0.458,0.974,0.00398,1.0,0.328,-4.35,1.0,0.0538,155.445,0.614,Db Mayor,5.0
80e26edb-5cca-4708-a22f-ceb26c2cf119,Carpe Diem Baby,9f16a08f-cf0f-4404-8774-d4bdad80265b,Reload,2ddc2ff5-92ff-4fa5-be9f-1862cb40f476,Metallica,372200,41,1.12e-05,0.394,0.865,0.104,3.0,0.182,-5.338,0.0,0.0341,142.77,0.515,D# Menor,5.0
ad1811ed-3c91-49bb-8bbd-a37aec4f3d33,Fixxxer,9f16a08f-cf0f-4404-8774-d4bdad80265b,Reload,2ddc2ff5-92ff-4fa5-be9f-1862cb40f476,Metallica,494773,39,0.000143,0.484,0.836,0.000507,1.0,0.055,-4.658,1.0,0.0438,132.937,0.403,Db Mayor,5.0
0c5a665a-ff4d-483c-a5ae-fbafc5132a52,Prince Charming,9f16a08f-cf0f-4404-8774-d4bdad80265b,Reload,2ddc2ff5-92ff-4fa5-be9f-1862cb40f476,Metallica,365093,38,1.89e-05,0.54,0.978,0.000661,3.0,0.0352,-3.687,0.0,0.0488,99.827,0.453,D# Menor,5.0
9982af7e-1bd3-457f-b340-a25e1ccb2f9d,Better Than You,9f16a08f-cf0f-4404-8774-d4bdad80265b,Reload,2ddc2ff5-92ff-4fa5-be9f-1862cb40f476,Metallica,321600,39,3.87e-05,0.43,0.964,0.476,1.0,0.896,-5.465,1.0,0.0566,156.59,0.443,Db Mayor,5.0
4541ed34-49db-4099-84b9-af840e0e3917,Fuel,9f16a08f-cf0f-4404-8774-d4bdad80265b,Reload,2ddc2ff5-92ff-4fa5-be9f-1862cb40f476,Metallica,269800,67,2.02e-05,0.49,0.951,0.0027,1.0,0.0314,-3.777,1.0,0.0477,106.946,0.589,Db Mayor,5.0
8d98c264-a1b2-4d97-891a-828171658faa,The Unforgiven II,9f16a08f-cf0f-4404-8774-d4bdad80265b,Reload,2ddc2ff5-92ff-4fa5-be9f-1862cb40f476,Metallica,396440,63,0.00055,0.497,0.89,0.00129,8.0,0.255,-4.559,0.0,0.0445,133.047,0.249,G# Menor,5.0
a4e4acc3-70f8-42bc-95a4-3d06cd51e246,The Memory Remains,9f16a08f-cf0f-4404-8774-d4bdad80265b,Reload,2ddc2ff5-92ff-4fa5-be9f-1862cb40f476,Metallica,279173,60,0.000303,0.435,0.901,0.0072,10.0,0.185,-3.694,0.0,0.0429,143.646,0.547,Bb Menor,5.0
ce45a894-67a8-456f-b26f-280652732560,Low Man's Lyric,9f16a08f-cf0f-4404-8774-d4bdad80265b,Reload,2ddc2ff5-92ff-4fa5-be9f-1862cb40f476,Metallica,456226,43,0.00273,0.463,0.685,0.00029,1.0,0.364,-6.126,1.0,0.0271,130.898,0.151,Db Mayor,5.0
b3e02604-9b7d-46df-af60-2ec14b7681ca,Worldwired To Self-Destruct,0e0d2a17-31a4-4472-be62-886eb9fc9518,Metal Talks Episode 25: Metallica,2ddc2ff5-92ff-4fa5-be9f-1862cb40f476,Metallica,70687,0,0.693,0.77,0.13,0.0,1.0,0.142,-20.914,1.0,0.946,48.422,0.661,Db Mayor,5.0
cbaf1f3e-f367-41d7-a721-24c44dc42368,Most Important,0e0d2a17-31a4-4472-be62-886eb9fc9518,Metal Talks Episode 25: Metallica,2ddc2ff5-92ff-4fa5-be9f-1862cb40f476,Metallica,31259,0,0.494,0.803,0.0554,0.0,3.0,0.145,-19.17,1.0,0.454,112.13,0.653,Eb Mayor,3.0
25ea85cf-4003-462e-96e1-db87ecb543d1,The Black Album,0e0d2a17-31a4-4472-be62-886eb9fc9518,Metal Talks Episode 25: Metallica,2ddc2ff5-92ff-4fa5-be9f-1862cb40f476,Metallica,92914,3,0.769,0.725,0.142,0.0,8.0,0.113,-21.458,1.0,0.91,110.911,0.76,Ab Mayor,4.0
d0379c72-94c4-45fb-a3f7-84fe5021d7bf,Recording,0e0d2a17-31a4-4472-be62-886eb9fc9518,Metal Talks Episode 25: Metallica,2ddc2ff5-92ff-4fa5-be9f-1862cb40f476,Metallica,172125,0,0.529,0.719,0.129,0.0,1.0,0.155,-20.592,1.0,0.936,105.08,0.431,Db Mayor,5.0
ae4008f8-484e-4f50-b137-b8c7e5ed85fe,Explorers,0e0d2a17-31a4-4472-be62-886eb9fc9518,Metal Talks Episode 25: Metallica,2ddc2ff5-92ff-4fa5-be9f-1862cb40f476,Metallica,122113,0,0.57,0.68,0.122,0.0,3.0,0.187,-21.445,1.0,0.887,95.577,0.594,Eb Mayor,3.0
aedc9b0c-f3b9-4b2f-8b79-45204bd34515,Touring Beast,0e0d2a17-31a4-4472-be62-886eb9fc9518,Metal Talks Episode 25: Metallica,2ddc2ff5-92ff-4fa5-be9f-1862cb40f476,Metallica,147934,0,0.601,0.709,0.151,0.0,0.0,0.177,-19.964,1.0,0.936,132.488,0.534,C Mayor,0.0
26317f00-ac7a-4381-9e35-5e044e9a2971,Cliff,0e0d2a17-31a4-4472-be62-886eb9fc9518,Metal Talks Episode 25: Metallica,2ddc2ff5-92ff-4fa5-be9f-1862cb40f476,Metallica,225605,0,0.691,0.715,0.125,0.0,1.0,0.322,-20.631,1.0,0.949,102.707,0.463,Db Mayor,5.0
d64271a8-0ea4-42ca-a048-b81a77642586,Signing Off,0e0d2a17-31a4-4472-be62-886eb9fc9518,Metal Talks Episode 25: Metallica,2ddc2ff5-92ff-4fa5-be9f-1862cb40f476,Metallica,19179,0,0.737,0.524,0.125,0.0,2.0,0.6,-13.927,0.0,0.306,175.621,0.895,D Menor,1.0
faa2e39e-9c44-4b70-bdf1-e51f1d09d2a7,Meeting Lars,0e0d2a17-31a4-4472-be62-886eb9fc9518,Metal Talks Episode 25: Metallica,2ddc2ff5-92ff-4fa5-be9f-1862cb40f476,Metallica,218598,0,0.718,0.715,0.135,0.0,9.0,0.14,-20.152,1.0,0.945,111.743,0.61,A Mayor,3.0
125ffcc5-511d-4990-881b-6e133760b47e,Permission To Screw Up,0e0d2a17-31a4-4472-be62-886eb9fc9518,Metal Talks Episode 25: Metallica,2ddc2ff5-92ff-4fa5-be9f-1862cb40f476,Metallica,116633,0,0.569,0.718,0.159,0.0,11.0,0.149,-19.733,0.0,0.915,115.931,0.489,B Menor,2.0
02c88762-f6da-4b40-8b3f-b25a6a9a6233,800 Riffs,0e0d2a17-31a4-4472-be62-886eb9fc9518,Metal Talks Episode 25: Metallica,2ddc2ff5-92ff-4fa5-be9f-1862cb40f476,Metallica,105025,0,0.665,0.715,0.166,0.0,7.0,0.123,-20.278,0.0,0.951,114.258,0.568,G Menor,2.0
1726a995-5900-4245-b905-063492dd6072,All Sides,0e0d2a17-31a4-4472-be62-886eb9fc9518,Metal Talks Episode 25: Metallica,2ddc2ff5-92ff-4fa5-be9f-1862cb40f476,Metallica,80676,0,0.622,0.698,0.183,0.0,1.0,0.118,-21.082,1.0,0.945,78.523,0.557,Db Mayor,5.0
2f5d0f1b-6121-49fe-9a9c-54044f40e0f3,Great Team,0e0d2a17-31a4-4472-be62-886eb9fc9518,Metal Talks Episode 25: Metallica,2ddc2ff5-92ff-4fa5-be9f-1862cb40f476,Metallica,333868,0,0.63,0.705,0.179,0.0,1.0,0.2,-18.964,1.0,0.952,105.992,0.501,Db Mayor,5.0
5d0332b2-6c36-428b-94a2-c6a11e45ebd0,The Guy In Metallica,0e0d2a17-31a4-4472-be62-886eb9fc9518,Metal Talks Episode 25: Metallica,2ddc2ff5-92ff-4fa5-be9f-1862cb40f476,Metallica,179188,0,0.586,0.767,0.137,0.0,2.0,0.301,-21.44,1.0,0.949,61.424,0.54,D Mayor,2.0
2ef58774-b7f0-42c4-a0e0-bda811d7a6a9,Man And His Time On This Planet,0e0d2a17-31a4-4472-be62-886eb9fc9518,Metal Talks Episode 25: Metallica,2ddc2ff5-92ff-4fa5-be9f-1862cb40f476,Metallica,85057,0,0.763,0.632,0.176,0.0,1.0,0.34,-19.373,1.0,0.938,81.757,0.761,Db Mayor,5.0
1c4b6c4e-78bf-4abc-8c92-6bf7719afa8b,New Energy,0e0d2a17-31a4-4472-be62-886eb9fc9518,Metal Talks Episode 25: Metallica,2ddc2ff5-92ff-4fa5-be9f-1862cb40f476,Metallica,132246,0,0.55,0.634,0.193,0.0,7.0,0.31,-18.685,0.0,0.96,166.706,0.581,G Menor,2.0
dc96ad2d-9e9d-4f3a-8e45-525af9371d01,Signing Off - Alternative Version,0e0d2a17-31a4-4472-be62-886eb9fc9518,Metal Talks Episode 25: Metallica,2ddc2ff5-92ff-4fa5-be9f-1862cb40f476,Metallica,16335,0,0.699,0.68,0.162,0.0,9.0,0.137,-15.691,0.0,0.933,95.231,0.914,A Menor,0.0
9897bda1-fd0e-41d5-9227-8927e771fdc3,Puppetz,0e0d2a17-31a4-4472-be62-886eb9fc9518,Metal Talks Episode 25: Metallica,2ddc2ff5-92ff-4fa5-be9f-1862cb40f476,Metallica,60772,0,0.668,0.773,0.142,0.0,0.0,0.144,-20.868,0.0,0.935,86.019,0.539,C Menor,3.0
c6149cc3-f511-45b3-bc9d-f7cdb841724e,Have We Extended Our Stay?,0e0d2a17-31a4-4472-be62-886eb9fc9518,Metal Talks Episode 25: Metallica,2ddc2ff5-92ff-4fa5-be9f-1862cb40f476,Metallica,169283,0,0.471,0.752,0.172,0.0,1.0,0.133,-21.189,1.0,0.944,101.375,0.5,Db Mayor,5.0
e3dbc3cb-ce6a-46e9-86ae-b18fa6782028,Intro By James Hetfield,0e0d2a17-31a4-4472-be62-886eb9fc9518,Metal Talks Episode 25: Metallica,2ddc2ff5-92ff-4fa5-be9f-1862cb40f476,Metallica,15673,0,0.293,0.635,0.634,1.71e-06,10.0,0.154,-13.3,0.0,0.651,144.462,0.744,Bb Menor,5.0
add7971b-880e-428b-8d8c-f1ebf81c057e,No Remorse,87fe6a21-ce1d-4340-bb80-b98f953093c9,Kill 'Em All,2ddc2ff5-92ff-4fa5-be9f-1862cb40f476,Metallica,383906,0,0.000354,0.303,0.865,0.545,4.0,0.386,-10.16,0.0,0.185,96.042,0.366,E Menor,1.0
169f0f97-f98e-40d9-ba70-c256c52a777f,Jump In The Fire,87fe6a21-ce1d-4340-bb80-b98f953093c9,Kill 'Em All,2ddc2ff5-92ff-4fa5-be9f-1862cb40f476,Metallica,280093,0,0.0076,0.281,0.895,0.00621,5.0,0.394,-9.557,1.0,0.0897,178.825,0.566,F Mayor,1.0
5cc36512-0ca5-44ff-989e-7459b78ca69a,Metal Militia,87fe6a21-ce1d-4340-bb80-b98f953093c9,Kill 'Em All,2ddc2ff5-92ff-4fa5-be9f-1862cb40f476,Metallica,311226,0,3.95e-05,0.322,0.941,0.026,2.0,0.162,-9.695,1.0,0.0866,87.532,0.197,D Mayor,2.0
6b4a79df-6357-4920-83ce-1b201c045523,Seek & Destroy,87fe6a21-ce1d-4340-bb80-b98f953093c9,Kill 'Em All,2ddc2ff5-92ff-4fa5-be9f-1862cb40f476,Metallica,412000,0,0.0232,0.438,0.892,0.0119,9.0,0.198,-10.852,1.0,0.228,140.553,0.426,A Mayor,3.0
6e59cc42-685a-4df0-90c1-c96e84809e0a,Whiplash,87fe6a21-ce1d-4340-bb80-b98f953093c9,Kill 'Em All,2ddc2ff5-92ff-4fa5-be9f-1862cb40f476,Metallica,248573,0,0.000537,0.369,0.877,0.448,9.0,0.233,-10.415,1.0,0.105,157.799,0.224,A Mayor,3.0
17a5c0e2-8a15-441b-a3ce-88abfd37431a,The Four Horsemen,87fe6a21-ce1d-4340-bb80-b98f953093c9,Kill 'Em All,2ddc2ff5-92ff-4fa5-be9f-1862cb40f476,Metallica,430986,0,0.000379,0.225,0.878,0.086,0.0,0.101,-10.559,1.0,0.152,204.975,0.312,C Mayor,0.0
78fc7511-0c71-4a26-905a-6709d67aac7f,Damage inc.,bb248f53-e5f2-4119-9d24-43918af28c70,The blackest album,2ddc2ff5-92ff-4fa5-be9f-1862cb40f476,Metallica,280497,0,0.000743,0.577,0.907,0.532,2.0,0.429,-5.37,1.0,0.0361,117.995,0.345,D Mayor,2.0
a8e1ae1e-69a6-47b5-88a0-0f798cea92e3,"thing that should not be (Back in Black mix), The",bb248f53-e5f2-4119-9d24-43918af28c70,The blackest album,2ddc2ff5-92ff-4fa5-be9f-1862cb40f476,Metallica,300326,0,0.0123,0.575,0.966,0.0175,9.0,0.117,-6.264,1.0,0.0976,109.994,0.0702,A Mayor,3.0
edf429be-525d-420c-b3a9-68bd70071254,For whom the bell tolls,bb248f53-e5f2-4119-9d24-43918af28c70,The blackest album,2ddc2ff5-92ff-4fa5-be9f-1862cb40f476,Metallica,299816,0,8.19e-05,0.659,0.923,0.891,1.0,0.0979,-6.964,1.0,0.0382,104.144,0.244,Db Mayor,5.0
eada68a8-effe-4d1c-aeb7-a20c72cd0a0e,Master of puppets,bb248f53-e5f2-4119-9d24-43918af28c70,The blackest album,2ddc2ff5-92ff-4fa5-be9f-1862cb40f476,Metallica,246920,0,0.0271,0.59,0.981,0.865,0.0,0.0597,-4.135,1.0,0.181,90.985,0.272,C Mayor,0.0
97927064-c5a9-483c-89dd-aba5a6dbff07,Fade To Black,adaa5537-d64c-4f4a-a9ab-bd90be49481e,Ride The Lightning,2ddc2ff5-92ff-4fa5-be9f-1862cb40f476,Metallica,413906,0,0.0479,0.262,0.727,0.135,2.0,0.0908,-11.544,1.0,0.0647,113.513,0.484,D Mayor,2.0
8e52a830-4b39-4896-8b0a-64eff92497a1,Fade To Black,7247bd9d-1176-4f72-b0e0-437636659b5b,Ride The Lightning,2ddc2ff5-92ff-4fa5-be9f-1862cb40f476,Metallica,413906,0,0.0703,0.262,0.735,0.129,2.0,0.103,-11.369,1.0,0.069,113.567,0.508,D Mayor,2.0
593b253d-ca52-4bad-9e85-8718a75e21e9,For Whom The Bell Tolls - Live,4abfd975-7af8-408a-b759-3d2405808b0a,Ride The Lightning,2ddc2ff5-92ff-4fa5-be9f-1862cb40f476,Metallica,334986,0,0.0116,0.32,0.887,0.00249,4.0,0.693,-10.221,1.0,0.088,124.072,0.098,E Mayor,4.0
73b4cef2-ad63-4491-a758-a5f05e6b1ba9,Fade To Black,4abfd975-7af8-408a-b759-3d2405808b0a,Ride The Lightning,2ddc2ff5-92ff-4fa5-be9f-1862cb40f476,Metallica,415186,0,0.0678,0.262,0.734,0.0941,2.0,0.106,-11.506,1.0,0.0648,113.456,0.478,D Mayor,2.0
b4fa6184-5b25-48ed-91c0-e9d379809a54,Creeping Death - Live,4abfd975-7af8-408a-b759-3d2405808b0a,Ride The Lightning,2ddc2ff5-92ff-4fa5-be9f-1862cb40f476,Metallica,492120,0,0.00747,0.326,0.913,0.0321,9.0,0.504,-10.254,1.0,0.0697,115.257,0.205,A Mayor,3.0
c1552b89-676a-4063-8cd2-d27488fb322f,Battery - Live,93481d80-82c1-44ef-8da5-a4c42257e842,Master Of Puppets,2ddc2ff5-92ff-4fa5-be9f-1862cb40f476,Metallica,293128,0,0.000176,0.354,0.96,0.0362,9.0,0.677,-9.637,1.0,0.0668,104.453,0.108,A Mayor,3.0
96978747-4aaa-41cc-95af-7e0bd4c03a48,The Thing That Should Not Be - Live,93481d80-82c1-44ef-8da5-a4c42257e842,Master Of Puppets,2ddc2ff5-92ff-4fa5-be9f-1862cb40f476,Metallica,422240,0,0.00673,0.432,0.731,0.000248,8.0,0.924,-9.958,1.0,0.0519,116.428,0.282,Ab Mayor,4.0
8e938278-acc3-48dc-a82d-b6b3ceabe768,Seek & Destroy - Live,367dc099-b8b5-440f-8ad4-4b0098c8f243,All Nightmare Long,2ddc2ff5-92ff-4fa5-be9f-1862cb40f476,Metallica,465693,0,0.000506,0.258,0.978,0.000945,2.0,0.893,-2.858,1.0,0.11,147.069,0.385,D Mayor,2.0
0c79dd1b-bcbd-4d5b-983e-5ccbfb621c38,Blackened - Live,367dc099-b8b5-440f-8ad4-4b0098c8f243,All Nightmare Long,2ddc2ff5-92ff-4fa5-be9f-1862cb40f476,Metallica,389666,0,0.000284,0.24,0.985,0.00124,5.0,0.97,-2.813,0.0,0.121,132.038,0.137,F Menor,4.0
8b2e11ae-ead5-43fd-9087-e32bc29ce4a9,Master Of Puppets - Live,367dc099-b8b5-440f-8ad4-4b0098c8f243,All Nightmare Long,2ddc2ff5-92ff-4fa5-be9f-1862cb40f476,Metallica,500093,0,0.000129,0.241,0.991,0.00167,8.0,0.331,-2.795,1.0,0.126,116.728,0.206,Ab Mayor,4.0
e7dfe3dc-0287-4249-ae02-be478ca2b6e5,...And Justice For All - Live,4df14af3-6708-4556-918f-57e1479fd9ca,...And Justice For All,2ddc2ff5-92ff-4fa5-be9f-1862cb40f476,Metallica,605840,0,0.000886,0.285,0.935,0.0108,9.0,0.975,-6.94,1.0,0.0565,87.579,0.287,A Mayor,3.0
d68c31ae-d404-45f9-9db1-7203d44e080b,One - Live,4df14af3-6708-4556-918f-57e1479fd9ca,...And Justice For All,2ddc2ff5-92ff-4fa5-be9f-1862cb40f476,Metallica,479840,0,0.0022,0.338,0.953,0.0547,7.0,0.952,-8.148,1.0,0.105,101.992,0.198,G Mayor,1.0
31835a63-16eb-4c66-8e6a-80b1e7b72bdb,Right Next Door To Hell - 2022 Remaster,dab1e9a9-bb7b-4014-b040-e86b1cd29910,Use Your Illusion I,24398744-2c88-4818-862f-3d5e5229485f,Guns N' Roses,181813,7,0.00663,0.375,0.993,0.965,10.0,0.0609,-3.987,0.0,0.149,100.901,0.175,Bb Menor,5.0
2f4876bb-2cdf-4bd0-8b23-a705165aa44c,Dust N' Bones - 2022 Remaster,dab1e9a9-bb7b-4014-b040-e86b1cd29910,Use Your Illusion I,24398744-2c88-4818-862f-3d5e5229485f,Guns N' Roses,298986,10,0.0385,0.449,0.941,0.00163,8.0,0.0601,-4.42,1.0,0.0451,129.656,0.425,Ab Mayor,4.0
4ae57803-1205-454d-8724-8c8d12f5e1f4,Perfect Crime - 2022 Remaster,dab1e9a9-bb7b-4014-b040-e86b1cd29910,Use Your Illusion I,24398744-2c88-4818-862f-3d5e5229485f,Guns N' Roses,143320,6,0.0448,0.431,0.997,0.788,1.0,0.738,-4.011,1.0,0.144,113.939,0.199,Db Mayor,5.0
3ff19d14-54a6-4911-9314-1f0854634963,The Garden - 2022 Remaster,dab1e9a9-bb7b-4014-b040-e86b1cd29910,Use Your Illusion I,24398744-2c88-4818-862f-3d5e5229485f,Guns N' Roses,320786,6,0.00315,0.229,0.909,6.66e-05,6.0,0.148,-5.48,1.0,0.0779,163.786,0.354,F# Mayor,5.0
116eddd6-2461-417a-b78f-7f5aac799084,Bad Apples - 2022 Remaster,dab1e9a9-bb7b-4014-b040-e86b1cd29910,Use Your Illusion I,24398744-2c88-4818-862f-3d5e5229485f,Guns N' Roses,268133,5,0.154,0.506,0.991,0.593,8.0,0.0507,-3.663,1.0,0.0999,123.089,0.512,Ab Mayor,4.0
5c96d2f8-029d-45f2-992e-4d169e2cadfe,Don't Cry (Original) - 2022 Remaster,dab1e9a9-bb7b-4014-b040-e86b1cd29910,Use Your Illusion I,24398744-2c88-4818-862f-3d5e5229485f,Guns N' Roses,284160,17,0.00143,0.437,0.625,0.00506,11.0,0.109,-6.89,1.0,0.032,124.887,0.26,B Mayor,5.0
edf556f4-92e1-4526-968b-22bda9f142c7,November Rain - 2022 Version,dab1e9a9-bb7b-4014-b040-e86b1cd29910,Use Your Illusion I,24398744-2c88-4818-862f-3d5e5229485f,Guns N' Roses,535733,15,0.00458,0.252,0.797,0.424,11.0,0.344,-3.877,1.0,0.0328,77.972,0.199,B Mayor,5.0
68171ef1-64ed-42fd-afcf-46b79f227007,Bad Obsession - 2022 Remaster,dab1e9a9-bb7b-4014-b040-e86b1cd29910,Use Your Illusion I,24398744-2c88-4818-862f-3d5e5229485f,Guns N' Roses,327560,7,0.0961,0.55,0.985,0.00622,11.0,0.11,-5.25,1.0,0.049,124.445,0.607,B Mayor,5.0
eedb9d6d-5f16-4e32-ab91-14b05ea63f7f,Dead Horse - 2022 Remaster,dab1e9a9-bb7b-4014-b040-e86b1cd29910,Use Your Illusion I,24398744-2c88-4818-862f-3d5e5229485f,Guns N' Roses,256880,6,0.0129,0.365,0.901,0.0431,8.0,0.624,-5.606,1.0,0.134,133.96,0.477,Ab Mayor,4.0
e2de7e75-096f-469d-9456-b455409abe81,Back Off Bitch - 2022 Remaster,dab1e9a9-bb7b-4014-b040-e86b1cd29910,Use Your Illusion I,24398744-2c88-4818-862f-3d5e5229485f,Guns N' Roses,302320,6,0.0179,0.458,0.994,0.624,8.0,0.0513,-4.002,1.0,0.144,145.215,0.131,Ab Mayor,4.0
055eef92-d6f0-4e86-9f92-b6af83ad88c9,Live And Let Die - 2022 Remaster,dab1e9a9-bb7b-4014-b040-e86b1cd29910,Use Your Illusion I,24398744-2c88-4818-862f-3d5e5229485f,Guns N' Roses,183386,11,0.00465,0.257,0.82,0.0218,11.0,0.0996,-6.507,1.0,0.0671,152.649,0.255,B Mayor,5.0
1dc21a73-c67a-4f68-9def-23c2638659d2,You Ain't The First - 2022 Remaster,dab1e9a9-bb7b-4014-b040-e86b1cd29910,Use Your Illusion I,24398744-2c88-4818-862f-3d5e5229485f,Guns N' Roses,156333,5,0.609,0.661,0.438,0.0,3.0,0.373,-11.243,1.0,0.0384,112.541,0.345,Eb Mayor,3.0
53584a94-402f-41e5-a922-26a1c3ac471f,Garden Of Eden - 2022 Remaster,dab1e9a9-bb7b-4014-b040-e86b1cd29910,Use Your Illusion I,24398744-2c88-4818-862f-3d5e5229485f,Guns N' Roses,163253,5,0.119,0.456,0.999,0.585,6.0,0.346,-3.674,1.0,0.185,107.175,0.22,F# Mayor,5.0
6bb759b2-b61b-44ee-8cf1-b920ff13bfcf,Don't Damn Me - 2022 Remaster,dab1e9a9-bb7b-4014-b040-e86b1cd29910,Use Your Illusion I,24398744-2c88-4818-862f-3d5e5229485f,Guns N' Roses,319320,6,0.00462,0.293,0.994,5.11e-05,8.0,0.356,-4.027,1.0,0.245,162.242,0.238,Ab Mayor,4.0
20898321-745c-4586-b50f-ffb4c4a86f39,Coma - 2022 Remaster,dab1e9a9-bb7b-4014-b040-e86b1cd29910,Use Your Illusion I,24398744-2c88-4818-862f-3d5e5229485f,Guns N' Roses,612946,6,0.0158,0.45,0.921,0.0895,1.0,0.121,-7.173,1.0,0.116,126.341,0.274,Db Mayor,5.0
82242a6e-c525-49f7-a57d-73c86f3902ba,Double Talkin' Jive - 2022 Remaster,dab1e9a9-bb7b-4014-b040-e86b1cd29910,Use Your Illusion I,24398744-2c88-4818-862f-3d5e5229485f,Guns N' Roses,203600,6,0.00479,0.423,0.987,0.108,8.0,0.0527,-6.932,1.0,0.148,95.015,0.116,Ab Mayor,4.0
4c603597-af12-4ef7-aaf2-cc7c51ff5e5c,Civil War - 2022 Remaster,13b2d03a-d185-4ac1-a70c-628cbc3f4a7e,Use Your Illusion II,24398744-2c88-4818-862f-3d5e5229485f,Guns N' Roses,460226,18,0.121,0.335,0.838,0.0383,10.0,0.331,-6.621,0.0,0.0769,140.297,0.368,Bb Menor,5.0
e573e99e-820f-4f06-9dcd-fc04b31daba8,14 Years - 2022 Remaster,13b2d03a-d185-4ac1-a70c-628cbc3f4a7e,Use Your Illusion II,24398744-2c88-4818-862f-3d5e5229485f,Guns N' Roses,262520,14,0.0207,0.404,0.927,3.46e-05,6.0,0.0811,-5.399,1.0,0.0333,138.69,0.577,F# Mayor,5.0
b4de49e4-cfb0-498d-88dc-7d924a8f648f,Pretty Tied Up (The Perils Of Rock N' Roll Decadence) - 2022 Remaster,13b2d03a-d185-4ac1-a70c-628cbc3f4a7e,Use Your Illusion II,24398744-2c88-4818-862f-3d5e5229485f,Guns N' Roses,287280,12,0.0339,0.431,0.995,0.0135,6.0,0.145,-5.053,1.0,0.0989,139.233,0.198,F# Mayor,5.0
f5e2585d-017e-4a2d-b47f-d3af3218d0bc,Don't Cry - Alternate Lyrics / 2022 Remaster,13b2d03a-d185-4ac1-a70c-628cbc3f4a7e,Use Your Illusion II,24398744-2c88-4818-862f-3d5e5229485f,Guns N' Roses,287640,17,0.0014,0.427,0.669,0.0217,8.0,0.083,-6.841,0.0,0.031,124.381,0.241,G# Menor,5.0
ade73ea6-77fd-4f9b-8fe0-0419764ea800,Knockin' On Heaven's Door - 2022 Remaster,13b2d03a-d185-4ac1-a70c-628cbc3f4a7e,Use Your Illusion II,24398744-2c88-4818-862f-3d5e5229485f,Guns N' Roses,335160,19,0.0263,0.485,0.766,0.00564,6.0,0.0888,-6.254,1.0,0.0382,133.051,0.379,F# Mayor,5.0
121238b2-3be1-498e-8a82-c82cd4eaa4f7,My World - 2022 Remaster,13b2d03a-d185-4ac1-a70c-628cbc3f4a7e,Use Your Illusion II,24398744-2c88-4818-862f-3d5e5229485f,Guns N' Roses,86786,7,0.0038,0.501,0.961,5.14e-06,0.0,0.388,-6.79,0.0,0.234,92.372,0.196,C Menor,3.0
34b58a4f-fab6-4e53-9e11-c0edbf2ed98a,Get In The Ring - 2022 Remaster,13b2d03a-d185-4ac1-a70c-628cbc3f4a7e,Use Your Illusion II,24398744-2c88-4818-862f-3d5e5229485f,Guns N' Roses,339640,14,0.0131,0.308,0.991,3.67e-05,2.0,0.983,-5.602,1.0,0.26,166.437,0.161,D Mayor,2.0
34e10c91-b4eb-4440-9074-effd448ca915,You Could Be Mine - 2022 Remaster,13b2d03a-d185-4ac1-a70c-628cbc3f4a7e,Use Your Illusion II,24398744-2c88-4818-862f-3d5e5229485f,Guns N' Roses,343026,17,0.0048,0.348,0.991,0.451,10.0,0.113,-3.81,0.0,0.166,150.975,0.333,Bb Menor,5.0
b51d097e-b273-46b0-9a10-7fa061dd8586,Breakdown - 2022 Remaster,13b2d03a-d185-4ac1-a70c-628cbc3f4a7e,Use Your Illusion II,24398744-2c88-4818-862f-3d5e5229485f,Guns N' Roses,423080,11,0.00723,0.218,0.92,0.0328,6.0,0.103,-6.476,1.0,0.0647,174.375,0.341,F# Mayor,5.0
128f565f-bb70-44c5-bd12-bfcd61a0f960,Yesterdays - 2022 Remaster,13b2d03a-d185-4ac1-a70c-628cbc3f4a7e,Use Your Illusion II,24398744-2c88-4818-862f-3d5e5229485f,Guns N' Roses,197200,14,0.0695,0.36,0.871,0.000613,6.0,0.178,-6.399,1.0,0.0501,170.681,0.448,F# Mayor,5.0
ed9fb0d8-b506-4c82-b981-b9b4c5fcdccf,Estranged - 2022 Remaster,13b2d03a-d185-4ac1-a70c-628cbc3f4a7e,Use Your Illusion II,24398744-2c88-4818-862f-3d5e5229485f,Guns N' Roses,561786,17,0.0133,0.359,0.814,0.255,11.0,0.139,-6.205,1.0,0.0319,88.877,0.183,B Mayor,5.0
02dfb025-b3fc-4c69-953a-154c2a6b22fc,Shotgun Blues - 2022 Remaster,13b2d03a-d185-4ac1-a70c-628cbc3f4a7e,Use Your Illusion II,24398744-2c88-4818-862f-3d5e5229485f,Guns N' Roses,202413,10,0.00139,0.248,0.995,0.107,8.0,0.105,-5.409,1.0,0.179,190.872,0.19,Ab Mayor,4.0
7b62cecd-d083-47e5-bc21-37895b3236d3,So Fine - 2022 Remaster,13b2d03a-d185-4ac1-a70c-628cbc3f4a7e,Use Your Illusion II,24398744-2c88-4818-862f-3d5e5229485f,Guns N' Roses,246533,13,0.136,0.443,0.767,5.66e-05,6.0,0.113,-6.989,1.0,0.0362,139.854,0.318,F# Mayor,5.0
1e9700c5-6389-42eb-b9a5-f31910189bf7,Locomotive (Complicity) - 2022 Remaster,13b2d03a-d185-4ac1-a70c-628cbc3f4a7e,Use Your Illusion II,24398744-2c88-4818-862f-3d5e5229485f,Guns N' Roses,520813,11,0.0121,0.473,0.991,3.82e-05,1.0,0.0454,-5.275,1.0,0.103,118.435,0.4,Db Mayor,5.0
84d12cd5-2560-42f6-9a7c-36dd762aab31,Attitude,268f9bfa-fc62-4cd8-92ac-dc57916111f5,The Spaghetti Incident?,24398744-2c88-4818-862f-3d5e5229485f,Guns N' Roses,87000,43,0.000249,0.34,0.984,0.0,1.0,0.331,-2.533,1.0,0.0938,187.766,0.613,Db Mayor,5.0
929eab85-1c96-4141-8632-4f4c3d8e53b6,Down On The Farm,268f9bfa-fc62-4cd8-92ac-dc57916111f5,The Spaghetti Incident?,24398744-2c88-4818-862f-3d5e5229485f,Guns N' Roses,208506,39,0.000114,0.425,0.991,0.000109,8.0,0.631,-2.375,1.0,0.148,154.865,0.186,Ab Mayor,4.0
7cbce746-85a9-4a58-9df3-381112808659,Hair Of The Dog,268f9bfa-fc62-4cd8-92ac-dc57916111f5,The Spaghetti Incident?,24398744-2c88-4818-862f-3d5e5229485f,Guns N' Roses,234906,45,0.00559,0.517,0.97,0.0343,8.0,0.0581,-2.932,1.0,0.0853,134.336,0.601,Ab Mayor,4.0
63e73888-8092-40fe-b40d-121f95044b68,Human Being,268f9bfa-fc62-4cd8-92ac-dc57916111f5,The Spaghetti Incident?,24398744-2c88-4818-862f-3d5e5229485f,Guns N' Roses,408333,35,0.0135,0.33,0.996,0.872,3.0,0.405,-3.25,1.0,0.174,160.631,0.434,Eb Mayor,3.0
231f6560-4a4b-4fd6-941e-dfe31628b36c,You Can't Put Your Arms Around A Memory,268f9bfa-fc62-4cd8-92ac-dc57916111f5,The Spaghetti Incident?,24398744-2c88-4818-862f-3d5e5229485f,Guns N' Roses,215066,34,0.000843,0.46,0.9,0.00013,1.0,0.0894,-5.16,1.0,0.0369,124.292,0.477,Db Mayor,5.0
e97c3e2b-48e2-4953-bbe9-180b841a18a6,Buick Makane / Big Dumb Sex,268f9bfa-fc62-4cd8-92ac-dc57916111f5,The Spaghetti Incident?,24398744-2c88-4818-862f-3d5e5229485f,Guns N' Roses,159800,33,0.000288,0.373,0.964,0.00631,10.0,0.103,-3.79,0.0,0.0511,92.719,0.874,Bb Menor,5.0
8931c733-16f2-4dec-8bad-3e5394b05296,Black Leather,268f9bfa-fc62-4cd8-92ac-dc57916111f5,The Spaghetti Incident?,24398744-2c88-4818-862f-3d5e5229485f,Guns N' Roses,248493,36,0.00551,0.466,0.991,0.174,8.0,0.354,-3.272,1.0,0.142,137.595,0.205,Ab Mayor,4.0
324b7bb0-7d4b-4818-8f34-77b4905543ce,Raw Power,268f9bfa-fc62-4cd8-92ac-dc57916111f5,The Spaghetti Incident?,24398744-2c88-4818-862f-3d5e5229485f,Guns N' Roses,191826,40,0.00319,0.308,0.996,0.000283,10.0,0.356,-3.356,0.0,0.0817,181.331,0.375,Bb Menor,5.0
acb7e90a-cc80-4c14-92c4-624dc77e9b3e,New Rose,268f9bfa-fc62-4cd8-92ac-dc57916111f5,The Spaghetti Incident?,24398744-2c88-4818-862f-3d5e5229485f,Guns N' Roses,158360,43,0.000112,0.331,0.965,9.85e-05,3.0,0.312,-2.918,1.0,0.143,176.988,0.342,Eb Mayor,3.0
ef9e5919-c46c-4f1e-bd24-9877788712d2,"I Don't Care About You / Look At Your Game, Girl",268f9bfa-fc62-4cd8-92ac-dc57916111f5,The Spaghetti Incident?,24398744-2c88-4818-862f-3d5e5229485f,Guns N' Roses,291506,33,0.0223,0.301,0.685,0.0,2.0,0.246,-7.078,1.0,0.121,181.519,0.215,D Mayor,2.0
97a62724-04bc-4bac-b562-80163c879e6f,Since I Don't Have You,268f9bfa-fc62-4cd8-92ac-dc57916111f5,The Spaghetti Incident?,24398744-2c88-4818-862f-3d5e5229485f,Guns N' Roses,259906,62,0.465,0.466,0.632,0.000256,6.0,0.135,-6.94,1.0,0.0326,68.893,0.246,F# Mayor,5.0
96ae6298-bc36-44c9-9731-989e3fdadf63,Ain't It Fun,268f9bfa-fc62-4cd8-92ac-dc57916111f5,The Spaghetti Incident?,24398744-2c88-4818-862f-3d5e5229485f,Guns N' Roses,305800,50,0.000105,0.325,0.953,0.25,10.0,0.254,-4.116,0.0,0.0648,118.503,0.397,Bb Menor,5.0
c6de7595-507f-4dd9-84c0-ec7057b07118,Welcome To The Jungle,afb180a4-4388-4ad2-bb60-67e31544d5ad,Appetite For Destruction,24398744-2c88-4818-862f-3d5e5229485f,Guns N' Roses,273480,80,0.0195,0.454,0.987,0.279,8.0,0.268,-4.485,1.0,0.0881,123.61,0.316,Ab Mayor,4.0
6af12147-7f75-4e28-9833-ee239531b6c2,Rocket Queen,afb180a4-4388-4ad2-bb60-67e31544d5ad,Appetite For Destruction,24398744-2c88-4818-862f-3d5e5229485f,Guns N' Roses,373266,58,0.0305,0.446,0.978,0.162,5.0,0.0377,-5.275,0.0,0.0443,111.795,0.399,F Menor,4.0
6ebfc31f-6371-40c3-8258-14226c9af6d9,My Michelle,afb180a4-4388-4ad2-bb60-67e31544d5ad,Appetite For Destruction,24398744-2c88-4818-862f-3d5e5229485f,Guns N' Roses,219933,57,0.158,0.459,0.97,0.00496,8.0,0.476,-6.16,1.0,0.0582,103.522,0.283,Ab Mayor,4.0
b782c300-13a3-4613-ba6f-439209fb0f0b,Think About You,afb180a4-4388-4ad2-bb60-67e31544d5ad,Appetite For Destruction,24398744-2c88-4818-862f-3d5e5229485f,Guns N' Roses,231560,52,0.0424,0.237,0.992,0.00735,1.0,0.0754,-5.215,1.0,0.129,170.656,0.258,Db Mayor,5.0
dcd4079d-c592-4645-9d72-a41640c8a6ca,You're Crazy,afb180a4-4388-4ad2-bb60-67e31544d5ad,Appetite For Destruction,24398744-2c88-4818-862f-3d5e5229485f,Guns N' Roses,197013,50,0.0139,0.403,0.993,0.0159,8.0,0.399,-4.436,1.0,0.132,122.192,0.267,Ab Mayor,4.0
781d2be6-cf66-49c3-adb0-2bced8cb4b36,Anything Goes,afb180a4-4388-4ad2-bb60-67e31544d5ad,Appetite For Destruction,24398744-2c88-4818-862f-3d5e5229485f,Guns N' Roses,206173,50,0.0321,0.374,0.988,0.136,1.0,0.323,-4.706,1.0,0.0743,152.314,0.321,Db Mayor,5.0
14bd1851-30e3-4a23-86c5-6eb885602b8a,It's So Easy,afb180a4-4388-4ad2-bb60-67e31544d5ad,Appetite For Destruction,24398744-2c88-4818-862f-3d5e5229485f,Guns N' Roses,202693,60,0.0206,0.388,0.989,1.16e-05,8.0,0.126,-6.181,1.0,0.162,150.77,0.199,Ab Mayor,4.0
e172591d-88fa-4353-98a2-1fd85fcda0b4,Out Ta Get Me,afb180a4-4388-4ad2-bb60-67e31544d5ad,Appetite For Destruction,24398744-2c88-4818-862f-3d5e5229485f,Guns N' Roses,263573,53,0.0261,0.395,0.988,0.137,11.0,0.353,-4.876,1.0,0.111,140.848,0.365,B Mayor,5.0
15a38f88-100a-4087-8a9d-1728fa829d72,Mr. Brownstone,afb180a4-4388-4ad2-bb60-67e31544d5ad,Appetite For Destruction,24398744-2c88-4818-862f-3d5e5229485f,Guns N' Roses,228586,61,0.0307,0.491,0.974,2.58e-06,8.0,0.274,-6.695,1.0,0.0487,106.269,0.527,Ab Mayor,4.0
f3475d43-b083-4874-adc0-6eaf89977a2a,Paradise City,afb180a4-4388-4ad2-bb60-67e31544d5ad,Appetite For Destruction,24398744-2c88-4818-862f-3d5e5229485f,Guns N' Roses,405600,78,0.019,0.268,0.98,0.00692,11.0,0.182,-5.959,1.0,0.101,100.316,0.39,B Mayor,5.0
aa4c99c1-2660-4f37-84cf-6439c2ca113d,Nightrain,afb180a4-4388-4ad2-bb60-67e31544d5ad,Appetite For Destruction,24398744-2c88-4818-862f-3d5e5229485f,Guns N' Roses,268213,63,0.13,0.393,0.995,0.00461,1.0,0.263,-4.946,1.0,0.103,148.196,0.198,Db Mayor,5.0
fa49147c-a037-4476-894b-e5bf7f6efa96,Sweet Child O' Mine,afb180a4-4388-4ad2-bb60-67e31544d5ad,Appetite For Destruction,24398744-2c88-4818-862f-3d5e5229485f,Guns N' Roses,356066,84,0.09,0.445,0.952,0.0843,6.0,0.112,-5.321,1.0,0.0522,125.304,0.624,F# Mayor,5.0
dc402848-40ac-4fd3-a12d-bf3d761eb838,Mama Kin - Live Version,0eea30e7-cfb5-4f09-aa5c-e225202b2d19,G N' R Lies,24398744-2c88-4818-862f-3d5e5229485f,Guns N' Roses,235200,44,0.00388,0.334,0.924,0.645,3.0,0.945,-8.505,1.0,0.0908,155.788,0.625,Eb Mayor,3.0
f7ee69e6-fc38-4dc0-9fc9-96bb90a7e7f1,One In A Million,0eea30e7-cfb5-4f09-aa5c-e225202b2d19,G N' R Lies,24398744-2c88-4818-862f-3d5e5229485f,Guns N' Roses,368600,46,0.713,0.587,0.662,2.98e-05,8.0,0.0662,-9.706,0.0,0.0308,135.862,0.605,G# Menor,5.0
148f4537-bb82-4171-8506-e335df3abce4,Move To The City - Live,49305a46-ba40-4d3c-94a0-dba0dfae8686,G N' R Lies,24398744-2c88-4818-862f-3d5e5229485f,Guns N' Roses,222733,34,0.000769,0.377,0.843,0.9,10.0,0.955,-7.874,0.0,0.0887,76.799,0.549,Bb Menor,5.0
de38b7d7-dac1-4cac-a369-ec584470b323,Used To Love Her,49305a46-ba40-4d3c-94a0-dba0dfae8686,G N' R Lies,24398744-2c88-4818-862f-3d5e5229485f,Guns N' Roses,191360,47,0.426,0.615,0.831,7.26e-05,1.0,0.184,-9.394,1.0,0.0311,135.114,0.914,Db Mayor,5.0
df06b016-418a-4f11-9630-122e2dfedb7a,Patience,49305a46-ba40-4d3c-94a0-dba0dfae8686,G N' R Lies,24398744-2c88-4818-862f-3d5e5229485f,Guns N' Roses,354400,50,0.723,0.458,0.265,0.000254,6.0,0.192,-14.452,1.0,0.0313,120.411,0.352,F# Mayor,5.0
948565af-6ddf-47c9-a4fd-0e13a0e30a02,You're Crazy,49305a46-ba40-4d3c-94a0-dba0dfae8686,G N' R Lies,24398744-2c88-4818-862f-3d5e5229485f,Guns N' Roses,248840,39,0.509,0.422,0.843,1.3e-05,8.0,0.107,-8.413,1.0,0.0414,95.188,0.822,Ab Mayor,4.0
be6f2b9b-de3a-488d-818a-3b3e796f9645,Nice Boys - Live,49305a46-ba40-4d3c-94a0-dba0dfae8686,G N' R Lies,24398744-2c88-4818-862f-3d5e5229485f,Guns N' Roses,183026,34,6.06e-05,0.487,0.894,0.879,10.0,0.91,-8.327,0.0,0.0793,112.637,0.534,Bb Menor,5.0
0f34789a-ed1b-4142-b61f-3e9c144b9523,Reckless Life - Live,49305a46-ba40-4d3c-94a0-dba0dfae8686,G N' R Lies,24398744-2c88-4818-862f-3d5e5229485f,Guns N' Roses,200600,35,5.41e-05,0.442,0.888,0.853,10.0,0.933,-8.82,0.0,0.0663,108.024,0.462,Bb Menor,5.0
6b877391-ba4d-4364-8b48-daed30ffe416,You Could Be Mine,75ccbf7e-3c05-43cf-b55f-3864729fb43d,Use Your Illusion II,24398744-2c88-4818-862f-3d5e5229485f,Guns N' Roses,343640,68,0.00889,0.349,0.985,0.561,10.0,0.36,-5.676,0.0,0.122,151.007,0.322,Bb Menor,5.0
f8728f4f-8d1c-4482-8c37-d65dfbd9ceeb,Yesterdays,75ccbf7e-3c05-43cf-b55f-3864729fb43d,Use Your Illusion II,24398744-2c88-4818-862f-3d5e5229485f,Guns N' Roses,196226,60,0.0666,0.363,0.849,0.00517,6.0,0.306,-7.744,1.0,0.0554,170.625,0.429,F# Mayor,5.0
39bf4ada-9cda-47e0-9c47-5d1487db3dd7,Pretty Tied Up (The Perils Of Rock N' Roll Decadence),75ccbf7e-3c05-43cf-b55f-3864729fb43d,Use Your Illusion II,24398744-2c88-4818-862f-3d5e5229485f,Guns N' Roses,287906,46,0.0448,0.436,0.992,0.122,6.0,0.346,-6.43,1.0,0.125,138.975,0.234,F# Mayor,5.0
ecbbe1fd-0b30-4b02-a16a-634c65505413,So Fine,75ccbf7e-3c05-43cf-b55f-3864729fb43d,Use Your Illusion II,24398744-2c88-4818-862f-3d5e5229485f,Guns N' Roses,246373,52,0.0843,0.438,0.726,1.12e-05,6.0,0.137,-8.659,1.0,0.0379,139.604,0.329,F# Mayor,5.0
3bdb7853-4e6b-4592-a9c2-d2cb9242158a,Locomotive (Complicity),75ccbf7e-3c05-43cf-b55f-3864729fb43d,Use Your Illusion II,24398744-2c88-4818-862f-3d5e5229485f,Guns N' Roses,522093,46,0.00762,0.473,0.983,0.000774,1.0,0.0475,-7.251,1.0,0.0892,118.193,0.435,Db Mayor,5.0
9603b18a-0ff9-4119-bb1a-90fb18135b02,Estranged,75ccbf7e-3c05-43cf-b55f-3864729fb43d,Use Your Illusion II,24398744-2c88-4818-862f-3d5e5229485f,Guns N' Roses,563893,63,0.0105,0.358,0.762,0.282,11.0,0.368,-8.323,1.0,0.0324,89.246,0.168,B Mayor,5.0
2cbe41f0-9468-4a8a-8058-1441d4bcf898,Shotgun Blues,75ccbf7e-3c05-43cf-b55f-3864729fb43d,Use Your Illusion II,24398744-2c88-4818-862f-3d5e5229485f,Guns N' Roses,203000,43,0.000917,0.244,0.994,0.677,8.0,0.135,-6.782,1.0,0.201,191.225,0.203,Ab Mayor,4.0
d6bfc205-b71e-4238-bb2a-fbb36447c711,Get In The Ring,75ccbf7e-3c05-43cf-b55f-3864729fb43d,Use Your Illusion II,24398744-2c88-4818-862f-3d5e5229485f,Guns N' Roses,341306,47,0.00623,0.308,0.988,0.00124,2.0,0.98,-6.647,1.0,0.27,166.03,0.204,D Mayor,2.0
712b426f-bb3b-4541-be21-24b11d901874,Knockin' On Heaven's Door,75ccbf7e-3c05-43cf-b55f-3864729fb43d,Use Your Illusion II,24398744-2c88-4818-862f-3d5e5229485f,Guns N' Roses,336000,77,0.0209,0.496,0.739,0.00451,6.0,0.106,-7.193,1.0,0.0416,132.411,0.377,F# Mayor,5.0
82fda695-7475-40db-b628-746174f9cdf7,My World,75ccbf7e-3c05-43cf-b55f-3864729fb43d,Use Your Illusion II,24398744-2c88-4818-862f-3d5e5229485f,Guns N' Roses,86426,38,0.00549,0.344,0.975,1.35e-05,0.0,0.395,-6.677,0.0,0.406,94.38,0.138,C Menor,3.0
afe35e16-184a-41ee-9d2c-5dea5cad069f,Civil War,75ccbf7e-3c05-43cf-b55f-3864729fb43d,Use Your Illusion II,24398744-2c88-4818-862f-3d5e5229485f,Guns N' Roses,462093,67,0.0803,0.33,0.787,0.0632,10.0,0.32,-8.806,0.0,0.0732,139.918,0.382,Bb Menor,5.0
2eafb372-11d5-43d2-b922-c501c87f4bef,Don't Cry,75ccbf7e-3c05-43cf-b55f-3864729fb43d,Use Your Illusion II,24398744-2c88-4818-862f-3d5e5229485f,Guns N' Roses,284266,52,0.000383,0.432,0.614,0.0416,8.0,0.101,-8.241,0.0,0.0318,124.487,0.246,G# Menor,5.0
79fe71dd-ceaf-4311-ba66-4efce7e63275,Breakdown,75ccbf7e-3c05-43cf-b55f-3864729fb43d,Use Your Illusion II,24398744-2c88-4818-862f-3d5e5229485f,Guns N' Roses,424493,46,0.00373,0.295,0.9,0.0943,6.0,0.141,-7.961,1.0,0.0532,87.095,0.357,F# Mayor,5.0
104aea2f-40c6-4248-a725-4abc5223d9db,14 Years,75ccbf7e-3c05-43cf-b55f-3864729fb43d,Use Your Illusion II,24398744-2c88-4818-862f-3d5e5229485f,Guns N' Roses,261372,54,0.0266,0.41,0.929,0.00127,6.0,0.12,-5.884,1.0,0.0354,138.457,0.554,F# Mayor,5.0
8ff41167-8dcf-46de-abf6-74fa09407611,Perfect Crime,afc65a87-e9c7-42c0-904b-053542f1f7f9,Use Your Illusion I,24398744-2c88-4818-862f-3d5e5229485f,Guns N' Roses,143106,45,0.0297,0.417,0.996,0.955,1.0,0.877,-5.275,1.0,0.132,113.4,0.175,Db Mayor,5.0
7a4733ae-3fc7-4e88-b083-fc4f7d922aba,Live And Let Die,afc65a87-e9c7-42c0-904b-053542f1f7f9,Use Your Illusion I,24398744-2c88-4818-862f-3d5e5229485f,Guns N' Roses,182733,69,0.0106,0.266,0.778,0.113,11.0,0.12,-8.671,1.0,0.0624,151.244,0.262,B Mayor,5.0
b752e27c-56cf-4333-8ab7-1b35771cb7d0,Don't Damn Me,afc65a87-e9c7-42c0-904b-053542f1f7f9,Use Your Illusion I,24398744-2c88-4818-862f-3d5e5229485f,Guns N' Roses,318360,46,0.00104,0.465,0.986,0.00219,8.0,0.368,-6.256,1.0,0.145,80.789,0.271,Ab Mayor,4.0
664c4260-a712-4112-b991-2e358071a092,Don't Cry (Original),afc65a87-e9c7-42c0-904b-053542f1f7f9,Use Your Illusion I,24398744-2c88-4818-862f-3d5e5229485f,Guns N' Roses,283733,75,0.00184,0.455,0.589,0.00358,11.0,0.104,-8.64,1.0,0.0328,124.634,0.254,B Mayor,5.0
cfa7c2b4-5442-4443-9bca-aa0d6abdb146,Coma,afc65a87-e9c7-42c0-904b-053542f1f7f9,Use Your Illusion I,24398744-2c88-4818-862f-3d5e5229485f,Guns N' Roses,613800,47,0.0208,0.348,0.913,0.195,1.0,0.131,-8.08,1.0,0.15,125.816,0.272,Db Mayor,5.0
3d0bfe68-53e4-49ec-9ab1-ece41385fae8,November Rain,afc65a87-e9c7-42c0-904b-053542f1f7f9,Use Your Illusion I,24398744-2c88-4818-862f-3d5e5229485f,Guns N' Roses,536066,78,0.016,0.294,0.64,0.22,11.0,0.112,-9.316,1.0,0.0291,79.79,0.226,B Mayor,5.0
2638cef7-39d7-4c19-9758-aa073274e8bd,Double Talkin' Jive,afc65a87-e9c7-42c0-904b-053542f1f7f9,Use Your Illusion I,24398744-2c88-4818-862f-3d5e5229485f,Guns N' Roses,202040,49,0.00146,0.29,0.974,0.446,8.0,0.0378,-9.55,1.0,0.137,98.289,0.119,Ab Mayor,4.0
00ce5a5a-1c88-406d-a4d8-930a94a1095e,Bad Obsession,afc65a87-e9c7-42c0-904b-053542f1f7f9,Use Your Illusion I,24398744-2c88-4818-862f-3d5e5229485f,Guns N' Roses,326666,47,0.12,0.558,0.978,0.0548,11.0,0.111,-6.728,1.0,0.0475,124.201,0.649,B Mayor,5.0
594c0419-0b6f-4b5d-83ff-7a2b25569776,Dust N' Bones,afc65a87-e9c7-42c0-904b-053542f1f7f9,Use Your Illusion I,24398744-2c88-4818-862f-3d5e5229485f,Guns N' Roses,298160,52,0.0189,0.445,0.922,0.00231,8.0,0.181,-6.665,1.0,0.0443,129.501,0.45,Ab Mayor,4.0
166b8d49-6369-46f2-82cf-457f93505bb6,Back Off Bitch,afc65a87-e9c7-42c0-904b-053542f1f7f9,Use Your Illusion I,24398744-2c88-4818-862f-3d5e5229485f,Guns N' Roses,302333,46,0.0103,0.455,0.99,0.803,8.0,0.0703,-5.842,1.0,0.124,144.904,0.153,Ab Mayor,4.0
d44f3328-8bae-4940-baee-86903f5209ab,Bad Apples,afc65a87-e9c7-42c0-904b-053542f1f7f9,Use Your Illusion I,24398744-2c88-4818-862f-3d5e5229485f,Guns N' Roses,267066,42,0.128,0.512,0.979,0.853,8.0,0.0828,-5.759,1.0,0.0955,122.869,0.559,Ab Mayor,4.0
8e0086f8-cca5-4ea8-89e7-2583bbab1737,You Ain't The First,afc65a87-e9c7-42c0-904b-053542f1f7f9,Use Your Illusion I,24398744-2c88-4818-862f-3d5e5229485f,Guns N' Roses,156133,44,0.611,0.675,0.338,0.0,8.0,0.352,-15.47,1.0,0.0365,111.748,0.336,Ab Mayor,4.0
3199822c-0508-4257-aa23-b80fddb25a5d,Garden Of Eden,afc65a87-e9c7-42c0-904b-053542f1f7f9,Use Your Illusion I,24398744-2c88-4818-862f-3d5e5229485f,Guns N' Roses,160800,44,0.15,0.462,0.998,0.769,6.0,0.651,-5.645,1.0,0.152,107.003,0.17,F# Mayor,5.0
64e449a1-9e4c-4f74-8c3a-971872a03348,Right Next Door To Hell,afc65a87-e9c7-42c0-904b-053542f1f7f9,Use Your Illusion I,24398744-2c88-4818-862f-3d5e5229485f,Guns N' Roses,182133,47,0.0106,0.372,0.995,0.964,10.0,0.0792,-4.45,0.0,0.171,100.95,0.131,Bb Menor,5.0
29fa41c7-e709-48ba-9c39-49d3b466cb3e,The Garden,afc65a87-e9c7-42c0-904b-053542f1f7f9,Use Your Illusion I,24398744-2c88-4818-862f-3d5e5229485f,Guns N' Roses,319373,45,0.00232,0.367,0.857,0.000225,6.0,0.138,-7.93,1.0,0.0495,81.18,0.45,F# Mayor,5.0
0184a5c2-3851-4b20-b78d-9077ae2f2055,Dead Horse,afc65a87-e9c7-42c0-904b-053542f1f7f9,Use Your Illusion I,24398744-2c88-4818-862f-3d5e5229485f,Guns N' Roses,257573,50,0.00299,0.365,0.851,0.117,8.0,0.609,-7.995,1.0,0.126,135.799,0.485,Ab Mayor,4.0
b9c3d0c7-8502-4e34-a77b-ef3362540cc4,Madagascar,3281e3e4-3f6f-4742-ac8b-0f767711fb28,Chinese Democracy,24398744-2c88-4818-862f-3d5e5229485f,Guns N' Roses,337973,38,0.0561,0.308,0.74,0.000115,9.0,0.21,-8.832,0.0,0.0626,163.179,0.216,A Menor,0.0
4f9517cc-c4ee-4ab8-bae6-07ea636e1ee1,Catcher In The Rye,3281e3e4-3f6f-4742-ac8b-0f767711fb28,Chinese Democracy,24398744-2c88-4818-862f-3d5e5229485f,Guns N' Roses,352986,38,0.0393,0.332,0.924,0.00529,4.0,0.348,-6.722,1.0,0.0511,170.424,0.388,E Mayor,4.0
1430a528-5c0a-49be-a9af-d0d49b720006,Shackler's Revenge,3281e3e4-3f6f-4742-ac8b-0f767711fb28,Chinese Democracy,24398744-2c88-4818-862f-3d5e5229485f,Guns N' Roses,216600,44,0.000223,0.524,0.787,0.000141,1.0,0.277,-9.411,0.0,0.0644,132.053,0.561,C# Menor,4.0
f82b2f33-c9e5-4508-8419-15c5908af47c,Chinese Democracy,3281e3e4-3f6f-4742-ac8b-0f767711fb28,Chinese Democracy,24398744-2c88-4818-862f-3d5e5229485f,Guns N' Roses,283213,50,0.000769,0.474,0.8,0.0309,2.0,0.131,-10.472,1.0,0.0775,133.94,0.156,D Mayor,2.0
5f9d15da-cfe0-440a-ae07-c2eee275059e,Scraped,3281e3e4-3f6f-4742-ac8b-0f767711fb28,Chinese Democracy,24398744-2c88-4818-862f-3d5e5229485f,Guns N' Roses,210386,34,0.00634,0.529,0.927,0.000981,1.0,0.0558,-7.553,0.0,0.101,118.011,0.456,C# Menor,4.0
b1edf3a7-63b8-49ce-8277-3ee9282c02aa,This I Love,3281e3e4-3f6f-4742-ac8b-0f767711fb28,Chinese Democracy,24398744-2c88-4818-862f-3d5e5229485f,Guns N' Roses,334373,61,0.603,0.263,0.442,2.99e-06,8.0,0.106,-8.279,0.0,0.0309,92.179,0.133,G# Menor,5.0
c63ac808-0672-4327-a4e7-72cdfa6f0dd6,Street Of Dreams,3281e3e4-3f6f-4742-ac8b-0f767711fb28,Chinese Democracy,24398744-2c88-4818-862f-3d5e5229485f,Guns N' Roses,286346,41,0.19,0.362,0.657,0.00116,6.0,0.09,-8.072,1.0,0.036,170.572,0.18,F# Mayor,5.0
b11ea092-cee2-4dfa-b64b-24d8d7672da3,There Was A Time,3281e3e4-3f6f-4742-ac8b-0f767711fb28,Chinese Democracy,24398744-2c88-4818-862f-3d5e5229485f,Guns N' Roses,400693,45,0.0326,0.298,0.92,0.000547,6.0,0.0708,-7.454,0.0,0.0924,179.953,0.388,F# Menor,3.0
015f69dc-e541-429f-97c6-3d26f4cab3d1,Riad N' The Bedouins,3281e3e4-3f6f-4742-ac8b-0f767711fb28,Chinese Democracy,24398744-2c88-4818-862f-3d5e5229485f,Guns N' Roses,250173,33,0.0062,0.487,0.936,0.389,6.0,0.842,-8.005,1.0,0.138,130.02,0.226,F# Mayor,5.0
9a471564-1540-48a8-a46e-ecc9dcaf7bd7,Better,3281e3e4-3f6f-4742-ac8b-0f767711fb28,Chinese Democracy,24398744-2c88-4818-862f-3d5e5229485f,Guns N' Roses,297226,53,0.1,0.563,0.784,0.00219,1.0,0.895,-9.234,0.0,0.042,98.011,0.387,C# Menor,4.0
4a51b58a-cc85-439f-bc53-5916fb51a9cf,Sorry,3281e3e4-3f6f-4742-ac8b-0f767711fb28,Chinese Democracy,24398744-2c88-4818-862f-3d5e5229485f,Guns N' Roses,374186,44,0.0702,0.402,0.502,6.37e-05,2.0,0.115,-10.009,0.0,0.0315,147.519,0.209,D Menor,1.0
7f495fbf-7830-4752-abb4-e804d2abd1db,If The World,3281e3e4-3f6f-4742-ac8b-0f767711fb28,Chinese Democracy,24398744-2c88-4818-862f-3d5e5229485f,Guns N' Roses,293520,40,0.0038,0.634,0.747,0.0259,7.0,0.115,-9.38,1.0,0.0525,146.483,0.819,G Mayor,1.0
b94c75a8-e469-458b-9439-5095ed6dd5e5,I.R.S.,3281e3e4-3f6f-4742-ac8b-0f767711fb28,Chinese Democracy,24398744-2c88-4818-862f-3d5e5229485f,Guns N' Roses,267920,37,0.0825,0.436,0.937,0.000343,6.0,0.0833,-6.131,0.0,0.126,180.032,0.266,F# Menor,3.0
bee3ecbe-2324-420e-9192-141c20aa3e0d,Prostitute,3281e3e4-3f6f-4742-ac8b-0f767711fb28,Chinese Democracy,24398744-2c88-4818-862f-3d5e5229485f,Guns N' Roses,375773,36,0.0434,0.508,0.774,0.000579,6.0,0.383,-9.762,0.0,0.0502,107.223,0.199,F# Menor,3.0
278e54d0-4512-4e2c-9a3c-a6e77a4df5a1,Don't Cry,ee41c2f7-c471-47d1-98fa-b11a36fe4a60,Use Your Illusion II,24398744-2c88-4818-862f-3d5e5229485f,Guns N' Roses,284266,0,0.000424,0.441,0.615,0.0377,8.0,0.099,-8.297,0.0,0.0309,124.657,0.221,G# Menor,5.0
e4f7b7f7-1deb-4f75-8a63-1608de12226b,Don't Cry,607b9a69-a43b-471a-ac52-b6220d9115c0,Use Your Illusion II,24398744-2c88-4818-862f-3d5e5229485f,Guns N' Roses,284266,0,0.000369,0.43,0.627,0.0601,8.0,0.0947,-8.237,0.0,0.0318,124.609,0.239,G# Menor,5.0
e19d6980-96eb-42bd-ab3b-4e3b5237062e,High Life,2fa8b2a2-cc6d-4987-97e1-cfa45b496100,Discovery,61db8f32-fd71-4d16-8d5c-2c1d273a7308,Daft Punk,201800,55,0.00435,0.653,0.869,0.413,8.0,0.334,-9.393,1.0,0.217,125.207,0.515,Ab Mayor,4.0
236a6640-e384-46de-a6db-0a53f5d26bcc,One More Time,2fa8b2a2-cc6d-4987-97e1-cfa45b496100,Discovery,61db8f32-fd71-4d16-8d5c-2c1d273a7308,Daft Punk,320357,77,0.0194,0.613,0.697,0.0,2.0,0.332,-8.618,1.0,0.133,122.746,0.476,D Mayor,2.0
6ea2fffe-8da7-439b-8861-c7e22bb49f46,Superheroes,2fa8b2a2-cc6d-4987-97e1-cfa45b496100,Discovery,61db8f32-fd71-4d16-8d5c-2c1d273a7308,Daft Punk,237800,56,0.00409,0.619,0.74,0.00356,11.0,0.102,-8.204,0.0,0.0789,140.874,0.674,B Menor,2.0
a33e9acb-adca-4566-80f8-24f7ade13db6,Something About Us,2fa8b2a2-cc6d-4987-97e1-cfa45b496100,Discovery,61db8f32-fd71-4d16-8d5c-2c1d273a7308,Daft Punk,232666,71,0.44,0.875,0.475,0.72,9.0,0.046,-12.673,0.0,0.0986,99.958,0.384,A Menor,0.0
4bf45d89-1261-4c99-81d4-191944fededf,Veridis Quo,2fa8b2a2-cc6d-4987-97e1-cfa45b496100,Discovery,61db8f32-fd71-4d16-8d5c-2c1d273a7308,Daft Punk,345186,71,0.479,0.605,0.687,0.949,9.0,0.104,-13.928,0.0,0.045,106.896,0.12,A Menor,0.0
c73ee04f-74e1-45b5-ba98-83e6debac85a,Digital Love,2fa8b2a2-cc6d-4987-97e1-cfa45b496100,Discovery,61db8f32-fd71-4d16-8d5c-2c1d273a7308,Daft Punk,301373,67,0.048,0.644,0.664,0.867,9.0,0.342,-8.398,1.0,0.0332,124.726,0.53,A Mayor,3.0
aa6ef62a-1abc-459d-8004-6c1e7d5e65d5,Aerodynamic,2fa8b2a2-cc6d-4987-97e1-cfa45b496100,Discovery,61db8f32-fd71-4d16-8d5c-2c1d273a7308,Daft Punk,212546,61,0.329,0.624,0.911,0.861,7.0,0.0727,-7.482,1.0,0.0524,122.902,0.135,G Mayor,1.0
f97ef2f3-1a1b-4884-b4d9-c24f87a7a86f,Too Long,2fa8b2a2-cc6d-4987-97e1-cfa45b496100,Discovery,61db8f32-fd71-4d16-8d5c-2c1d273a7308,Daft Punk,600293,54,0.00211,0.692,0.582,0.0,5.0,0.177,-10.164,0.0,0.301,127.017,0.513,F Menor,4.0
78dd98ad-b2eb-4529-b184-e3c20ee1ee67,Short Circuit,2fa8b2a2-cc6d-4987-97e1-cfa45b496100,Discovery,61db8f32-fd71-4d16-8d5c-2c1d273a7308,Daft Punk,206866,53,0.00461,0.535,0.558,0.824,6.0,0.0821,-10.756,1.0,0.0741,109.69,0.215,F# Mayor,5.0
b3ae0bdd-5978-4d4a-b9ad-82d4752fc84b,"Harder, Better, Faster, Stronger",2fa8b2a2-cc6d-4987-97e1-cfa45b496100,Discovery,61db8f32-fd71-4d16-8d5c-2c1d273a7308,Daft Punk,226413,72,0.0427,0.817,0.716,0.00263,6.0,0.358,-8.898,0.0,0.144,123.474,0.692,F# Menor,3.0
884744e3-91b1-4ec1-be86-e0965dca4ebf,Nightvision,2fa8b2a2-cc6d-4987-97e1-cfa45b496100,Discovery,61db8f32-fd71-4d16-8d5c-2c1d273a7308,Daft Punk,104466,55,0.845,0.491,0.186,0.916,0.0,0.109,-29.512,1.0,0.0321,119.883,0.457,C Mayor,0.0
130b623f-70ed-4477-b8c3-5d89f972a54d,Crescendolls,2fa8b2a2-cc6d-4987-97e1-cfa45b496100,Discovery,61db8f32-fd71-4d16-8d5c-2c1d273a7308,Daft Punk,211640,58,0.0035,0.697,0.75,0.922,5.0,0.0889,-8.503,0.0,0.0721,124.048,0.937,F Menor,4.0
5c5794ca-f456-4878-9d51-1877b299414f,Voyager,2fa8b2a2-cc6d-4987-97e1-cfa45b496100,Discovery,61db8f32-fd71-4d16-8d5c-2c1d273a7308,Daft Punk,227866,62,0.288,0.669,0.743,0.805,7.0,0.309,-11.488,1.0,0.0494,119.881,0.28,G Mayor,1.0
014c0cce-4036-42a5-8faa-612f61ffc575,Face to Face,2fa8b2a2-cc6d-4987-97e1-cfa45b496100,Discovery,61db8f32-fd71-4d16-8d5c-2c1d273a7308,Daft Punk,240173,63,0.00134,0.874,0.437,0.0296,1.0,0.0293,-10.235,0.0,0.0708,117.791,0.962,C# Menor,4.0
b6799286-93b5-4179-b3a8-9ea41d1a7c91,Aerodynamite,31444bb1-def2-455f-82c0-8f0e412b83c8,Daft Club,61db8f32-fd71-4d16-8d5c-2c1d273a7308,Daft Punk,468427,33,5.44e-05,0.566,0.978,0.958,9.0,0.0297,-8.274,0.0,0.178,121.989,0.106,A Menor,0.0
30af7c40-634d-4969-b43c-9926d95f5c8f,Crescendolls - Laidback Luke Remix,31444bb1-def2-455f-82c0-8f0e412b83c8,Daft Club,61db8f32-fd71-4d16-8d5c-2c1d273a7308,Daft Punk,325973,23,0.000205,0.634,0.962,0.901,6.0,0.0679,-6.193,1.0,0.056,131.359,0.501,F# Mayor,5.0
f785505a-4938-42e5-9aaf-9a20993392c7,Face to Face - Demon Remix,31444bb1-def2-455f-82c0-8f0e412b83c8,Daft Club,61db8f32-fd71-4d16-8d5c-2c1d273a7308,Daft Punk,419853,27,0.000146,0.907,0.479,0.838,9.0,0.0443,-8.268,1.0,0.187,130.855,0.47,A Mayor,3.0
73f562be-884e-4a29-a566-5a75b6889cd6,Ouverture,31444bb1-def2-455f-82c0-8f0e412b83c8,Daft Club,61db8f32-fd71-4d16-8d5c-2c1d273a7308,Daft Punk,160626,29,0.0274,0.592,0.829,0.885,11.0,0.0817,-10.497,1.0,0.0415,122.999,0.0342,B Mayor,5.0
454da99f-2447-44f0-a3ff-dad71b451f73,"Harder, Better, Faster, Stronger - Jess & Crabbe Remix",31444bb1-def2-455f-82c0-8f0e412b83c8,Daft Club,61db8f32-fd71-4d16-8d5c-2c1d273a7308,Daft Punk,361000,28,0.00036,0.851,0.803,0.00453,11.0,0.101,-5.893,0.0,0.0632,129.218,0.528,B Menor,2.0
62919367-51b1-4df7-911a-1f6ef851e3ae,Face to Face - Cosmo Vitelli Remix,31444bb1-def2-455f-82c0-8f0e412b83c8,Daft Club,61db8f32-fd71-4d16-8d5c-2c1d273a7308,Daft Punk,294986,28,0.0296,0.645,0.833,0.0837,8.0,0.0513,-6.102,0.0,0.0359,134.985,0.853,G# Menor,5.0
941a252d-9a0f-43e5-9c48-1a68931c11ff,Aerodynamic - Daft Punk Remix,31444bb1-def2-455f-82c0-8f0e412b83c8,Daft Club,61db8f32-fd71-4d16-8d5c-2c1d273a7308,Daft Punk,370986,46,0.413,0.568,0.928,0.572,11.0,0.111,-6.071,0.0,0.0733,122.892,0.181,B Menor,2.0
2e92d16e-3ba4-4c48-969e-2759caef0541,Too Long - Gonzales Version,31444bb1-def2-455f-82c0-8f0e412b83c8,Daft Club,61db8f32-fd71-4d16-8d5c-2c1d273a7308,Daft Punk,193706,24,0.721,0.398,0.177,0.0,8.0,0.117,-12.834,1.0,0.029,140.693,0.0686,Ab Mayor,4.0
8adf9329-de14-4586-b19e-6d71c829d035,Something About Us (Love Theme from Interstella 5555),31444bb1-def2-455f-82c0-8f0e412b83c8,Daft Club,61db8f32-fd71-4d16-8d5c-2c1d273a7308,Daft Punk,134933,38,0.295,0.889,0.423,0.449,9.0,0.084,-9.759,0.0,0.0456,99.935,0.81,A Menor,0.0
8bb0e17b-a577-4267-b5c6-035c4c348419,Digital Love - Boris Dlugosch Remix,31444bb1-def2-455f-82c0-8f0e412b83c8,Daft Club,61db8f32-fd71-4d16-8d5c-2c1d273a7308,Daft Punk,450546,29,0.00366,0.756,0.387,0.911,9.0,0.0653,-8.15,1.0,0.0588,124.674,0.398,A Mayor,3.0
5cd26377-ae6f-4b6b-848f-91abd611c9e9,"Harder, Better, Faster, Stronger - The Neptunes Remix",31444bb1-def2-455f-82c0-8f0e412b83c8,Daft Club,61db8f32-fd71-4d16-8d5c-2c1d273a7308,Daft Punk,312506,34,0.608,0.85,0.74,0.000782,11.0,0.302,-6.327,0.0,0.0552,123.451,0.907,B Menor,2.0
f65d330e-ce06-4a3c-9a04-19b1f4e403ae,Phoenix - Basement Jaxx Remix,31444bb1-def2-455f-82c0-8f0e412b83c8,Daft Club,61db8f32-fd71-4d16-8d5c-2c1d273a7308,Daft Punk,473053,23,0.000288,0.718,0.881,0.842,7.0,0.502,-8.029,1.0,0.0763,124.856,0.622,G Mayor,1.0
e6454fb7-599c-462f-a407-267275dd310e,Aerodynamic - Slum Village Remix,31444bb1-def2-455f-82c0-8f0e412b83c8,Daft Club,61db8f32-fd71-4d16-8d5c-2c1d273a7308,Daft Punk,217920,26,0.031,0.785,0.569,0.178,6.0,0.138,-6.198,0.0,0.176,94.801,0.768,F# Menor,3.0
c686bede-c5c7-4a0c-9c60-915d73391363,One More Time - Romanthony's Unplugged,31444bb1-def2-455f-82c0-8f0e412b83c8,Daft Club,61db8f32-fd71-4d16-8d5c-2c1d273a7308,Daft Punk,220586,23,0.915,0.602,0.0967,0.000775,9.0,0.241,-13.379,1.0,0.0559,98.582,0.257,A Mayor,3.0
99d0006a-c366-47e8-81d9-be320453d4be,Funk Ad,048b5ef3-5b64-412c-bdd8-3da2a885da61,Homework,61db8f32-fd71-4d16-8d5c-2c1d273a7308,Daft Punk,51400,36,0.00021,0.724,0.783,0.49,7.0,0.295,-8.958,1.0,0.176,111.833,0.3,G Mayor,1.0
7e7e7ff9-3514-42b5-baa8-68e55c46d471,Da Funk,048b5ef3-5b64-412c-bdd8-3da2a885da61,Homework,61db8f32-fd71-4d16-8d5c-2c1d273a7308,Daft Punk,328680,62,0.00196,0.806,0.7,0.891,0.0,0.267,-5.269,0.0,0.0752,111.215,0.892,C Menor,3.0
44c67668-2784-4755-88f9-6424381f6516,Rock'n Roll,048b5ef3-5b64-412c-bdd8-3da2a885da61,Homework,61db8f32-fd71-4d16-8d5c-2c1d273a7308,Daft Punk,453866,43,0.0171,0.955,0.899,0.64,1.0,0.0642,-7.599,1.0,0.273,134.941,0.331,Db Mayor,5.0
8b15b1f3-678e-4d2f-8530-9feff2dd0aa5,Alive,048b5ef3-5b64-412c-bdd8-3da2a885da61,Homework,61db8f32-fd71-4d16-8d5c-2c1d273a7308,Daft Punk,316253,41,5.42e-05,0.723,0.716,0.905,3.0,0.072,-6.407,0.0,0.0437,128.701,0.0748,D# Menor,5.0
275759f2-2fa5-45d3-a986-346c02182ca3,Around the World,048b5ef3-5b64-412c-bdd8-3da2a885da61,Homework,61db8f32-fd71-4d16-8d5c-2c1d273a7308,Daft Punk,429533,71,0.00356,0.956,0.795,0.889,7.0,0.0906,-5.311,1.0,0.15,121.294,0.841,G Mayor,1.0
e92ed634-1e48-4e79-baf4-d68e3b9ef98b,Oh Yeah,048b5ef3-5b64-412c-bdd8-3da2a885da61,Homework,61db8f32-fd71-4d16-8d5c-2c1d273a7308,Daft Punk,121200,37,0.0706,0.602,0.309,0.294,8.0,0.0895,-8.396,1.0,0.352,176.704,0.559,Ab Mayor,4.0
56a07a95-6595-4eb8-9038-713d49b7921e,Indo Silver Club,048b5ef3-5b64-412c-bdd8-3da2a885da61,Homework,61db8f32-fd71-4d16-8d5c-2c1d273a7308,Daft Punk,274733,39,0.0888,0.886,0.847,0.937,11.0,0.087,-8.296,1.0,0.1,126.163,0.443,B Mayor,5.0
b8d0bf3d-37eb-4dcf-a894-f820640e60e9,Teachers,048b5ef3-5b64-412c-bdd8-3da2a885da61,Homework,61db8f32-fd71-4d16-8d5c-2c1d273a7308,Daft Punk,173493,41,0.03,0.98,0.486,0.823,6.0,0.0995,-7.31,1.0,0.251,123.206,0.823,F# Mayor,5.0
26d9905e-b03f-4b9e-b515-8a41553df88e,Revolution 909,048b5ef3-5b64-412c-bdd8-3da2a885da61,Homework,61db8f32-fd71-4d16-8d5c-2c1d273a7308,Daft Punk,335026,53,0.0265,0.745,0.716,0.846,11.0,0.246,-7.918,1.0,0.136,126.527,0.828,B Mayor,5.0
f9d743e7-8d66-49f8-992d-b22171b62403,High Fidelity,048b5ef3-5b64-412c-bdd8-3da2a885da61,Homework,61db8f32-fd71-4d16-8d5c-2c1d273a7308,Daft Punk,362466,40,0.000996,0.799,0.66,0.446,11.0,0.313,-8.829,0.0,0.175,125.909,0.391,B Menor,2.0
bd141362-c21f-408d-9b67-160f58acbd28,Rollin' & Scratchin',048b5ef3-5b64-412c-bdd8-3da2a885da61,Homework,61db8f32-fd71-4d16-8d5c-2c1d273a7308,Daft Punk,448626,45,0.00108,0.822,0.791,0.621,1.0,0.0567,-4.87,1.0,0.0414,130.059,0.21,Db Mayor,5.0
56cd8167-5af1-4cc9-b14c-2a307eb99a16,Phoenix,048b5ef3-5b64-412c-bdd8-3da2a885da61,Homework,61db8f32-fd71-4d16-8d5c-2c1d273a7308,Daft Punk,297106,44,1.91e-05,0.804,0.719,0.926,7.0,0.0847,-8.207,1.0,0.0835,126.874,0.569,G Mayor,1.0
1d2f178c-4657-484c-9f28-82907b11bfa8,Burnin',048b5ef3-5b64-412c-bdd8-3da2a885da61,Homework,61db8f32-fd71-4d16-8d5c-2c1d273a7308,Daft Punk,414173,42,0.192,0.87,0.875,0.357,6.0,0.0804,-8.501,0.0,0.205,124.298,0.715,F# Menor,3.0
f8127374-8cb5-4e4d-a854-abd0cfabfff8,Fresh,048b5ef3-5b64-412c-bdd8-3da2a885da61,Homework,61db8f32-fd71-4d16-8d5c-2c1d273a7308,Daft Punk,244400,48,0.268,0.503,0.952,0.272,1.0,0.875,-9.308,1.0,0.572,126.345,0.174,Db Mayor,5.0
c1dfeff5-a5ee-4219-a0d2-b845e42ff23d,WDPK 83.7 FM,048b5ef3-5b64-412c-bdd8-3da2a885da61,Homework,61db8f32-fd71-4d16-8d5c-2c1d273a7308,Daft Punk,28333,9,0.00492,0.856,0.569,0.0353,1.0,0.474,-5.916,1.0,0.206,110.943,0.919,Db Mayor,5.0
684e446a-0f92-49d1-8c40-c77bf1dfe833,Daftendirekt,048b5ef3-5b64-412c-bdd8-3da2a885da61,Homework,61db8f32-fd71-4d16-8d5c-2c1d273a7308,Daft Punk,164560,46,0.00695,0.883,0.743,0.796,5.0,0.0936,-8.418,0.0,0.162,111.019,0.336,F Menor,4.0
a6335467-64e1-47ba-8e76-8417fb0b7e38,Give Life Back to Music,1b9d3496-8999-4daa-aeef-768ef47deb7f,Random Access Memories,61db8f32-fd71-4d16-8d5c-2c1d273a7308,Daft Punk,275386,61,0.00286,0.788,0.616,0.549,9.0,0.0952,-10.671,0.0,0.0337,119.037,0.696,A Menor,0.0
d6ad4df0-ddf5-428f-9a3a-c21eaf1d2dfe,Fragments of Time (feat. Todd Edwards),1b9d3496-8999-4daa-aeef-768ef47deb7f,Random Access Memories,61db8f32-fd71-4d16-8d5c-2c1d273a7308,Daft Punk,279773,58,0.041,0.807,0.51,0.115,0.0,0.104,-9.729,1.0,0.0433,130.118,0.961,C Mayor,0.0
0641955b-06ef-440d-a44e-cb56a779c04d,Beyond,1b9d3496-8999-4daa-aeef-768ef47deb7f,Random Access Memories,61db8f32-fd71-4d16-8d5c-2c1d273a7308,Daft Punk,290240,53,0.367,0.716,0.648,0.485,8.0,0.368,-11.33,0.0,0.0337,104.022,0.789,G# Menor,5.0
8f90befd-9598-4f4d-88f7-366379fbaac0,Giorgio by Moroder,1b9d3496-8999-4daa-aeef-768ef47deb7f,Random Access Memories,61db8f32-fd71-4d16-8d5c-2c1d273a7308,Daft Punk,544626,62,0.0692,0.74,0.682,0.53,9.0,0.381,-10.42,0.0,0.0504,113.201,0.41,A Menor,0.0
b30f775a-6d2c-45cf-a3ee-be7814342335,Instant Crush (feat. Julian Casablancas),1b9d3496-8999-4daa-aeef-768ef47deb7f,Random Access Memories,61db8f32-fd71-4d16-8d5c-2c1d273a7308,Daft Punk,337560,76,0.0422,0.775,0.585,0.619,10.0,0.077,-9.516,0.0,0.0271,109.942,0.518,Bb Menor,5.0
1105ebb7-e5fb-4e60-a5d3-7ddffc0dd54b,Contact,1b9d3496-8999-4daa-aeef-768ef47deb7f,Random Access Memories,61db8f32-fd71-4d16-8d5c-2c1d273a7308,Daft Punk,383626,51,0.00282,0.4,0.756,0.753,11.0,0.0695,-8.423,0.0,0.0492,123.828,0.0924,B Menor,2.0
038dd0f3-c875-4364-9285-d9c3f5667032,Doin' it Right (feat. Panda Bear),1b9d3496-8999-4daa-aeef-768ef47deb7f,Random Access Memories,61db8f32-fd71-4d16-8d5c-2c1d273a7308,Daft Punk,251293,59,0.388,0.804,0.451,2.17e-05,6.0,0.0924,-8.207,1.0,0.0949,178.061,0.19,F# Mayor,5.0
b9054bbd-6e7f-46f7-91fa-419f985b7b7e,The Game of Love,1b9d3496-8999-4daa-aeef-768ef47deb7f,Random Access Memories,61db8f32-fd71-4d16-8d5c-2c1d273a7308,Daft Punk,322146,55,0.825,0.712,0.5,0.314,9.0,0.106,-11.948,0.0,0.0338,90.039,0.682,A Menor,0.0
327b60e0-3f85-4696-91d9-57f5ff2a8c4d,Lose Yourself to Dance (feat. Pharrell Williams),1b9d3496-8999-4daa-aeef-768ef47deb7f,Random Access Memories,61db8f32-fd71-4d16-8d5c-2c1d273a7308,Daft Punk,353893,67,0.0839,0.832,0.659,0.00114,10.0,0.0753,-7.828,0.0,0.057,100.163,0.674,Bb Menor,5.0
4dc6cf35-0a8d-42d3-8470-2c735ac6e4c4,Get Lucky (feat. Pharrell Williams and Nile Rodgers),1b9d3496-8999-4daa-aeef-768ef47deb7f,Random Access Memories,61db8f32-fd71-4d16-8d5c-2c1d273a7308,Daft Punk,369626,72,0.0378,0.81,0.793,1.77e-06,6.0,0.072,-9.404,0.0,0.0403,116.05,0.863,F# Menor,3.0
9bbca230-2e9e-4a61-bfb9-b2970ab5b0aa,Motherboard,1b9d3496-8999-4daa-aeef-768ef47deb7f,Random Access Memories,61db8f32-fd71-4d16-8d5c-2c1d273a7308,Daft Punk,341653,51,0.512,0.548,0.707,0.922,4.0,0.105,-14.902,0.0,0.0352,103.009,0.284,E Menor,1.0
7e3d312d-318c-47de-a8c5-bf6ea72ec2e5,Within,1b9d3496-8999-4daa-aeef-768ef47deb7f,Random Access Memories,61db8f32-fd71-4d16-8d5c-2c1d273a7308,Daft Punk,228506,56,0.894,0.702,0.297,0.485,10.0,0.103,-14.116,0.0,0.0317,110.116,0.0676,Bb Menor,5.0
f0b13a24-461f-427a-b130-7670d896ea69,Touch (feat. Paul Williams),1b9d3496-8999-4daa-aeef-768ef47deb7f,Random Access Memories,61db8f32-fd71-4d16-8d5c-2c1d273a7308,Daft Punk,498960,56,0.477,0.29,0.412,0.0839,6.0,0.079,-12.659,0.0,0.0458,90.539,0.12,F# Menor,3.0
57b511c8-1500-4356-a0f9-a8bd28d5ab99,"Episode 3, Nile Rodgers",2772c960-645b-4609-b32a-1d7df0802e48,Daft Punk | Random Access Memories | The Collaborators,61db8f32-fd71-4d16-8d5c-2c1d273a7308,Daft Punk,453200,14,0.359,0.707,0.515,0.0,6.0,0.237,-12.299,0.0,0.772,115.171,0.654,F# Menor,3.0
ebbda9b6-313c-43f5-a1dd-5bf902c0e37a,"Episode 2, Todd Edwards",2772c960-645b-4609-b32a-1d7df0802e48,Daft Punk | Random Access Memories | The Collaborators,61db8f32-fd71-4d16-8d5c-2c1d273a7308,Daft Punk,458493,15,0.424,0.723,0.389,0.0,9.0,0.183,-13.204,1.0,0.8,118.413,0.624,A Mayor,3.0
e47b71af-ecc5-4c99-a39e-ff9ae6511c22,"Episode 7, DJ Falcon",2772c960-645b-4609-b32a-1d7df0802e48,Daft Punk | Random Access Memories | The Collaborators,61db8f32-fd71-4d16-8d5c-2c1d273a7308,Daft Punk,485933,12,0.752,0.689,0.394,0.0,9.0,0.259,-10.859,1.0,0.768,112.787,0.666,A Mayor,3.0
0e0f44e1-909e-46f0-95b8-a4ef24b640ba,"Episode 5, Panda Bear",2772c960-645b-4609-b32a-1d7df0802e48,Daft Punk | Random Access Memories | The Collaborators,61db8f32-fd71-4d16-8d5c-2c1d273a7308,Daft Punk,457813,13,0.313,0.679,0.377,0.0,2.0,0.163,-14.144,1.0,0.553,116.597,0.586,D Mayor,2.0
10fe188f-b352-40b4-b0a2-d4123a3f2565,"Episode 1, Giorgio Moroder",2772c960-645b-4609-b32a-1d7df0802e48,Daft Punk | Random Access Memories | The Collaborators,61db8f32-fd71-4d16-8d5c-2c1d273a7308,Daft Punk,473506,19,0.506,0.717,0.382,0.0,9.0,0.242,-13.752,1.0,0.64,116.632,0.622,A Mayor,3.0
ec3bccfb-e1e2-42e9-ad40-f69754a3df6b,"Episode 8, Paul Williams",2772c960-645b-4609-b32a-1d7df0802e48,Daft Punk | Random Access Memories | The Collaborators,61db8f32-fd71-4d16-8d5c-2c1d273a7308,Daft Punk,449320,12,0.798,0.718,0.388,0.0,9.0,0.263,-12.546,1.0,0.833,123.655,0.661,A Mayor,3.0
aafe3fa5-9920-4ed0-a247-d56445581a28,"Episode 4, Pharrell Williams",2772c960-645b-4609-b32a-1d7df0802e48,Daft Punk | Random Access Memories | The Collaborators,61db8f32-fd71-4d16-8d5c-2c1d273a7308,Daft Punk,422826,15,0.297,0.635,0.476,0.0,6.0,0.181,-13.942,0.0,0.446,116.154,0.6,F# Menor,3.0
7bac8b34-e748-435a-9dd5-62e92862fabe,"Episode 6, Chilly Gonzales",2772c960-645b-4609-b32a-1d7df0802e48,Daft Punk | Random Access Memories | The Collaborators,61db8f32-fd71-4d16-8d5c-2c1d273a7308,Daft Punk,516466,12,0.666,0.573,0.442,0.0,7.0,0.23,-13.044,1.0,0.664,80.7,0.55,G Mayor,1.0
462f96a2-0adf-428c-aa68-47467f40c589,Emotion,ea32f674-cf35-438b-9a1b-1a48292dd056,Human After All,61db8f32-fd71-4d16-8d5c-2c1d273a7308,Daft Punk,417320,36,0.000555,0.344,0.613,0.232,7.0,0.192,-6.881,1.0,0.0369,98.305,0.053,G Mayor,1.0
d5652e05-9eec-405c-9870-c8075d8b1e42,The Prime Time of Your Life,ea32f674-cf35-438b-9a1b-1a48292dd056,Human After All,61db8f32-fd71-4d16-8d5c-2c1d273a7308,Daft Punk,263240,37,4.51e-05,0.503,0.507,0.514,9.0,0.288,-7.243,1.0,0.181,128.606,0.0987,A Mayor,3.0
59cd4455-ac6e-433a-ae52-2ca7ee2681d0,Technologic,ea32f674-cf35-438b-9a1b-1a48292dd056,Human After All,61db8f32-fd71-4d16-8d5c-2c1d273a7308,Daft Punk,284280,53,0.000369,0.812,0.516,1.09e-05,9.0,0.0991,-6.963,1.0,0.224,127.498,0.633,A Mayor,3.0
bc77b596-0052-47a9-98cc-5db5c4b390ed,Television Rules the Nation,ea32f674-cf35-438b-9a1b-1a48292dd056,Human After All,61db8f32-fd71-4d16-8d5c-2c1d273a7308,Daft Punk,287840,38,6.04e-06,0.702,0.567,0.706,7.0,0.1,-5.468,1.0,0.0897,115.316,0.705,G Mayor,1.0
87d33835-6376-4b18-b781-e19909fb3065,Human After All,ea32f674-cf35-438b-9a1b-1a48292dd056,Human After All,61db8f32-fd71-4d16-8d5c-2c1d273a7308,Daft Punk,319879,46,0.00139,0.608,0.725,0.0546,0.0,0.0802,-4.367,1.0,0.342,136.251,0.802,C Mayor,0.0
29c42b54-5ffe-4bf6-9ce1-fa1b5f118f55,On / Off,ea32f674-cf35-438b-9a1b-1a48292dd056,Human After All,61db8f32-fd71-4d16-8d5c-2c1d273a7308,Daft Punk,19200,1,0.974,0.597,0.54,1.26e-05,8.0,0.953,-15.07,1.0,0.425,67.443,0.93,Ab Mayor,4.0
f1722618-0c8f-4be6-b94a-19a7df5ec5ff,Make Love,ea32f674-cf35-438b-9a1b-1a48292dd056,Human After All,61db8f32-fd71-4d16-8d5c-2c1d273a7308,Daft Punk,289680,48,0.783,0.697,0.548,0.841,1.0,0.132,-9.087,1.0,0.0561,133.005,0.977,Db Mayor,5.0
71002f9e-42af-4c34-89c5-0bd0fcad0a93,Steam Machine,ea32f674-cf35-438b-9a1b-1a48292dd056,Human After All,61db8f32-fd71-4d16-8d5c-2c1d273a7308,Daft Punk,321186,33,5.07e-05,0.518,0.745,0.802,11.0,0.229,-6.787,0.0,0.212,92.07,0.549,B Menor,2.0
9e8e9314-9e7e-43e2-b4e7-d1e7bc132752,The Brainwasher,ea32f674-cf35-438b-9a1b-1a48292dd056,Human After All,61db8f32-fd71-4d16-8d5c-2c1d273a7308,Daft Punk,248400,33,1.36e-05,0.531,0.894,0.837,6.0,0.0742,-5.435,0.0,0.0466,119.708,0.0382,F# Menor,3.0
d01061b6-53d5-473a-80d5-63cc9c26b133,Robot Rock,ea32f674-cf35-438b-9a1b-1a48292dd056,Human After All,61db8f32-fd71-4d16-8d5c-2c1d273a7308,Daft Punk,287720,54,6.94e-06,0.59,0.787,0.845,7.0,0.0293,-5.766,1.0,0.0512,111.926,0.598,G Mayor,1.0
0afb5fe0-4f98-464d-b4a6-4036f9cb8ee6,"The Game Has Changed - From ""TRON: Legacy""/Score",e015ffa3-3b72-414f-9cc1-4f0d23793705,TRON: Legacy,61db8f32-fd71-4d16-8d5c-2c1d273a7308,Daft Punk,205480,41,0.451,0.543,0.509,0.734,1.0,0.112,-14.745,0.0,0.0418,99.974,0.0694,C# Menor,4.0
0d8c763c-9d1d-4542-bfef-ba4cc9ea5010,"Adagio For TRON - From ""TRON: Legacy""/Score",e015ffa3-3b72-414f-9cc1-4f0d23793705,TRON: Legacy,61db8f32-fd71-4d16-8d5c-2c1d273a7308,Daft Punk,251093,38,0.707,0.0963,0.12,0.91,1.0,0.129,-19.769,0.0,0.05,88.728,0.0366,C# Menor,4.0
c972947c-81d7-4144-afdd-3796dd5c37be,"C.L.U. - From ""TRON: Legacy""/Score",e015ffa3-3b72-414f-9cc1-4f0d23793705,TRON: Legacy,61db8f32-fd71-4d16-8d5c-2c1d273a7308,Daft Punk,279320,34,0.343,0.353,0.511,0.746,10.0,0.228,-13.065,1.0,0.0341,86.249,0.0499,Bb Mayor,2.0
858312b0-353d-4f3e-89f7-114381abf93d,"Solar Sailer - From ""TRON: Legacy""/Score",e015ffa3-3b72-414f-9cc1-4f0d23793705,TRON: Legacy,61db8f32-fd71-4d16-8d5c-2c1d273a7308,Daft Punk,162120,51,0.852,0.179,0.167,0.748,1.0,0.106,-23.408,1.0,0.0394,124.266,0.0399,Db Mayor,5.0
4a894dca-bf73-4db0-9c9c-4a83e697dd70,"TRON Legacy (End Titles) - From ""TRON: Legacy""/Score",e015ffa3-3b72-414f-9cc1-4f0d23793705,TRON: Legacy,61db8f32-fd71-4d16-8d5c-2c1d273a7308,Daft Punk,197826,45,1.62e-05,0.43,0.829,0.879,1.0,0.358,-9.142,0.0,0.043,101.974,0.0406,C# Menor,4.0
f07eea02-9761-4715-a930-38c5837b9e7e,"Recognizer - From ""TRON: Legacy""/Score",e015ffa3-3b72-414f-9cc1-4f0d23793705,TRON: Legacy,61db8f32-fd71-4d16-8d5c-2c1d273a7308,Daft Punk,157706,40,0.481,0.577,0.539,0.575,1.0,0.108,-14.684,1.0,0.0404,103.993,0.0578,Db Mayor,5.0
08b3ecb9-ee30-4614-8636-3fa61883605a,"Rectifier - From ""TRON: Legacy""/Score",e015ffa3-3b72-414f-9cc1-4f0d23793705,TRON: Legacy,61db8f32-fd71-4d16-8d5c-2c1d273a7308,Daft Punk,134053,32,0.584,0.438,0.191,0.864,2.0,0.121,-14.827,1.0,0.0373,66.006,0.0398,D Mayor,2.0
4491f230-ccc1-4f13-83b7-c30770196b79,"The Son of Flynn - From ""TRON: Legacy""/Score",e015ffa3-3b72-414f-9cc1-4f0d23793705,TRON: Legacy,61db8f32-fd71-4d16-8d5c-2c1d273a7308,Daft Punk,95226,54,0.901,0.543,0.775,0.902,0.0,0.258,-17.616,0.0,0.052,106.018,0.0222,C Menor,3.0
8dd4ca65-0ffd-4a2e-83a2-860a34a5c129,"Outlands - From ""TRON: Legacy""/Score",e015ffa3-3b72-414f-9cc1-4f0d23793705,TRON: Legacy,61db8f32-fd71-4d16-8d5c-2c1d273a7308,Daft Punk,162480,38,0.818,0.571,0.449,0.688,0.0,0.281,-16.077,1.0,0.0382,113.165,0.172,C Mayor,0.0
9ca7e994-6e77-48a5-a7ab-c139e79e12eb,"Arena - From ""TRON: Legacy""/Score",e015ffa3-3b72-414f-9cc1-4f0d23793705,TRON: Legacy,61db8f32-fd71-4d16-8d5c-2c1d273a7308,Daft Punk,93226,37,0.0173,0.334,0.423,0.994,1.0,0.0732,-13.562,1.0,0.0348,100.058,0.0859,Db Mayor,5.0
23e185f8-e46e-45b8-bc1b-f00b7e2d8222,"Flynn Lives - From ""TRON: Legacy""/Score",e015ffa3-3b72-414f-9cc1-4f0d23793705,TRON: Legacy,61db8f32-fd71-4d16-8d5c-2c1d273a7308,Daft Punk,202146,40,0.95,0.45,0.278,0.646,1.0,0.185,-14.318,1.0,0.034,108.004,0.0421,Db Mayor,5.0
8001822b-f3ce-4e88-aa07-09bc83cba9b5,"Rinzler - From ""TRON: Legacy""/Score",e015ffa3-3b72-414f-9cc1-4f0d23793705,TRON: Legacy,61db8f32-fd71-4d16-8d5c-2c1d273a7308,Daft Punk,137640,39,0.495,0.498,0.641,0.847,9.0,0.0999,-14.679,1.0,0.0448,90.017,0.0372,A Mayor,3.0
68b1d377-ebd8-410a-9e70-74718f6bfb01,"Overture - From ""TRON: Legacy""/Score",e015ffa3-3b72-414f-9cc1-4f0d23793705,TRON: Legacy,61db8f32-fd71-4d16-8d5c-2c1d273a7308,Daft Punk,148013,43,0.873,0.104,0.0818,0.976,1.0,0.132,-14.773,1.0,0.0483,72.639,0.0378,Db Mayor,5.0
912b2765-9378-4c21-9a01-c903e778b942,"Armory - From ""TRON: Legacy""/Score",e015ffa3-3b72-414f-9cc1-4f0d23793705,TRON: Legacy,61db8f32-fd71-4d16-8d5c-2c1d273a7308,Daft Punk,122986,36,0.677,0.384,0.0475,0.924,5.0,0.115,-23.951,0.0,0.0372,95.997,0.033,F Menor,4.0
64203e9e-39b8-4a98-8f58-416fd803b443,"The Grid - From ""TRON: Legacy""/Score",e015ffa3-3b72-414f-9cc1-4f0d23793705,TRON: Legacy,61db8f32-fd71-4d16-8d5c-2c1d273a7308,Daft Punk,96746,41,0.302,0.548,0.496,0.135,1.0,0.321,-13.466,1.0,0.0355,102.062,0.0973,Db Mayor,5.0
f76913f3-dd41-4030-8d33-656c859905ca,"Fall - From ""TRON: Legacy""/Score",e015ffa3-3b72-414f-9cc1-4f0d23793705,TRON: Legacy,61db8f32-fd71-4d16-8d5c-2c1d273a7308,Daft Punk,82613,37,3.7e-05,0.28,0.651,0.932,11.0,0.203,-10.124,0.0,0.0302,179.972,0.206,B Menor,2.0
c9aa6810-df51-472e-bbf0-2f6ace6fe7c8,"Derezzed - From ""TRON: Legacy""/Score",e015ffa3-3b72-414f-9cc1-4f0d23793705,TRON: Legacy,61db8f32-fd71-4d16-8d5c-2c1d273a7308,Daft Punk,104120,52,0.00166,0.54,0.635,0.788,1.0,0.209,-10.071,1.0,0.0519,119.995,0.126,Db Mayor,5.0
587fc168-2a0f-42a9-943f-6ed1b29366e9,"Arrival - From ""TRON: Legacy""/Score",e015ffa3-3b72-414f-9cc1-4f0d23793705,TRON: Legacy,61db8f32-fd71-4d16-8d5c-2c1d273a7308,Daft Punk,120493,33,0.917,0.107,0.13,0.722,8.0,0.115,-22.59,0.0,0.0492,78.249,0.0385,G# Menor,5.0
de692d30-98a0-4e12-8ef3-17da9c76a785,"Finale - From ""TRON: Legacy""/Score",e015ffa3-3b72-414f-9cc1-4f0d23793705,TRON: Legacy,61db8f32-fd71-4d16-8d5c-2c1d273a7308,Daft Punk,262786,31,0.935,0.0787,0.11,0.865,5.0,0.0985,-15.199,1.0,0.0491,173.343,0.0282,F Mayor,1.0
8f45241c-18ea-4a23-aa87-d733c4c47627,"Disc Wars - From ""TRON: Legacy""/Score",e015ffa3-3b72-414f-9cc1-4f0d23793705,TRON: Legacy,61db8f32-fd71-4d16-8d5c-2c1d273a7308,Daft Punk,251440,36,0.433,0.543,0.48,0.886,2.0,0.117,-14.551,1.0,0.0304,159.969,0.35,D Mayor,2.0
db938b5e-8bf1-4815-aad9-886ef319a9b8,"Nocturne - From ""TRON: Legacy""/Score",01c7a25e-8864-4e2c-bafd-6bae08f38b98,TRON: Legacy,61db8f32-fd71-4d16-8d5c-2c1d273a7308,Daft Punk,101680,30,0.499,0.185,0.0362,0.74,9.0,0.11,-27.285,0.0,0.0373,75.131,0.0335,A Menor,0.0
6253f69a-c066-43af-b7a0-e547ee04e167,"End of Line - From ""TRON: Legacy""/Score",01c7a25e-8864-4e2c-bafd-6bae08f38b98,TRON: Legacy,61db8f32-fd71-4d16-8d5c-2c1d273a7308,Daft Punk,156480,40,0.000513,0.354,0.449,0.778,9.0,0.344,-11.353,1.0,0.03,195.983,0.0397,A Mayor,3.0
7a0df517-47da-45e1-b397-af37c07e1112,More Than This,31d43345-4e64-4e16-9fef-e1ce8c43cc96,Up All Night,2e5d58b5-0342-49b7-ac41-4d60e4ebd2fe,One Direction,229106,63,0.0607,0.498,0.715,0.0,0.0,0.274,-4.446,1.0,0.0315,151.809,0.225,C Mayor,0.0
80b66998-7fad-4dd2-af52-83d5894a283d,Stand Up,31d43345-4e64-4e16-9fef-e1ce8c43cc96,Up All Night,2e5d58b5-0342-49b7-ac41-4d60e4ebd2fe,One Direction,175093,56,0.00646,0.584,0.9,0.0,4.0,0.267,-3.637,1.0,0.0611,125.007,0.893,E Mayor,4.0
88e5d4d6-d144-411e-ae05-d2b71cf8b6d9,Up All Night,31d43345-4e64-4e16-9fef-e1ce8c43cc96,Up All Night,2e5d58b5-0342-49b7-ac41-4d60e4ebd2fe,One Direction,194693,62,0.023,0.606,0.929,0.0,0.0,0.101,-2.182,1.0,0.055,139.022,0.622,C Mayor,0.0
4ba04086-7521-4e7a-887c-edb9860e855e,Stole My Heart,31d43345-4e64-4e16-9fef-e1ce8c43cc96,Up All Night,2e5d58b5-0342-49b7-ac41-4d60e4ebd2fe,One Direction,205560,57,0.0815,0.681,0.889,0.0,7.0,0.319,-4.339,1.0,0.0396,126.909,0.634,G Mayor,1.0
c023eb61-1a18-49c8-bdd3-eb23d09de28a,Everything About You,31d43345-4e64-4e16-9fef-e1ce8c43cc96,Up All Night,2e5d58b5-0342-49b7-ac41-4d60e4ebd2fe,One Direction,217453,54,0.0136,0.644,0.799,0.0,7.0,0.0811,-3.575,1.0,0.0366,130.051,0.79,G Mayor,1.0
02539ac6-dd55-4785-928d-175329c72634,Gotta Be You,31d43345-4e64-4e16-9fef-e1ce8c43cc96,Up All Night,2e5d58b5-0342-49b7-ac41-4d60e4ebd2fe,One Direction,244506,62,0.374,0.495,0.583,0.0,8.0,0.0781,-4.531,1.0,0.0249,84.969,0.603,Ab Mayor,4.0
670e62fb-8031-42ba-83c5-4c958861606d,Moments,31d43345-4e64-4e16-9fef-e1ce8c43cc96,Up All Night,2e5d58b5-0342-49b7-ac41-4d60e4ebd2fe,One Direction,262640,60,0.0283,0.474,0.739,0.0,2.0,0.299,-4.937,1.0,0.0451,149.894,0.253,D Mayor,2.0
7cbff58f-8f8f-407e-be4b-895a7fcefb19,Save You Tonight,31d43345-4e64-4e16-9fef-e1ce8c43cc96,Up All Night,2e5d58b5-0342-49b7-ac41-4d60e4ebd2fe,One Direction,205920,54,0.00528,0.602,0.871,0.0,2.0,0.288,-4.208,0.0,0.0622,128.057,0.495,D Menor,1.0
7ad2737a-c5df-4e90-801d-8e10e7aba862,Same Mistakes,31d43345-4e64-4e16-9fef-e1ce8c43cc96,Up All Night,2e5d58b5-0342-49b7-ac41-4d60e4ebd2fe,One Direction,218706,55,0.00455,0.374,0.659,0.0,8.0,0.242,-5.472,1.0,0.0281,179.961,0.168,Ab Mayor,4.0
94beb888-bb15-483b-abbc-d543d79f2364,What Makes You Beautiful,31d43345-4e64-4e16-9fef-e1ce8c43cc96,Up All Night,2e5d58b5-0342-49b7-ac41-4d60e4ebd2fe,One Direction,199986,82,0.009,0.726,0.787,0.0,4.0,0.0596,-2.494,1.0,0.0737,124.99,0.888,E Mayor,4.0
0eedcbc2-2242-4dd9-b8e2-0e91bde413cb,Taken,31d43345-4e64-4e16-9fef-e1ce8c43cc96,Up All Night,2e5d58b5-0342-49b7-ac41-4d60e4ebd2fe,One Direction,237706,58,0.00387,0.507,0.868,0.0,2.0,0.413,-5.204,1.0,0.0305,95.035,0.684,D Mayor,2.0
2a2b1ce8-f663-4f53-a713-af4fb4703d74,I Should Have Kissed You,31d43345-4e64-4e16-9fef-e1ce8c43cc96,Up All Night,2e5d58b5-0342-49b7-ac41-4d60e4ebd2fe,One Direction,215933,56,0.017,0.495,0.966,0.0,3.0,0.606,-2.284,1.0,0.114,139.931,0.553,Eb Mayor,3.0
bed04fa2-2d2d-4fb7-a814-b279f6b60c36,I Wish,31d43345-4e64-4e16-9fef-e1ce8c43cc96,Up All Night,2e5d58b5-0342-49b7-ac41-4d60e4ebd2fe,One Direction,216946,58,0.00914,0.62,0.872,0.0,7.0,0.111,-3.123,1.0,0.0347,124.044,0.299,G Mayor,1.0
f184c8a8-fabe-4779-bacb-e80f18877e2e,Na Na Na,31d43345-4e64-4e16-9fef-e1ce8c43cc96,Up All Night,2e5d58b5-0342-49b7-ac41-4d60e4ebd2fe,One Direction,185653,56,0.0191,0.582,0.903,0.0,11.0,0.374,-2.155,1.0,0.0576,144.973,0.639,B Mayor,5.0
02eea91a-4584-4bc5-9202-576a5088f0b0,One Thing,31d43345-4e64-4e16-9fef-e1ce8c43cc96,Up All Night,2e5d58b5-0342-49b7-ac41-4d60e4ebd2fe,One Direction,197600,73,0.00233,0.713,0.718,0.0,2.0,0.0838,-3.806,1.0,0.0278,126.999,0.656,D Mayor,2.0
a847b4a8-0edf-4d40-944f-b6d5aa287836,I Want,31d43345-4e64-4e16-9fef-e1ce8c43cc96,Up All Night,2e5d58b5-0342-49b7-ac41-4d60e4ebd2fe,One Direction,173586,57,0.0182,0.674,0.814,0.0,7.0,0.079,-2.814,1.0,0.0391,128.092,0.491,G Mayor,1.0
3a1d2ce3-9c33-44ec-9099-665c4675e73b,Tell Me a Lie,31d43345-4e64-4e16-9fef-e1ce8c43cc96,Up All Night,2e5d58b5-0342-49b7-ac41-4d60e4ebd2fe,One Direction,198053,56,0.000165,0.561,0.898,1.86e-05,7.0,0.327,-4.722,1.0,0.056,133.965,0.638,G Mayor,1.0
5c37cd6c-c3df-4287-9d39-b274b31532b7,Another World,31d43345-4e64-4e16-9fef-e1ce8c43cc96,Up All Night,2e5d58b5-0342-49b7-ac41-4d60e4ebd2fe,One Direction,203706,52,0.000478,0.54,0.86,0.0,8.0,0.214,-2.424,1.0,0.0508,127.927,0.585,Ab Mayor,4.0
1230cefe-2015-4120-aec1-218cb4c29125,Little White Lies,6b6ac7bd-c250-4cf6-98b7-a7095e9d7fe3,Midnight Memories,2e5d58b5-0342-49b7-ac41-4d60e4ebd2fe,One Direction,197920,57,0.00726,0.591,0.899,0.0,0.0,0.393,-3.768,1.0,0.0536,139.547,0.446,C Mayor,0.0
f29d1706-f9a6-49d1-80b9-bf78ed583138,Through the Dark,6b6ac7bd-c250-4cf6-98b7-a7095e9d7fe3,Midnight Memories,2e5d58b5-0342-49b7-ac41-4d60e4ebd2fe,One Direction,221733,61,0.188,0.568,0.691,0.0,9.0,0.0861,-5.225,1.0,0.0306,131.007,0.396,A Mayor,3.0
a6e2747b-29e6-405d-96ab-2fbe315864ee,Right Now,6b6ac7bd-c250-4cf6-98b7-a7095e9d7fe3,Midnight Memories,2e5d58b5-0342-49b7-ac41-4d60e4ebd2fe,One Direction,200400,75,0.218,0.645,0.78,0.0,8.0,0.0919,-5.165,1.0,0.0319,120.008,0.372,Ab Mayor,4.0
5b692a74-4349-4427-bf4c-b85779c73266,You & I,6b6ac7bd-c250-4cf6-98b7-a7095e9d7fe3,Midnight Memories,2e5d58b5-0342-49b7-ac41-4d60e4ebd2fe,One Direction,237933,75,0.22,0.574,0.329,0.0,1.0,0.0986,-6.829,1.0,0.0274,130.993,0.356,Db Mayor,5.0
16a2f743-070a-4c8b-bef8-5b79b9a76286,Something Great,6b6ac7bd-c250-4cf6-98b7-a7095e9d7fe3,Midnight Memories,2e5d58b5-0342-49b7-ac41-4d60e4ebd2fe,One Direction,236520,55,0.00793,0.547,0.649,0.0,2.0,0.201,-5.039,1.0,0.0298,114.019,0.361,D Mayor,2.0
25871b7f-0b72-4068-bf9f-f5374e5538fc,Strong,6b6ac7bd-c250-4cf6-98b7-a7095e9d7fe3,Midnight Memories,2e5d58b5-0342-49b7-ac41-4d60e4ebd2fe,One Direction,184373,70,0.0608,0.741,0.663,0.0,0.0,0.0931,-7.308,1.0,0.0434,115.013,0.338,C Mayor,0.0
1269e22f-4739-47dd-82bb-e6c849f6efc5,Don't Forget Where You Belong,6b6ac7bd-c250-4cf6-98b7-a7095e9d7fe3,Midnight Memories,2e5d58b5-0342-49b7-ac41-4d60e4ebd2fe,One Direction,241000,60,0.103,0.54,0.711,0.0,7.0,0.0827,-5.717,1.0,0.0255,92.014,0.292,G Mayor,1.0
573c640d-ed30-4978-bd36-337604ff818f,Little Black Dress,6b6ac7bd-c250-4cf6-98b7-a7095e9d7fe3,Midnight Memories,2e5d58b5-0342-49b7-ac41-4d60e4ebd2fe,One Direction,157653,57,0.000467,0.63,0.881,0.0,4.0,0.0405,-3.506,1.0,0.0433,121.468,0.54,E Mayor,4.0
06246b6a-daf6-4e59-9212-98f9c252c9e3,Story of My Life,6b6ac7bd-c250-4cf6-98b7-a7095e9d7fe3,Midnight Memories,2e5d58b5-0342-49b7-ac41-4d60e4ebd2fe,One Direction,245493,84,0.225,0.6,0.663,0.0,3.0,0.119,-5.802,1.0,0.0477,121.07,0.286,Eb Mayor,3.0
ce51b026-e16a-480f-9f50-666e1e29f865,Better Than Words,6b6ac7bd-c250-4cf6-98b7-a7095e9d7fe3,Midnight Memories,2e5d58b5-0342-49b7-ac41-4d60e4ebd2fe,One Direction,208666,59,0.114,0.627,0.839,0.0,11.0,0.534,-5.589,0.0,0.0508,157.993,0.79,B Menor,2.0
92204d2c-6c14-4e0c-abc9-bf7ab5ab7a88,Happily,6b6ac7bd-c250-4cf6-98b7-a7095e9d7fe3,Midnight Memories,2e5d58b5-0342-49b7-ac41-4d60e4ebd2fe,One Direction,175480,62,0.0426,0.623,0.89,0.0,9.0,0.153,-4.783,1.0,0.0394,117.0,0.824,A Mayor,3.0
c4ece7af-c815-47c0-9d38-7bd0dcb56077,Best Song Ever,6b6ac7bd-c250-4cf6-98b7-a7095e9d7fe3,Midnight Memories,2e5d58b5-0342-49b7-ac41-4d60e4ebd2fe,One Direction,200106,76,0.0227,0.652,0.877,0.0,1.0,0.0789,-2.986,1.0,0.0465,118.491,0.486,Db Mayor,5.0
e2d74652-2c3a-4d42-947c-1f8d0b79a540,Midnight Memories,6b6ac7bd-c250-4cf6-98b7-a7095e9d7fe3,Midnight Memories,2e5d58b5-0342-49b7-ac41-4d60e4ebd2fe,One Direction,176320,66,0.00725,0.432,0.868,0.0,6.0,0.233,-2.01,0.0,0.0882,156.128,0.567,F# Menor,3.0
2b1399f3-3fa9-4fd7-9df1-45b73b066013,Diana,6b6ac7bd-c250-4cf6-98b7-a7095e9d7fe3,Midnight Memories,2e5d58b5-0342-49b7-ac41-4d60e4ebd2fe,One Direction,184666,62,0.0604,0.549,0.868,0.0,2.0,0.137,-4.319,1.0,0.0614,171.96,0.755,D Mayor,2.0
9835beeb-d0c0-4ad3-8077-86640254fb64,Back For You,ddf6dd5c-f243-43cb-a99c-7b3264c03a90,Take Me Home (Expanded Edition),2e5d58b5-0342-49b7-ac41-4d60e4ebd2fe,One Direction,178440,55,0.0194,0.569,0.911,0.0,2.0,0.0925,-2.705,1.0,0.0772,160.054,0.51,D Mayor,2.0
5373aad8-0971-4b18-a6d3-9a213589306b,Last First Kiss,ddf6dd5c-f243-43cb-a99c-7b3264c03a90,Take Me Home (Expanded Edition),2e5d58b5-0342-49b7-ac41-4d60e4ebd2fe,One Direction,203546,62,0.0445,0.538,0.819,0.0,4.0,0.215,-2.662,1.0,0.0435,82.085,0.478,E Mayor,4.0
1e4d51ab-54ea-49bf-a406-e5a6c9abdc77,Summer Love,ddf6dd5c-f243-43cb-a99c-7b3264c03a90,Take Me Home (Expanded Edition),2e5d58b5-0342-49b7-ac41-4d60e4ebd2fe,One Direction,208040,56,0.329,0.495,0.585,0.0,9.0,0.406,-5.49,1.0,0.0311,121.998,0.318,A Mayor,3.0
8af88df2-2049-4bce-a5f3-ffa9e6470dcd,Little Things,ddf6dd5c-f243-43cb-a99c-7b3264c03a90,Take Me Home (Expanded Edition),2e5d58b5-0342-49b7-ac41-4d60e4ebd2fe,One Direction,219040,71,0.811,0.709,0.22,0.0,7.0,0.175,-11.856,1.0,0.0327,110.076,0.53,G Mayor,1.0
20e8f2c7-5daf-4024-99c9-3c6297d363d3,Still The One,ddf6dd5c-f243-43cb-a99c-7b3264c03a90,Take Me Home (Expanded Edition),2e5d58b5-0342-49b7-ac41-4d60e4ebd2fe,One Direction,182133,58,0.0118,0.614,0.984,0.0,1.0,0.65,-2.419,0.0,0.0773,142.002,0.776,C# Menor,4.0
3c2bd14c-19bb-4b61-bfa4-ca4c88c95f56,Change My Mind,ddf6dd5c-f243-43cb-a99c-7b3264c03a90,Take Me Home (Expanded Edition),2e5d58b5-0342-49b7-ac41-4d60e4ebd2fe,One Direction,212893,57,0.0634,0.599,0.595,0.0,2.0,0.103,-5.316,1.0,0.0281,117.031,0.474,D Mayor,2.0
5b2ab5ef-9f9c-44c1-9368-1281caefc37c,Loved You First,ddf6dd5c-f243-43cb-a99c-7b3264c03a90,Take Me Home (Expanded Edition),2e5d58b5-0342-49b7-ac41-4d60e4ebd2fe,One Direction,184306,56,0.0543,0.697,0.894,0.0,2.0,0.631,-4.891,1.0,0.0599,124.016,0.795,D Mayor,2.0
a45f4cea-1d7b-49ce-aaca-562356cd86a8,"C'mon, C'mon",ddf6dd5c-f243-43cb-a99c-7b3264c03a90,Take Me Home (Expanded Edition),2e5d58b5-0342-49b7-ac41-4d60e4ebd2fe,One Direction,164680,61,0.015,0.638,0.942,0.0,5.0,0.31,-4.163,0.0,0.0857,142.896,0.745,F Menor,4.0
8372647d-09f3-4198-9866-ff944204b403,She's Not Afraid,ddf6dd5c-f243-43cb-a99c-7b3264c03a90,Take Me Home (Expanded Edition),2e5d58b5-0342-49b7-ac41-4d60e4ebd2fe,One Direction,190560,60,0.00891,0.489,0.917,0.0,8.0,0.184,-4.097,1.0,0.132,167.57,0.772,Ab Mayor,4.0
b2a8bddc-9c4c-4338-8729-b279f836c7b5,Heart Attack,ddf6dd5c-f243-43cb-a99c-7b3264c03a90,Take Me Home (Expanded Edition),2e5d58b5-0342-49b7-ac41-4d60e4ebd2fe,One Direction,176120,57,0.0164,0.44,0.824,0.0,9.0,0.0955,-4.859,1.0,0.073,99.039,0.652,A Mayor,3.0
7edb6afb-b6fc-490a-a7ce-c45613ad6244,Rock Me,ddf6dd5c-f243-43cb-a99c-7b3264c03a90,Take Me Home (Expanded Edition),2e5d58b5-0342-49b7-ac41-4d60e4ebd2fe,One Direction,200266,62,0.0261,0.506,0.909,0.0,8.0,0.155,-3.629,1.0,0.0528,168.021,0.814,Ab Mayor,4.0
ef4b743f-deae-4858-8d1d-50602515ea33,Kiss You,ddf6dd5c-f243-43cb-a99c-7b3264c03a90,Take Me Home (Expanded Edition),2e5d58b5-0342-49b7-ac41-4d60e4ebd2fe,One Direction,182866,70,0.0177,0.637,0.93,0.0,4.0,0.452,-2.632,1.0,0.0511,90.014,0.886,E Mayor,4.0
2a30448d-453b-4df2-98a9-8c8ef68ebf38,Nobody Compares,ddf6dd5c-f243-43cb-a99c-7b3264c03a90,Take Me Home (Expanded Edition),2e5d58b5-0342-49b7-ac41-4d60e4ebd2fe,One Direction,211626,58,0.00727,0.658,0.801,0.0,11.0,0.0448,-4.124,1.0,0.0334,124.008,0.879,B Mayor,5.0
bcc87a3f-237d-4015-8dca-ad66e5ec4ae4,Truly Madly Deeply,ddf6dd5c-f243-43cb-a99c-7b3264c03a90,Take Me Home (Expanded Edition),2e5d58b5-0342-49b7-ac41-4d60e4ebd2fe,One Direction,180066,56,0.54,0.672,0.388,0.0,0.0,0.223,-8.009,1.0,0.0315,113.051,0.552,C Mayor,0.0
12e1a5f8-b5bb-473c-aa35-615914715fd7,I Would,ddf6dd5c-f243-43cb-a99c-7b3264c03a90,Take Me Home (Expanded Edition),2e5d58b5-0342-49b7-ac41-4d60e4ebd2fe,One Direction,200920,61,0.00603,0.72,0.725,0.0,4.0,0.24,-5.996,1.0,0.0463,126.471,0.679,E Mayor,4.0
9b482b1a-a7cd-4be3-8a52-a3c49e9fb482,Over Again,ddf6dd5c-f243-43cb-a99c-7b3264c03a90,Take Me Home (Expanded Edition),2e5d58b5-0342-49b7-ac41-4d60e4ebd2fe,One Direction,182040,62,0.302,0.373,0.575,0.0,2.0,0.125,-6.862,1.0,0.0915,72.595,0.5,D Mayor,2.0
1d341262-1a76-4ff0-bc15-ed8bfc7fdc63,They Don't Know About Us,ddf6dd5c-f243-43cb-a99c-7b3264c03a90,Take Me Home (Expanded Edition),2e5d58b5-0342-49b7-ac41-4d60e4ebd2fe,One Direction,200400,71,0.126,0.514,0.727,0.0,0.0,0.0978,-6.131,1.0,0.0492,147.917,0.37,C Mayor,0.0
6ebcb16a-b5f0-476b-b5c2-33a80236c2ba,Live While We're Young,ddf6dd5c-f243-43cb-a99c-7b3264c03a90,Take Me Home (Expanded Edition),2e5d58b5-0342-49b7-ac41-4d60e4ebd2fe,One Direction,200213,71,0.0542,0.663,0.857,0.0,2.0,0.144,-2.16,1.0,0.0544,126.039,0.931,D Mayor,2.0
e6b12d2d-d635-4990-9a02-1016dc08280b,Magic,ddf6dd5c-f243-43cb-a99c-7b3264c03a90,Take Me Home (Expanded Edition),2e5d58b5-0342-49b7-ac41-4d60e4ebd2fe,One Direction,184000,59,0.0112,0.643,0.852,0.0,11.0,0.0749,-3.763,1.0,0.0427,134.024,0.863,B Mayor,5.0
35387df1-4630-437b-af3f-b7a8e530b3ef,Irresistible,ddf6dd5c-f243-43cb-a99c-7b3264c03a90,Take Me Home (Expanded Edition),2e5d58b5-0342-49b7-ac41-4d60e4ebd2fe,One Direction,236853,55,0.0346,0.536,0.488,0.0,7.0,0.113,-8.938,1.0,0.0244,87.986,0.263,G Mayor,1.0
ace72268-f182-4dec-8f7c-c38e7055a188,Gotta Be You,62a2f4e7-a4e6-46be-b8d5-e02ab6268eed,Up All Night,2e5d58b5-0342-49b7-ac41-4d60e4ebd2fe,One Direction,244840,0,0.258,0.548,0.68,0.0,8.0,0.0618,-2.816,1.0,0.0254,85.002,0.565,Ab Mayor,4.0
1c3d956f-3622-4044-84c4-a06dc08aa79c,Gotta Be You,22af27d6-8a20-407e-b750-5e63e697bb2a,Up All Night,2e5d58b5-0342-49b7-ac41-4d60e4ebd2fe,One Direction,244840,0,0.277,0.538,0.669,0.0,8.0,0.0496,-2.875,1.0,0.0255,84.994,0.543,Ab Mayor,4.0
